#pragma once
#include <cstdint>
#include <cstddef>
#include <string>
#include <vector>

namespace EmbeddedShaders {
    // batch.frag.spv (2500 bytes)
    alignas(4) inline const uint8_t g_spv_batch_frag_spv[] = {
        0x03,0x02,0x23,0x07,0x00,0x00,0x01,0x00,0x0B,0x00,0x0D,0x00,0x4F,0x00,0x00,0x00,
        0x00,0x00,0x00,0x00,0x11,0x00,0x02,0x00,0x01,0x00,0x00,0x00,0x0B,0x00,0x06,0x00,
        0x01,0x00,0x00,0x00,0x47,0x4C,0x53,0x4C,0x2E,0x73,0x74,0x64,0x2E,0x34,0x35,0x30,
        0x00,0x00,0x00,0x00,0x0E,0x00,0x03,0x00,0x00,0x00,0x00,0x00,0x01,0x00,0x00,0x00,
        0x0F,0x00,0x09,0x00,0x04,0x00,0x00,0x00,0x04,0x00,0x00,0x00,0x6D,0x61,0x69,0x6E,
        0x00,0x00,0x00,0x00,0x1D,0x00,0x00,0x00,0x21,0x00,0x00,0x00,0x2C,0x00,0x00,0x00,
        0x4D,0x00,0x00,0x00,0x10,0x00,0x03,0x00,0x04,0x00,0x00,0x00,0x07,0x00,0x00,0x00,
        0x03,0x00,0x03,0x00,0x02,0x00,0x00,0x00,0xC2,0x01,0x00,0x00,0x04,0x00,0x0A,0x00,
        0x47,0x4C,0x5F,0x47,0x4F,0x4F,0x47,0x4C,0x45,0x5F,0x63,0x70,0x70,0x5F,0x73,0x74,
        0x79,0x6C,0x65,0x5F,0x6C,0x69,0x6E,0x65,0x5F,0x64,0x69,0x72,0x65,0x63,0x74,0x69,
        0x76,0x65,0x00,0x00,0x04,0x00,0x08,0x00,0x47,0x4C,0x5F,0x47,0x4F,0x4F,0x47,0x4C,
        0x45,0x5F,0x69,0x6E,0x63,0x6C,0x75,0x64,0x65,0x5F,0x64,0x69,0x72,0x65,0x63,0x74,
        0x69,0x76,0x65,0x00,0x05,0x00,0x04,0x00,0x04,0x00,0x00,0x00,0x6D,0x61,0x69,0x6E,
        0x00,0x00,0x00,0x00,0x05,0x00,0x06,0x00,0x08,0x00,0x00,0x00,0x46,0x72,0x61,0x67,
        0x55,0x6E,0x69,0x66,0x6F,0x72,0x6D,0x73,0x00,0x00,0x00,0x00,0x06,0x00,0x06,0x00,
        0x08,0x00,0x00,0x00,0x00,0x00,0x00,0x00,0x75,0x55,0x73,0x65,0x54,0x65,0x78,0x74,
        0x75,0x72,0x65,0x00,0x06,0x00,0x08,0x00,0x08,0x00,0x00,0x00,0x01,0x00,0x00,0x00,
        0x75,0x41,0x6C,0x70,0x68,0x61,0x54,0x65,0x73,0x74,0x54,0x68,0x72,0x65,0x73,0x68,
        0x6F,0x6C,0x64,0x00,0x06,0x00,0x05,0x00,0x08,0x00,0x00,0x00,0x02,0x00,0x00,0x00,
        0x5F,0x70,0x61,0x64,0x5F,0x61,0x00,0x00,0x06,0x00,0x05,0x00,0x08,0x00,0x00,0x00,
        0x03,0x00,0x00,0x00,0x5F,0x70,0x61,0x64,0x5F,0x62,0x00,0x00,0x05,0x00,0x03,0x00,
        0x0A,0x00,0x00,0x00,0x00,0x00,0x00,0x00,0x05,0x00,0x05,0x00,0x15,0x00,0x00,0x00,
        0x74,0x65,0x78,0x43,0x6F,0x6C,0x6F,0x72,0x00,0x00,0x00,0x00,0x05,0x00,0x04,0x00,
        0x19,0x00,0x00,0x00,0x75,0x54,0x65,0x78,0x00,0x00,0x00,0x00,0x05,0x00,0x03,0x00,
        0x1D,0x00,0x00,0x00,0x76,0x55,0x56,0x00,0x05,0x00,0x05,0x00,0x21,0x00,0x00,0x00,
        0x76,0x43,0x75,0x73,0x74,0x6F,0x6D,0x54,0x69,0x6E,0x74,0x00,0x05,0x00,0x04,0x00,
        0x27,0x00,0x00,0x00,0x72,0x65,0x73,0x75,0x6C,0x74,0x00,0x00,0x05,0x00,0x04,0x00,
        0x2C,0x00,0x00,0x00,0x76,0x43,0x6F,0x6C,0x6F,0x72,0x00,0x00,0x05,0x00,0x05,0x00,
        0x4D,0x00,0x00,0x00,0x46,0x72,0x61,0x67,0x43,0x6F,0x6C,0x6F,0x72,0x00,0x00,0x00,
        0x47,0x00,0x03,0x00,0x08,0x00,0x00,0x00,0x02,0x00,0x00,0x00,0x48,0x00,0x04,0x00,
        0x08,0x00,0x00,0x00,0x00,0x00,0x00,0x00,0x00,0x00,0x00,0x00,0x48,0x00,0x05,0x00,
        0x08,0x00,0x00,0x00,0x00,0x00,0x00,0x00,0x23,0x00,0x00,0x00,0x00,0x00,0x00,0x00,
        0x48,0x00,0x04,0x00,0x08,0x00,0x00,0x00,0x01,0x00,0x00,0x00,0x00,0x00,0x00,0x00,
        0x48,0x00,0x05,0x00,0x08,0x00,0x00,0x00,0x01,0x00,0x00,0x00,0x23,0x00,0x00,0x00,
        0x04,0x00,0x00,0x00,0x48,0x00,0x04,0x00,0x08,0x00,0x00,0x00,0x02,0x00,0x00,0x00,
        0x00,0x00,0x00,0x00,0x48,0x00,0x05,0x00,0x08,0x00,0x00,0x00,0x02,0x00,0x00,0x00,
        0x23,0x00,0x00,0x00,0x08,0x00,0x00,0x00,0x48,0x00,0x04,0x00,0x08,0x00,0x00,0x00,
        0x03,0x00,0x00,0x00,0x00,0x00,0x00,0x00,0x48,0x00,0x05,0x00,0x08,0x00,0x00,0x00,
        0x03,0x00,0x00,0x00,0x23,0x00,0x00,0x00,0x0C,0x00,0x00,0x00,0x47,0x00,0x04,0x00,
        0x0A,0x00,0x00,0x00,0x21,0x00,0x00,0x00,0x00,0x00,0x00,0x00,0x47,0x00,0x04,0x00,
        0x0A,0x00,0x00,0x00,0x22,0x00,0x00,0x00,0x03,0x00,0x00,0x00,0x47,0x00,0x03,0x00,
        0x0E,0x00,0x00,0x00,0x00,0x00,0x00,0x00,0x47,0x00,0x03,0x00,0x15,0x00,0x00,0x00,
        0x00,0x00,0x00,0x00,0x47,0x00,0x04,0x00,0x19,0x00,0x00,0x00,0x21,0x00,0x00,0x00,
        0x00,0x00,0x00,0x00,0x47,0x00,0x04,0x00,0x19,0x00,0x00,0x00,0x22,0x00,0x00,0x00,
        0x02,0x00,0x00,0x00,0x47,0x00,0x04,0x00,0x1D,0x00,0x00,0x00,0x1E,0x00,0x00,0x00,
        0x00,0x00,0x00,0x00,0x47,0x00,0x03,0x00,0x21,0x00,0x00,0x00,0x00,0x00,0x00,0x00,
        0x47,0x00,0x04,0x00,0x21,0x00,0x00,0x00,0x1E,0x00,0x00,0x00,0x02,0x00,0x00,0x00,
        0x47,0x00,0x03,0x00,0x22,0x00,0x00,0x00,0x00,0x00,0x00,0x00,0x47,0x00,0x03,0x00,
        0x27,0x00,0x00,0x00,0x00,0x00,0x00,0x00,0x47,0x00,0x03,0x00,0x29,0x00,0x00,0x00,
        0x00,0x00,0x00,0x00,0x47,0x00,0x03,0x00,0x2A,0x00,0x00,0x00,0x00,0x00,0x00,0x00,
        0x47,0x00,0x03,0x00,0x2C,0x00,0x00,0x00,0x00,0x00,0x00,0x00,0x47,0x00,0x04,0x00,
        0x2C,0x00,0x00,0x00,0x1E,0x00,0x00,0x00,0x01,0x00,0x00,0x00,0x47,0x00,0x03,0x00,
        0x2D,0x00,0x00,0x00,0x00,0x00,0x00,0x00,0x47,0x00,0x03,0x00,0x2E,0x00,0x00,0x00,
        0x00,0x00,0x00,0x00,0x47,0x00,0x03,0x00,0x2F,0x00,0x00,0x00,0x00,0x00,0x00,0x00,
        0x47,0x00,0x03,0x00,0x34,0x00,0x00,0x00,0x00,0x00,0x00,0x00,0x47,0x00,0x03,0x00,
        0x36,0x00,0x00,0x00,0x00,0x00,0x00,0x00,0x47,0x00,0x03,0x00,0x37,0x00,0x00,0x00,
        0x00,0x00,0x00,0x00,0x47,0x00,0x03,0x00,0x38,0x00,0x00,0x00,0x00,0x00,0x00,0x00,
        0x47,0x00,0x03,0x00,0x39,0x00,0x00,0x00,0x00,0x00,0x00,0x00,0x47,0x00,0x03,0x00,
        0x3A,0x00,0x00,0x00,0x00,0x00,0x00,0x00,0x47,0x00,0x03,0x00,0x3B,0x00,0x00,0x00,
        0x00,0x00,0x00,0x00,0x47,0x00,0x03,0x00,0x3D,0x00,0x00,0x00,0x00,0x00,0x00,0x00,
        0x47,0x00,0x03,0x00,0x3E,0x00,0x00,0x00,0x00,0x00,0x00,0x00,0x47,0x00,0x03,0x00,
        0x3F,0x00,0x00,0x00,0x00,0x00,0x00,0x00,0x47,0x00,0x03,0x00,0x41,0x00,0x00,0x00,
        0x00,0x00,0x00,0x00,0x47,0x00,0x03,0x00,0x43,0x00,0x00,0x00,0x00,0x00,0x00,0x00,
        0x47,0x00,0x03,0x00,0x47,0x00,0x00,0x00,0x00,0x00,0x00,0x00,0x47,0x00,0x03,0x00,
        0x4D,0x00,0x00,0x00,0x00,0x00,0x00,0x00,0x47,0x00,0x04,0x00,0x4D,0x00,0x00,0x00,
        0x1E,0x00,0x00,0x00,0x00,0x00,0x00,0x00,0x47,0x00,0x03,0x00,0x4E,0x00,0x00,0x00,
        0x00,0x00,0x00,0x00,0x13,0x00,0x02,0x00,0x02,0x00,0x00,0x00,0x21,0x00,0x03,0x00,
        0x03,0x00,0x00,0x00,0x02,0x00,0x00,0x00,0x15,0x00,0x04,0x00,0x06,0x00,0x00,0x00,
        0x20,0x00,0x00,0x00,0x01,0x00,0x00,0x00,0x16,0x00,0x03,0x00,0x07,0x00,0x00,0x00,
        0x20,0x00,0x00,0x00,0x1E,0x00,0x06,0x00,0x08,0x00,0x00,0x00,0x06,0x00,0x00,0x00,
        0x07,0x00,0x00,0x00,0x07,0x00,0x00,0x00,0x07,0x00,0x00,0x00,0x20,0x00,0x04,0x00,
        0x09,0x00,0x00,0x00,0x02,0x00,0x00,0x00,0x08,0x00,0x00,0x00,0x3B,0x00,0x04,0x00,
        0x09,0x00,0x00,0x00,0x0A,0x00,0x00,0x00,0x02,0x00,0x00,0x00,0x2B,0x00,0x04,0x00,
        0x06,0x00,0x00,0x00,0x0B,0x00,0x00,0x00,0x00,0x00,0x00,0x00,0x20,0x00,0x04,0x00,
        0x0C,0x00,0x00,0x00,0x02,0x00,0x00,0x00,0x06,0x00,0x00,0x00,0x14,0x00,0x02,0x00,
        0x0F,0x00,0x00,0x00,0x17,0x00,0x04,0x00,0x13,0x00,0x00,0x00,0x07,0x00,0x00,0x00,
        0x04,0x00,0x00,0x00,0x20,0x00,0x04,0x00,0x14,0x00,0x00,0x00,0x07,0x00,0x00,0x00,
        0x13,0x00,0x00,0x00,0x19,0x00,0x09,0x00,0x16,0x00,0x00,0x00,0x07,0x00,0x00,0x00,
        0x01,0x00,0x00,0x00,0x00,0x00,0x00,0x00,0x00,0x00,0x00,0x00,0x00,0x00,0x00,0x00,
        0x01,0x00,0x00,0x00,0x00,0x00,0x00,0x00,0x1B,0x00,0x03,0x00,0x17,0x00,0x00,0x00,
        0x16,0x00,0x00,0x00,0x20,0x00,0x04,0x00,0x18,0x00,0x00,0x00,0x00,0x00,0x00,0x00,
        0x17,0x00,0x00,0x00,0x3B,0x00,0x04,0x00,0x18,0x00,0x00,0x00,0x19,0x00,0x00,0x00,
        0x00,0x00,0x00,0x00,0x17,0x00,0x04,0x00,0x1B,0x00,0x00,0x00,0x07,0x00,0x00,0x00,
        0x02,0x00,0x00,0x00,0x20,0x00,0x04,0x00,0x1C,0x00,0x00,0x00,0x01,0x00,0x00,0x00,
        0x1B,0x00,0x00,0x00,0x3B,0x00,0x04,0x00,0x1C,0x00,0x00,0x00,0x1D,0x00,0x00,0x00,
        0x01,0x00,0x00,0x00,0x20,0x00,0x04,0x00,0x20,0x00,0x00,0x00,0x01,0x00,0x00,0x00,
        0x07,0x00,0x00,0x00,0x3B,0x00,0x04,0x00,0x20,0x00,0x00,0x00,0x21,0x00,0x00,0x00,
        0x01,0x00,0x00,0x00,0x2B,0x00,0x04,0x00,0x07,0x00,0x00,0x00,0x23,0x00,0x00,0x00,
        0x00,0x00,0x00,0x3F,0x17,0x00,0x04,0x00,0x28,0x00,0x00,0x00,0x07,0x00,0x00,0x00,
        0x03,0x00,0x00,0x00,0x20,0x00,0x04,0x00,0x2B,0x00,0x00,0x00,0x01,0x00,0x00,0x00,
        0x13,0x00,0x00,0x00,0x3B,0x00,0x04,0x00,0x2B,0x00,0x00,0x00,0x2C,0x00,0x00,0x00,
        0x01,0x00,0x00,0x00,0x15,0x00,0x04,0x00,0x30,0x00,0x00,0x00,0x20,0x00,0x00,0x00,
        0x00,0x00,0x00,0x00,0x2B,0x00,0x04,0x00,0x30,0x00,0x00,0x00,0x31,0x00,0x00,0x00,
        0x03,0x00,0x00,0x00,0x20,0x00,0x04,0x00,0x32,0x00,0x00,0x00,0x07,0x00,0x00,0x00,
        0x07,0x00,0x00,0x00,0x2B,0x00,0x04,0x00,0x06,0x00,0x00,0x00,0x44,0x00,0x00,0x00,
        0x01,0x00,0x00,0x00,0x20,0x00,0x04,0x00,0x45,0x00,0x00,0x00,0x02,0x00,0x00,0x00,
        0x07,0x00,0x00,0x00,0x20,0x00,0x04,0x00,0x4C,0x00,0x00,0x00,0x03,0x00,0x00,0x00,
        0x13,0x00,0x00,0x00,0x3B,0x00,0x04,0x00,0x4C,0x00,0x00,0x00,0x4D,0x00,0x00,0x00,
        0x03,0x00,0x00,0x00,0x36,0x00,0x05,0x00,0x02,0x00,0x00,0x00,0x04,0x00,0x00,0x00,
        0x00,0x00,0x00,0x00,0x03,0x00,0x00,0x00,0xF8,0x00,0x02,0x00,0x05,0x00,0x00,0x00,
        0x3B,0x00,0x04,0x00,0x14,0x00,0x00,0x00,0x15,0x00,0x00,0x00,0x07,0x00,0x00,0x00,
        0x3B,0x00,0x04,0x00,0x14,0x00,0x00,0x00,0x27,0x00,0x00,0x00,0x07,0x00,0x00,0x00,
        0x41,0x00,0x05,0x00,0x0C,0x00,0x00,0x00,0x0D,0x00,0x00,0x00,0x0A,0x00,0x00,0x00,
        0x0B,0x00,0x00,0x00,0x3D,0x00,0x04,0x00,0x06,0x00,0x00,0x00,0x0E,0x00,0x00,0x00,
        0x0D,0x00,0x00,0x00,0xAB,0x00,0x05,0x00,0x0F,0x00,0x00,0x00,0x10,0x00,0x00,0x00,
        0x0E,0x00,0x00,0x00,0x0B,0x00,0x00,0x00,0xF7,0x00,0x03,0x00,0x12,0x00,0x00,0x00,
        0x00,0x00,0x00,0x00,0xFA,0x00,0x04,0x00,0x10,0x00,0x00,0x00,0x11,0x00,0x00,0x00,
        0x40,0x00,0x00,0x00,0xF8,0x00,0x02,0x00,0x11,0x00,0x00,0x00,0x3D,0x00,0x04,0x00,
        0x17,0x00,0x00,0x00,0x1A,0x00,0x00,0x00,0x19,0x00,0x00,0x00,0x3D,0x00,0x04,0x00,
        0x1B,0x00,0x00,0x00,0x1E,0x00,0x00,0x00,0x1D,0x00,0x00,0x00,0x57,0x00,0x05,0x00,
        0x13,0x00,0x00,0x00,0x1F,0x00,0x00,0x00,0x1A,0x00,0x00,0x00,0x1E,0x00,0x00,0x00,
        0x3E,0x00,0x03,0x00,0x15,0x00,0x00,0x00,0x1F,0x00,0x00,0x00,0x3D,0x00,0x04,0x00,
        0x07,0x00,0x00,0x00,0x22,0x00,0x00,0x00,0x21,0x00,0x00,0x00,0xBA,0x00,0x05,0x00,
        0x0F,0x00,0x00,0x00,0x24,0x00,0x00,0x00,0x22,0x00,0x00,0x00,0x23,0x00,0x00,0x00,
        0xF7,0x00,0x03,0x00,0x26,0x00,0x00,0x00,0x00,0x00,0x00,0x00,0xFA,0x00,0x04,0x00,
        0x24,0x00,0x00,0x00,0x25,0x00,0x00,0x00,0x3C,0x00,0x00,0x00,0xF8,0x00,0x02,0x00,
        0x25,0x00,0x00,0x00,0x3D,0x00,0x04,0x00,0x13,0x00,0x00,0x00,0x29,0x00,0x00,0x00,
        0x15,0x00,0x00,0x00,0x4F,0x00,0x08,0x00,0x28,0x00,0x00,0x00,0x2A,0x00,0x00,0x00,
        0x29,0x00,0x00,0x00,0x29,0x00,0x00,0x00,0x00,0x00,0x00,0x00,0x01,0x00,0x00,0x00,
        0x02,0x00,0x00,0x00,0x3D,0x00,0x04,0x00,0x13,0x00,0x00,0x00,0x2D,0x00,0x00,0x00,
        0x2C,0x00,0x00,0x00,0x4F,0x00,0x08,0x00,0x28,0x00,0x00,0x00,0x2E,0x00,0x00,0x00,
        0x2D,0x00,0x00,0x00,0x2D,0x00,0x00,0x00,0x00,0x00,0x00,0x00,0x01,0x00,0x00,0x00,
        0x02,0x00,0x00,0x00,0x85,0x00,0x05,0x00,0x28,0x00,0x00,0x00,0x2F,0x00,0x00,0x00,
        0x2A,0x00,0x00,0x00,0x2E,0x00,0x00,0x00,0x41,0x00,0x05,0x00,0x32,0x00,0x00,0x00,
        0x33,0x00,0x00,0x00,0x15,0x00,0x00,0x00,0x31,0x00,0x00,0x00,0x3D,0x00,0x04,0x00,
        0x07,0x00,0x00,0x00,0x34,0x00,0x00,0x00,0x33,0x00,0x00,0x00,0x41,0x00,0x05,0x00,
        0x20,0x00,0x00,0x00,0x35,0x00,0x00,0x00,0x2C,0x00,0x00,0x00,0x31,0x00,0x00,0x00,
        0x3D,0x00,0x04,0x00,0x07,0x00,0x00,0x00,0x36,0x00,0x00,0x00,0x35,0x00,0x00,0x00,
        0x85,0x00,0x05,0x00,0x07,0x00,0x00,0x00,0x37,0x00,0x00,0x00,0x34,0x00,0x00,0x00,
        0x36,0x00,0x00,0x00,0x51,0x00,0x05,0x00,0x07,0x00,0x00,0x00,0x38,0x00,0x00,0x00,
        0x2F,0x00,0x00,0x00,0x00,0x00,0x00,0x00,0x51,0x00,0x05,0x00,0x07,0x00,0x00,0x00,
        0x39,0x00,0x00,0x00,0x2F,0x00,0x00,0x00,0x01,0x00,0x00,0x00,0x51,0x00,0x05,0x00,
        0x07,0x00,0x00,0x00,0x3A,0x00,0x00,0x00,0x2F,0x00,0x00,0x00,0x02,0x00,0x00,0x00,
        0x50,0x00,0x07,0x00,0x13,0x00,0x00,0x00,0x3B,0x00,0x00,0x00,0x38,0x00,0x00,0x00,
        0x39,0x00,0x00,0x00,0x3A,0x00,0x00,0x00,0x37,0x00,0x00,0x00,0x3E,0x00,0x03,0x00,
        0x27,0x00,0x00,0x00,0x3B,0x00,0x00,0x00,0xF9,0x00,0x02,0x00,0x26,0x00,0x00,0x00,
        0xF8,0x00,0x02,0x00,0x3C,0x00,0x00,0x00,0x3D,0x00,0x04,0x00,0x13,0x00,0x00,0x00,
        0x3D,0x00,0x00,0x00,0x15,0x00,0x00,0x00,0x3D,0x00,0x04,0x00,0x13,0x00,0x00,0x00,
        0x3E,0x00,0x00,0x00,0x2C,0x00,0x00,0x00,0x85,0x00,0x05,0x00,0x13,0x00,0x00,0x00,
        0x3F,0x00,0x00,0x00,0x3D,0x00,0x00,0x00,0x3E,0x00,0x00,0x00,0x3E,0x00,0x03,0x00,
        0x27,0x00,0x00,0x00,0x3F,0x00,0x00,0x00,0xF9,0x00,0x02,0x00,0x26,0x00,0x00,0x00,
        0xF8,0x00,0x02,0x00,0x26,0x00,0x00,0x00,0xF9,0x00,0x02,0x00,0x12,0x00,0x00,0x00,
        0xF8,0x00,0x02,0x00,0x40,0x00,0x00,0x00,0x3D,0x00,0x04,0x00,0x13,0x00,0x00,0x00,
        0x41,0x00,0x00,0x00,0x2C,0x00,0x00,0x00,0x3E,0x00,0x03,0x00,0x27,0x00,0x00,0x00,
        0x41,0x00,0x00,0x00,0xF9,0x00,0x02,0x00,0x12,0x00,0x00,0x00,0xF8,0x00,0x02,0x00,
        0x12,0x00,0x00,0x00,0x41,0x00,0x05,0x00,0x32,0x00,0x00,0x00,0x42,0x00,0x00,0x00,
        0x27,0x00,0x00,0x00,0x31,0x00,0x00,0x00,0x3D,0x00,0x04,0x00,0x07,0x00,0x00,0x00,
        0x43,0x00,0x00,0x00,0x42,0x00,0x00,0x00,0x41,0x00,0x05,0x00,0x45,0x00,0x00,0x00,
        0x46,0x00,0x00,0x00,0x0A,0x00,0x00,0x00,0x44,0x00,0x00,0x00,0x3D,0x00,0x04,0x00,
        0x07,0x00,0x00,0x00,0x47,0x00,0x00,0x00,0x46,0x00,0x00,0x00,0xB8,0x00,0x05,0x00,
        0x0F,0x00,0x00,0x00,0x48,0x00,0x00,0x00,0x43,0x00,0x00,0x00,0x47,0x00,0x00,0x00,
        0xF7,0x00,0x03,0x00,0x4A,0x00,0x00,0x00,0x00,0x00,0x00,0x00,0xFA,0x00,0x04,0x00,
        0x48,0x00,0x00,0x00,0x49,0x00,0x00,0x00,0x4A,0x00,0x00,0x00,0xF8,0x00,0x02,0x00,
        0x49,0x00,0x00,0x00,0xFC,0x00,0x01,0x00,0xF8,0x00,0x02,0x00,0x4A,0x00,0x00,0x00,
        0x3D,0x00,0x04,0x00,0x13,0x00,0x00,0x00,0x4E,0x00,0x00,0x00,0x27,0x00,0x00,0x00,
        0x3E,0x00,0x03,0x00,0x4D,0x00,0x00,0x00,0x4E,0x00,0x00,0x00,0xFD,0x00,0x01,0x00,
        0x38,0x00,0x01,0x00,
    };
    inline const size_t g_spv_batch_frag_spv_size = sizeof(g_spv_batch_frag_spv);

    // batch.vert.spv (2492 bytes)
    alignas(4) inline const uint8_t g_spv_batch_vert_spv[] = {
        0x03,0x02,0x23,0x07,0x00,0x00,0x01,0x00,0x0B,0x00,0x0D,0x00,0x4C,0x00,0x00,0x00,
        0x00,0x00,0x00,0x00,0x11,0x00,0x02,0x00,0x01,0x00,0x00,0x00,0x0B,0x00,0x06,0x00,
        0x01,0x00,0x00,0x00,0x47,0x4C,0x53,0x4C,0x2E,0x73,0x74,0x64,0x2E,0x34,0x35,0x30,
        0x00,0x00,0x00,0x00,0x0E,0x00,0x03,0x00,0x00,0x00,0x00,0x00,0x01,0x00,0x00,0x00,
        0x0F,0x00,0x0E,0x00,0x00,0x00,0x00,0x00,0x04,0x00,0x00,0x00,0x6D,0x61,0x69,0x6E,
        0x00,0x00,0x00,0x00,0x0D,0x00,0x00,0x00,0x24,0x00,0x00,0x00,0x2C,0x00,0x00,0x00,
        0x38,0x00,0x00,0x00,0x3A,0x00,0x00,0x00,0x3C,0x00,0x00,0x00,0x3E,0x00,0x00,0x00,
        0x41,0x00,0x00,0x00,0x42,0x00,0x00,0x00,0x03,0x00,0x03,0x00,0x02,0x00,0x00,0x00,
        0xC2,0x01,0x00,0x00,0x04,0x00,0x0A,0x00,0x47,0x4C,0x5F,0x47,0x4F,0x4F,0x47,0x4C,
        0x45,0x5F,0x63,0x70,0x70,0x5F,0x73,0x74,0x79,0x6C,0x65,0x5F,0x6C,0x69,0x6E,0x65,
        0x5F,0x64,0x69,0x72,0x65,0x63,0x74,0x69,0x76,0x65,0x00,0x00,0x04,0x00,0x08,0x00,
        0x47,0x4C,0x5F,0x47,0x4F,0x4F,0x47,0x4C,0x45,0x5F,0x69,0x6E,0x63,0x6C,0x75,0x64,
        0x65,0x5F,0x64,0x69,0x72,0x65,0x63,0x74,0x69,0x76,0x65,0x00,0x05,0x00,0x04,0x00,
        0x04,0x00,0x00,0x00,0x6D,0x61,0x69,0x6E,0x00,0x00,0x00,0x00,0x05,0x00,0x06,0x00,
        0x0B,0x00,0x00,0x00,0x67,0x6C,0x5F,0x50,0x65,0x72,0x56,0x65,0x72,0x74,0x65,0x78,
        0x00,0x00,0x00,0x00,0x06,0x00,0x06,0x00,0x0B,0x00,0x00,0x00,0x00,0x00,0x00,0x00,
        0x67,0x6C,0x5F,0x50,0x6F,0x73,0x69,0x74,0x69,0x6F,0x6E,0x00,0x06,0x00,0x07,0x00,
        0x0B,0x00,0x00,0x00,0x01,0x00,0x00,0x00,0x67,0x6C,0x5F,0x50,0x6F,0x69,0x6E,0x74,
        0x53,0x69,0x7A,0x65,0x00,0x00,0x00,0x00,0x06,0x00,0x07,0x00,0x0B,0x00,0x00,0x00,
        0x02,0x00,0x00,0x00,0x67,0x6C,0x5F,0x43,0x6C,0x69,0x70,0x44,0x69,0x73,0x74,0x61,
        0x6E,0x63,0x65,0x00,0x06,0x00,0x07,0x00,0x0B,0x00,0x00,0x00,0x03,0x00,0x00,0x00,
        0x67,0x6C,0x5F,0x43,0x75,0x6C,0x6C,0x44,0x69,0x73,0x74,0x61,0x6E,0x63,0x65,0x00,
        0x05,0x00,0x03,0x00,0x0D,0x00,0x00,0x00,0x00,0x00,0x00,0x00,0x05,0x00,0x06,0x00,
        0x11,0x00,0x00,0x00,0x56,0x65,0x72,0x74,0x55,0x6E,0x69,0x66,0x6F,0x72,0x6D,0x73,
        0x00,0x00,0x00,0x00,0x06,0x00,0x06,0x00,0x11,0x00,0x00,0x00,0x00,0x00,0x00,0x00,
        0x75,0x50,0x72,0x6F,0x6A,0x4D,0x61,0x74,0x72,0x69,0x78,0x00,0x06,0x00,0x06,0x00,
        0x11,0x00,0x00,0x00,0x01,0x00,0x00,0x00,0x75,0x56,0x69,0x65,0x77,0x4D,0x61,0x74,
        0x72,0x69,0x78,0x00,0x06,0x00,0x06,0x00,0x11,0x00,0x00,0x00,0x02,0x00,0x00,0x00,
        0x75,0x4D,0x6F,0x64,0x65,0x6C,0x42,0x61,0x73,0x65,0x00,0x00,0x05,0x00,0x03,0x00,
        0x13,0x00,0x00,0x00,0x00,0x00,0x00,0x00,0x05,0x00,0x06,0x00,0x1C,0x00,0x00,0x00,
        0x4D,0x6F,0x64,0x65,0x6C,0x4D,0x61,0x74,0x72,0x69,0x63,0x65,0x73,0x00,0x00,0x00,
        0x06,0x00,0x05,0x00,0x1C,0x00,0x00,0x00,0x00,0x00,0x00,0x00,0x75,0x4D,0x6F,0x64,
        0x65,0x6C,0x73,0x00,0x05,0x00,0x03,0x00,0x1E,0x00,0x00,0x00,0x00,0x00,0x00,0x00,
        0x05,0x00,0x05,0x00,0x24,0x00,0x00,0x00,0x61,0x4D,0x6F,0x64,0x65,0x6C,0x49,0x64,
        0x78,0x00,0x00,0x00,0x05,0x00,0x04,0x00,0x2C,0x00,0x00,0x00,0x61,0x50,0x6F,0x73,
        0x00,0x00,0x00,0x00,0x05,0x00,0x03,0x00,0x38,0x00,0x00,0x00,0x76,0x55,0x56,0x00,
        0x05,0x00,0x03,0x00,0x3A,0x00,0x00,0x00,0x61,0x55,0x56,0x00,0x05,0x00,0x04,0x00,
        0x3C,0x00,0x00,0x00,0x76,0x43,0x6F,0x6C,0x6F,0x72,0x00,0x00,0x05,0x00,0x04,0x00,
        0x3E,0x00,0x00,0x00,0x61,0x43,0x6F,0x6C,0x6F,0x72,0x00,0x00,0x05,0x00,0x05,0x00,
        0x41,0x00,0x00,0x00,0x76,0x43,0x75,0x73,0x74,0x6F,0x6D,0x54,0x69,0x6E,0x74,0x00,
        0x05,0x00,0x04,0x00,0x42,0x00,0x00,0x00,0x61,0x4E,0x6F,0x72,0x6D,0x61,0x6C,0x00,
        0x47,0x00,0x03,0x00,0x0B,0x00,0x00,0x00,0x02,0x00,0x00,0x00,0x48,0x00,0x05,0x00,
        0x0B,0x00,0x00,0x00,0x00,0x00,0x00,0x00,0x0B,0x00,0x00,0x00,0x00,0x00,0x00,0x00,
        0x48,0x00,0x05,0x00,0x0B,0x00,0x00,0x00,0x01,0x00,0x00,0x00,0x0B,0x00,0x00,0x00,
        0x01,0x00,0x00,0x00,0x48,0x00,0x05,0x00,0x0B,0x00,0x00,0x00,0x02,0x00,0x00,0x00,
        0x0B,0x00,0x00,0x00,0x03,0x00,0x00,0x00,0x48,0x00,0x05,0x00,0x0B,0x00,0x00,0x00,
        0x03,0x00,0x00,0x00,0x0B,0x00,0x00,0x00,0x04,0x00,0x00,0x00,0x47,0x00,0x03,0x00,
        0x11,0x00,0x00,0x00,0x02,0x00,0x00,0x00,0x48,0x00,0x04,0x00,0x11,0x00,0x00,0x00,
        0x00,0x00,0x00,0x00,0x05,0x00,0x00,0x00,0x48,0x00,0x05,0x00,0x11,0x00,0x00,0x00,
        0x00,0x00,0x00,0x00,0x07,0x00,0x00,0x00,0x10,0x00,0x00,0x00,0x48,0x00,0x05,0x00,
        0x11,0x00,0x00,0x00,0x00,0x00,0x00,0x00,0x23,0x00,0x00,0x00,0x00,0x00,0x00,0x00,
        0x48,0x00,0x04,0x00,0x11,0x00,0x00,0x00,0x01,0x00,0x00,0x00,0x05,0x00,0x00,0x00,
        0x48,0x00,0x05,0x00,0x11,0x00,0x00,0x00,0x01,0x00,0x00,0x00,0x07,0x00,0x00,0x00,
        0x10,0x00,0x00,0x00,0x48,0x00,0x05,0x00,0x11,0x00,0x00,0x00,0x01,0x00,0x00,0x00,
        0x23,0x00,0x00,0x00,0x40,0x00,0x00,0x00,0x48,0x00,0x05,0x00,0x11,0x00,0x00,0x00,
        0x02,0x00,0x00,0x00,0x23,0x00,0x00,0x00,0x80,0x00,0x00,0x00,0x47,0x00,0x04,0x00,
        0x13,0x00,0x00,0x00,0x21,0x00,0x00,0x00,0x00,0x00,0x00,0x00,0x47,0x00,0x04,0x00,
        0x13,0x00,0x00,0x00,0x22,0x00,0x00,0x00,0x01,0x00,0x00,0x00,0x47,0x00,0x04,0x00,
        0x1B,0x00,0x00,0x00,0x06,0x00,0x00,0x00,0x40,0x00,0x00,0x00,0x47,0x00,0x03,0x00,
        0x1C,0x00,0x00,0x00,0x03,0x00,0x00,0x00,0x48,0x00,0x04,0x00,0x1C,0x00,0x00,0x00,
        0x00,0x00,0x00,0x00,0x05,0x00,0x00,0x00,0x48,0x00,0x05,0x00,0x1C,0x00,0x00,0x00,
        0x00,0x00,0x00,0x00,0x07,0x00,0x00,0x00,0x10,0x00,0x00,0x00,0x48,0x00,0x04,0x00,
        0x1C,0x00,0x00,0x00,0x00,0x00,0x00,0x00,0x18,0x00,0x00,0x00,0x48,0x00,0x05,0x00,
        0x1C,0x00,0x00,0x00,0x00,0x00,0x00,0x00,0x23,0x00,0x00,0x00,0x00,0x00,0x00,0x00,
        0x47,0x00,0x03,0x00,0x1E,0x00,0x00,0x00,0x18,0x00,0x00,0x00,0x47,0x00,0x04,0x00,
        0x1E,0x00,0x00,0x00,0x21,0x00,0x00,0x00,0x00,0x00,0x00,0x00,0x47,0x00,0x04,0x00,
        0x1E,0x00,0x00,0x00,0x22,0x00,0x00,0x00,0x00,0x00,0x00,0x00,0x47,0x00,0x04,0x00,
        0x24,0x00,0x00,0x00,0x1E,0x00,0x00,0x00,0x04,0x00,0x00,0x00,0x47,0x00,0x04,0x00,
        0x2C,0x00,0x00,0x00,0x1E,0x00,0x00,0x00,0x00,0x00,0x00,0x00,0x47,0x00,0x04,0x00,
        0x38,0x00,0x00,0x00,0x1E,0x00,0x00,0x00,0x00,0x00,0x00,0x00,0x47,0x00,0x04,0x00,
        0x3A,0x00,0x00,0x00,0x1E,0x00,0x00,0x00,0x01,0x00,0x00,0x00,0x47,0x00,0x04,0x00,
        0x3C,0x00,0x00,0x00,0x1E,0x00,0x00,0x00,0x01,0x00,0x00,0x00,0x47,0x00,0x04,0x00,
        0x3E,0x00,0x00,0x00,0x1E,0x00,0x00,0x00,0x02,0x00,0x00,0x00,0x47,0x00,0x04,0x00,
        0x41,0x00,0x00,0x00,0x1E,0x00,0x00,0x00,0x02,0x00,0x00,0x00,0x47,0x00,0x04,0x00,
        0x42,0x00,0x00,0x00,0x1E,0x00,0x00,0x00,0x03,0x00,0x00,0x00,0x13,0x00,0x02,0x00,
        0x02,0x00,0x00,0x00,0x21,0x00,0x03,0x00,0x03,0x00,0x00,0x00,0x02,0x00,0x00,0x00,
        0x16,0x00,0x03,0x00,0x06,0x00,0x00,0x00,0x20,0x00,0x00,0x00,0x17,0x00,0x04,0x00,
        0x07,0x00,0x00,0x00,0x06,0x00,0x00,0x00,0x04,0x00,0x00,0x00,0x15,0x00,0x04,0x00,
        0x08,0x00,0x00,0x00,0x20,0x00,0x00,0x00,0x00,0x00,0x00,0x00,0x2B,0x00,0x04,0x00,
        0x08,0x00,0x00,0x00,0x09,0x00,0x00,0x00,0x01,0x00,0x00,0x00,0x1C,0x00,0x04,0x00,
        0x0A,0x00,0x00,0x00,0x06,0x00,0x00,0x00,0x09,0x00,0x00,0x00,0x1E,0x00,0x06,0x00,
        0x0B,0x00,0x00,0x00,0x07,0x00,0x00,0x00,0x06,0x00,0x00,0x00,0x0A,0x00,0x00,0x00,
        0x0A,0x00,0x00,0x00,0x20,0x00,0x04,0x00,0x0C,0x00,0x00,0x00,0x03,0x00,0x00,0x00,
        0x0B,0x00,0x00,0x00,0x3B,0x00,0x04,0x00,0x0C,0x00,0x00,0x00,0x0D,0x00,0x00,0x00,
        0x03,0x00,0x00,0x00,0x15,0x00,0x04,0x00,0x0E,0x00,0x00,0x00,0x20,0x00,0x00,0x00,
        0x01,0x00,0x00,0x00,0x2B,0x00,0x04,0x00,0x0E,0x00,0x00,0x00,0x0F,0x00,0x00,0x00,
        0x00,0x00,0x00,0x00,0x18,0x00,0x04,0x00,0x10,0x00,0x00,0x00,0x07,0x00,0x00,0x00,
        0x04,0x00,0x00,0x00,0x1E,0x00,0x05,0x00,0x11,0x00,0x00,0x00,0x10,0x00,0x00,0x00,
        0x10,0x00,0x00,0x00,0x08,0x00,0x00,0x00,0x20,0x00,0x04,0x00,0x12,0x00,0x00,0x00,
        0x02,0x00,0x00,0x00,0x11,0x00,0x00,0x00,0x3B,0x00,0x04,0x00,0x12,0x00,0x00,0x00,
        0x13,0x00,0x00,0x00,0x02,0x00,0x00,0x00,0x20,0x00,0x04,0x00,0x14,0x00,0x00,0x00,
        0x02,0x00,0x00,0x00,0x10,0x00,0x00,0x00,0x2B,0x00,0x04,0x00,0x0E,0x00,0x00,0x00,
        0x17,0x00,0x00,0x00,0x01,0x00,0x00,0x00,0x1D,0x00,0x03,0x00,0x1B,0x00,0x00,0x00,
        0x10,0x00,0x00,0x00,0x1E,0x00,0x03,0x00,0x1C,0x00,0x00,0x00,0x1B,0x00,0x00,0x00,
        0x20,0x00,0x04,0x00,0x1D,0x00,0x00,0x00,0x02,0x00,0x00,0x00,0x1C,0x00,0x00,0x00,
        0x3B,0x00,0x04,0x00,0x1D,0x00,0x00,0x00,0x1E,0x00,0x00,0x00,0x02,0x00,0x00,0x00,
        0x2B,0x00,0x04,0x00,0x0E,0x00,0x00,0x00,0x1F,0x00,0x00,0x00,0x02,0x00,0x00,0x00,
        0x20,0x00,0x04,0x00,0x20,0x00,0x00,0x00,0x02,0x00,0x00,0x00,0x08,0x00,0x00,0x00,
        0x20,0x00,0x04,0x00,0x23,0x00,0x00,0x00,0x01,0x00,0x00,0x00,0x08,0x00,0x00,0x00,
        0x3B,0x00,0x04,0x00,0x23,0x00,0x00,0x00,0x24,0x00,0x00,0x00,0x01,0x00,0x00,0x00,
        0x17,0x00,0x04,0x00,0x2A,0x00,0x00,0x00,0x06,0x00,0x00,0x00,0x03,0x00,0x00,0x00,
        0x20,0x00,0x04,0x00,0x2B,0x00,0x00,0x00,0x01,0x00,0x00,0x00,0x2A,0x00,0x00,0x00,
        0x3B,0x00,0x04,0x00,0x2B,0x00,0x00,0x00,0x2C,0x00,0x00,0x00,0x01,0x00,0x00,0x00,
        0x2B,0x00,0x04,0x00,0x06,0x00,0x00,0x00,0x2E,0x00,0x00,0x00,0x00,0x00,0x80,0x3F,
        0x20,0x00,0x04,0x00,0x34,0x00,0x00,0x00,0x03,0x00,0x00,0x00,0x07,0x00,0x00,0x00,
        0x17,0x00,0x04,0x00,0x36,0x00,0x00,0x00,0x06,0x00,0x00,0x00,0x02,0x00,0x00,0x00,
        0x20,0x00,0x04,0x00,0x37,0x00,0x00,0x00,0x03,0x00,0x00,0x00,0x36,0x00,0x00,0x00,
        0x3B,0x00,0x04,0x00,0x37,0x00,0x00,0x00,0x38,0x00,0x00,0x00,0x03,0x00,0x00,0x00,
        0x20,0x00,0x04,0x00,0x39,0x00,0x00,0x00,0x01,0x00,0x00,0x00,0x36,0x00,0x00,0x00,
        0x3B,0x00,0x04,0x00,0x39,0x00,0x00,0x00,0x3A,0x00,0x00,0x00,0x01,0x00,0x00,0x00,
        0x3B,0x00,0x04,0x00,0x34,0x00,0x00,0x00,0x3C,0x00,0x00,0x00,0x03,0x00,0x00,0x00,
        0x20,0x00,0x04,0x00,0x3D,0x00,0x00,0x00,0x01,0x00,0x00,0x00,0x07,0x00,0x00,0x00,
        0x3B,0x00,0x04,0x00,0x3D,0x00,0x00,0x00,0x3E,0x00,0x00,0x00,0x01,0x00,0x00,0x00,
        0x20,0x00,0x04,0x00,0x40,0x00,0x00,0x00,0x03,0x00,0x00,0x00,0x06,0x00,0x00,0x00,
        0x3B,0x00,0x04,0x00,0x40,0x00,0x00,0x00,0x41,0x00,0x00,0x00,0x03,0x00,0x00,0x00,
        0x3B,0x00,0x04,0x00,0x2B,0x00,0x00,0x00,0x42,0x00,0x00,0x00,0x01,0x00,0x00,0x00,
        0x2B,0x00,0x04,0x00,0x08,0x00,0x00,0x00,0x43,0x00,0x00,0x00,0x02,0x00,0x00,0x00,
        0x20,0x00,0x04,0x00,0x44,0x00,0x00,0x00,0x01,0x00,0x00,0x00,0x06,0x00,0x00,0x00,
        0x2B,0x00,0x04,0x00,0x06,0x00,0x00,0x00,0x47,0x00,0x00,0x00,0x00,0x00,0xC0,0x3F,
        0x14,0x00,0x02,0x00,0x48,0x00,0x00,0x00,0x2B,0x00,0x04,0x00,0x06,0x00,0x00,0x00,
        0x4A,0x00,0x00,0x00,0x00,0x00,0x00,0x00,0x36,0x00,0x05,0x00,0x02,0x00,0x00,0x00,
        0x04,0x00,0x00,0x00,0x00,0x00,0x00,0x00,0x03,0x00,0x00,0x00,0xF8,0x00,0x02,0x00,
        0x05,0x00,0x00,0x00,0x41,0x00,0x05,0x00,0x14,0x00,0x00,0x00,0x15,0x00,0x00,0x00,
        0x13,0x00,0x00,0x00,0x0F,0x00,0x00,0x00,0x3D,0x00,0x04,0x00,0x10,0x00,0x00,0x00,
        0x16,0x00,0x00,0x00,0x15,0x00,0x00,0x00,0x41,0x00,0x05,0x00,0x14,0x00,0x00,0x00,
        0x18,0x00,0x00,0x00,0x13,0x00,0x00,0x00,0x17,0x00,0x00,0x00,0x3D,0x00,0x04,0x00,
        0x10,0x00,0x00,0x00,0x19,0x00,0x00,0x00,0x18,0x00,0x00,0x00,0x92,0x00,0x05,0x00,
        0x10,0x00,0x00,0x00,0x1A,0x00,0x00,0x00,0x16,0x00,0x00,0x00,0x19,0x00,0x00,0x00,
        0x41,0x00,0x05,0x00,0x20,0x00,0x00,0x00,0x21,0x00,0x00,0x00,0x13,0x00,0x00,0x00,
        0x1F,0x00,0x00,0x00,0x3D,0x00,0x04,0x00,0x08,0x00,0x00,0x00,0x22,0x00,0x00,0x00,
        0x21,0x00,0x00,0x00,0x3D,0x00,0x04,0x00,0x08,0x00,0x00,0x00,0x25,0x00,0x00,0x00,
        0x24,0x00,0x00,0x00,0x80,0x00,0x05,0x00,0x08,0x00,0x00,0x00,0x26,0x00,0x00,0x00,
        0x22,0x00,0x00,0x00,0x25,0x00,0x00,0x00,0x41,0x00,0x06,0x00,0x14,0x00,0x00,0x00,
        0x27,0x00,0x00,0x00,0x1E,0x00,0x00,0x00,0x0F,0x00,0x00,0x00,0x26,0x00,0x00,0x00,
        0x3D,0x00,0x04,0x00,0x10,0x00,0x00,0x00,0x28,0x00,0x00,0x00,0x27,0x00,0x00,0x00,
        0x92,0x00,0x05,0x00,0x10,0x00,0x00,0x00,0x29,0x00,0x00,0x00,0x1A,0x00,0x00,0x00,
        0x28,0x00,0x00,0x00,0x3D,0x00,0x04,0x00,0x2A,0x00,0x00,0x00,0x2D,0x00,0x00,0x00,
        0x2C,0x00,0x00,0x00,0x51,0x00,0x05,0x00,0x06,0x00,0x00,0x00,0x2F,0x00,0x00,0x00,
        0x2D,0x00,0x00,0x00,0x00,0x00,0x00,0x00,0x51,0x00,0x05,0x00,0x06,0x00,0x00,0x00,
        0x30,0x00,0x00,0x00,0x2D,0x00,0x00,0x00,0x01,0x00,0x00,0x00,0x51,0x00,0x05,0x00,
        0x06,0x00,0x00,0x00,0x31,0x00,0x00,0x00,0x2D,0x00,0x00,0x00,0x02,0x00,0x00,0x00,
        0x50,0x00,0x07,0x00,0x07,0x00,0x00,0x00,0x32,0x00,0x00,0x00,0x2F,0x00,0x00,0x00,
        0x30,0x00,0x00,0x00,0x31,0x00,0x00,0x00,0x2E,0x00,0x00,0x00,0x91,0x00,0x05,0x00,
        0x07,0x00,0x00,0x00,0x33,0x00,0x00,0x00,0x29,0x00,0x00,0x00,0x32,0x00,0x00,0x00,
        0x41,0x00,0x05,0x00,0x34,0x00,0x00,0x00,0x35,0x00,0x00,0x00,0x0D,0x00,0x00,0x00,
        0x0F,0x00,0x00,0x00,0x3E,0x00,0x03,0x00,0x35,0x00,0x00,0x00,0x33,0x00,0x00,0x00,
        0x3D,0x00,0x04,0x00,0x36,0x00,0x00,0x00,0x3B,0x00,0x00,0x00,0x3A,0x00,0x00,0x00,
        0x3E,0x00,0x03,0x00,0x38,0x00,0x00,0x00,0x3B,0x00,0x00,0x00,0x3D,0x00,0x04,0x00,
        0x07,0x00,0x00,0x00,0x3F,0x00,0x00,0x00,0x3E,0x00,0x00,0x00,0x3E,0x00,0x03,0x00,
        0x3C,0x00,0x00,0x00,0x3F,0x00,0x00,0x00,0x41,0x00,0x05,0x00,0x44,0x00,0x00,0x00,
        0x45,0x00,0x00,0x00,0x42,0x00,0x00,0x00,0x43,0x00,0x00,0x00,0x3D,0x00,0x04,0x00,
        0x06,0x00,0x00,0x00,0x46,0x00,0x00,0x00,0x45,0x00,0x00,0x00,0xBA,0x00,0x05,0x00,
        0x48,0x00,0x00,0x00,0x49,0x00,0x00,0x00,0x46,0x00,0x00,0x00,0x47,0x00,0x00,0x00,
        0xA9,0x00,0x06,0x00,0x06,0x00,0x00,0x00,0x4B,0x00,0x00,0x00,0x49,0x00,0x00,0x00,
        0x2E,0x00,0x00,0x00,0x4A,0x00,0x00,0x00,0x3E,0x00,0x03,0x00,0x41,0x00,0x00,0x00,
        0x4B,0x00,0x00,0x00,0xFD,0x00,0x01,0x00,0x38,0x00,0x01,0x00,
    };
    inline const size_t g_spv_batch_vert_spv_size = sizeof(g_spv_batch_vert_spv);

    // cloth.comp.spv (6124 bytes)
    alignas(4) inline const uint8_t g_spv_cloth_comp_spv[] = {
        0x03,0x02,0x23,0x07,0x00,0x00,0x01,0x00,0x0B,0x00,0x0D,0x00,0xD1,0x00,0x00,0x00,
        0x00,0x00,0x00,0x00,0x11,0x00,0x02,0x00,0x01,0x00,0x00,0x00,0x0B,0x00,0x06,0x00,
        0x01,0x00,0x00,0x00,0x47,0x4C,0x53,0x4C,0x2E,0x73,0x74,0x64,0x2E,0x34,0x35,0x30,
        0x00,0x00,0x00,0x00,0x0E,0x00,0x03,0x00,0x00,0x00,0x00,0x00,0x01,0x00,0x00,0x00,
        0x0F,0x00,0x06,0x00,0x05,0x00,0x00,0x00,0x04,0x00,0x00,0x00,0x6D,0x61,0x69,0x6E,
        0x00,0x00,0x00,0x00,0x0B,0x00,0x00,0x00,0x10,0x00,0x06,0x00,0x04,0x00,0x00,0x00,
        0x11,0x00,0x00,0x00,0x40,0x00,0x00,0x00,0x01,0x00,0x00,0x00,0x01,0x00,0x00,0x00,
        0x03,0x00,0x03,0x00,0x02,0x00,0x00,0x00,0xC2,0x01,0x00,0x00,0x04,0x00,0x0A,0x00,
        0x47,0x4C,0x5F,0x47,0x4F,0x4F,0x47,0x4C,0x45,0x5F,0x63,0x70,0x70,0x5F,0x73,0x74,
        0x79,0x6C,0x65,0x5F,0x6C,0x69,0x6E,0x65,0x5F,0x64,0x69,0x72,0x65,0x63,0x74,0x69,
        0x76,0x65,0x00,0x00,0x04,0x00,0x08,0x00,0x47,0x4C,0x5F,0x47,0x4F,0x4F,0x47,0x4C,
        0x45,0x5F,0x69,0x6E,0x63,0x6C,0x75,0x64,0x65,0x5F,0x64,0x69,0x72,0x65,0x63,0x74,
        0x69,0x76,0x65,0x00,0x05,0x00,0x04,0x00,0x04,0x00,0x00,0x00,0x6D,0x61,0x69,0x6E,
        0x00,0x00,0x00,0x00,0x05,0x00,0x03,0x00,0x08,0x00,0x00,0x00,0x69,0x64,0x00,0x00,
        0x05,0x00,0x08,0x00,0x0B,0x00,0x00,0x00,0x67,0x6C,0x5F,0x47,0x6C,0x6F,0x62,0x61,
        0x6C,0x49,0x6E,0x76,0x6F,0x63,0x61,0x74,0x69,0x6F,0x6E,0x49,0x44,0x00,0x00,0x00,
        0x05,0x00,0x05,0x00,0x12,0x00,0x00,0x00,0x43,0x6C,0x6F,0x74,0x68,0x50,0x61,0x72,
        0x61,0x6D,0x73,0x00,0x06,0x00,0x07,0x00,0x12,0x00,0x00,0x00,0x00,0x00,0x00,0x00,
        0x6E,0x75,0x6D,0x50,0x61,0x72,0x74,0x69,0x63,0x6C,0x65,0x73,0x00,0x00,0x00,0x00,
        0x06,0x00,0x06,0x00,0x12,0x00,0x00,0x00,0x01,0x00,0x00,0x00,0x6E,0x75,0x6D,0x4C,
        0x69,0x6E,0x6B,0x73,0x00,0x00,0x00,0x00,0x06,0x00,0x06,0x00,0x12,0x00,0x00,0x00,
        0x02,0x00,0x00,0x00,0x6E,0x75,0x6D,0x53,0x70,0x68,0x65,0x72,0x65,0x73,0x00,0x00,
        0x06,0x00,0x06,0x00,0x12,0x00,0x00,0x00,0x03,0x00,0x00,0x00,0x73,0x75,0x62,0x53,
        0x74,0x65,0x70,0x73,0x00,0x00,0x00,0x00,0x06,0x00,0x05,0x00,0x12,0x00,0x00,0x00,
        0x04,0x00,0x00,0x00,0x66,0x54,0x69,0x6D,0x65,0x00,0x00,0x00,0x06,0x00,0x05,0x00,
        0x12,0x00,0x00,0x00,0x05,0x00,0x00,0x00,0x77,0x69,0x6E,0x64,0x58,0x00,0x00,0x00,
        0x06,0x00,0x05,0x00,0x12,0x00,0x00,0x00,0x06,0x00,0x00,0x00,0x77,0x69,0x6E,0x64,
        0x59,0x00,0x00,0x00,0x06,0x00,0x05,0x00,0x12,0x00,0x00,0x00,0x07,0x00,0x00,0x00,
        0x67,0x72,0x61,0x76,0x69,0x74,0x79,0x00,0x06,0x00,0x05,0x00,0x12,0x00,0x00,0x00,
        0x08,0x00,0x00,0x00,0x64,0x77,0x54,0x79,0x70,0x65,0x00,0x00,0x05,0x00,0x04,0x00,
        0x14,0x00,0x00,0x00,0x75,0x50,0x61,0x72,0x61,0x6D,0x73,0x00,0x05,0x00,0x06,0x00,
        0x20,0x00,0x00,0x00,0x43,0x6C,0x6F,0x74,0x68,0x50,0x61,0x72,0x74,0x69,0x63,0x6C,
        0x65,0x00,0x00,0x00,0x06,0x00,0x04,0x00,0x20,0x00,0x00,0x00,0x00,0x00,0x00,0x00,
        0x70,0x6F,0x73,0x00,0x06,0x00,0x04,0x00,0x20,0x00,0x00,0x00,0x01,0x00,0x00,0x00,
        0x76,0x65,0x6C,0x00,0x06,0x00,0x05,0x00,0x20,0x00,0x00,0x00,0x02,0x00,0x00,0x00,
        0x66,0x6F,0x72,0x63,0x65,0x00,0x00,0x00,0x06,0x00,0x05,0x00,0x20,0x00,0x00,0x00,
        0x03,0x00,0x00,0x00,0x6F,0x6E,0x65,0x54,0x69,0x6D,0x65,0x00,0x05,0x00,0x06,0x00,
        0x22,0x00,0x00,0x00,0x50,0x61,0x72,0x74,0x69,0x63,0x6C,0x65,0x42,0x75,0x66,0x66,
        0x65,0x72,0x00,0x00,0x06,0x00,0x06,0x00,0x22,0x00,0x00,0x00,0x00,0x00,0x00,0x00,
        0x70,0x61,0x72,0x74,0x69,0x63,0x6C,0x65,0x73,0x00,0x00,0x00,0x05,0x00,0x03,0x00,
        0x24,0x00,0x00,0x00,0x00,0x00,0x00,0x00,0x05,0x00,0x03,0x00,0x31,0x00,0x00,0x00,
        0x70,0x00,0x00,0x00,0x05,0x00,0x03,0x00,0x37,0x00,0x00,0x00,0x76,0x00,0x00,0x00,
        0x05,0x00,0x03,0x00,0x3D,0x00,0x00,0x00,0x66,0x00,0x00,0x00,0x05,0x00,0x03,0x00,
        0x44,0x00,0x00,0x00,0x64,0x74,0x00,0x00,0x05,0x00,0x04,0x00,0x49,0x00,0x00,0x00,
        0x69,0x6E,0x76,0x4D,0x61,0x73,0x73,0x00,0x05,0x00,0x03,0x00,0x73,0x00,0x00,0x00,
        0x73,0x00,0x00,0x00,0x05,0x00,0x04,0x00,0x7D,0x00,0x00,0x00,0x63,0x65,0x6E,0x74,
        0x65,0x72,0x00,0x00,0x05,0x00,0x06,0x00,0x7E,0x00,0x00,0x00,0x43,0x6C,0x6F,0x74,
        0x68,0x53,0x70,0x68,0x65,0x72,0x65,0x43,0x6F,0x6C,0x00,0x00,0x06,0x00,0x07,0x00,
        0x7E,0x00,0x00,0x00,0x00,0x00,0x00,0x00,0x63,0x65,0x6E,0x74,0x65,0x72,0x52,0x61,
        0x64,0x69,0x75,0x73,0x00,0x00,0x00,0x00,0x05,0x00,0x06,0x00,0x80,0x00,0x00,0x00,
        0x53,0x70,0x68,0x65,0x72,0x65,0x42,0x75,0x66,0x66,0x65,0x72,0x00,0x00,0x00,0x00,
        0x06,0x00,0x05,0x00,0x80,0x00,0x00,0x00,0x00,0x00,0x00,0x00,0x73,0x70,0x68,0x65,
        0x72,0x65,0x73,0x00,0x05,0x00,0x03,0x00,0x82,0x00,0x00,0x00,0x00,0x00,0x00,0x00,
        0x05,0x00,0x04,0x00,0x87,0x00,0x00,0x00,0x72,0x61,0x64,0x69,0x75,0x73,0x00,0x00,
        0x05,0x00,0x04,0x00,0x90,0x00,0x00,0x00,0x74,0x6F,0x56,0x65,0x72,0x74,0x00,0x00,
        0x05,0x00,0x04,0x00,0x94,0x00,0x00,0x00,0x64,0x69,0x73,0x74,0x00,0x00,0x00,0x00,
        0x05,0x00,0x04,0x00,0x9C,0x00,0x00,0x00,0x6E,0x6F,0x72,0x6D,0x00,0x00,0x00,0x00,
        0x05,0x00,0x05,0x00,0xCC,0x00,0x00,0x00,0x43,0x6C,0x6F,0x74,0x68,0x4C,0x69,0x6E,
        0x6B,0x00,0x00,0x00,0x06,0x00,0x04,0x00,0xCC,0x00,0x00,0x00,0x00,0x00,0x00,0x00,
        0x76,0x30,0x00,0x00,0x06,0x00,0x04,0x00,0xCC,0x00,0x00,0x00,0x01,0x00,0x00,0x00,
        0x76,0x31,0x00,0x00,0x06,0x00,0x05,0x00,0xCC,0x00,0x00,0x00,0x02,0x00,0x00,0x00,
        0x64,0x69,0x73,0x74,0x4D,0x69,0x6E,0x00,0x06,0x00,0x05,0x00,0xCC,0x00,0x00,0x00,
        0x03,0x00,0x00,0x00,0x64,0x69,0x73,0x74,0x4D,0x61,0x78,0x00,0x06,0x00,0x05,0x00,
        0xCC,0x00,0x00,0x00,0x04,0x00,0x00,0x00,0x73,0x74,0x79,0x6C,0x65,0x00,0x00,0x00,
        0x06,0x00,0x05,0x00,0xCC,0x00,0x00,0x00,0x05,0x00,0x00,0x00,0x70,0x61,0x64,0x30,
        0x00,0x00,0x00,0x00,0x06,0x00,0x05,0x00,0xCC,0x00,0x00,0x00,0x06,0x00,0x00,0x00,
        0x70,0x61,0x64,0x31,0x00,0x00,0x00,0x00,0x06,0x00,0x05,0x00,0xCC,0x00,0x00,0x00,
        0x07,0x00,0x00,0x00,0x70,0x61,0x64,0x32,0x00,0x00,0x00,0x00,0x05,0x00,0x05,0x00,
        0xCE,0x00,0x00,0x00,0x4C,0x69,0x6E,0x6B,0x42,0x75,0x66,0x66,0x65,0x72,0x00,0x00,
        0x06,0x00,0x05,0x00,0xCE,0x00,0x00,0x00,0x00,0x00,0x00,0x00,0x6C,0x69,0x6E,0x6B,
        0x73,0x00,0x00,0x00,0x05,0x00,0x03,0x00,0xD0,0x00,0x00,0x00,0x00,0x00,0x00,0x00,
        0x47,0x00,0x04,0x00,0x0B,0x00,0x00,0x00,0x0B,0x00,0x00,0x00,0x1C,0x00,0x00,0x00,
        0x47,0x00,0x03,0x00,0x12,0x00,0x00,0x00,0x02,0x00,0x00,0x00,0x48,0x00,0x05,0x00,
        0x12,0x00,0x00,0x00,0x00,0x00,0x00,0x00,0x23,0x00,0x00,0x00,0x00,0x00,0x00,0x00,
        0x48,0x00,0x05,0x00,0x12,0x00,0x00,0x00,0x01,0x00,0x00,0x00,0x23,0x00,0x00,0x00,
        0x04,0x00,0x00,0x00,0x48,0x00,0x05,0x00,0x12,0x00,0x00,0x00,0x02,0x00,0x00,0x00,
        0x23,0x00,0x00,0x00,0x08,0x00,0x00,0x00,0x48,0x00,0x05,0x00,0x12,0x00,0x00,0x00,
        0x03,0x00,0x00,0x00,0x23,0x00,0x00,0x00,0x0C,0x00,0x00,0x00,0x48,0x00,0x05,0x00,
        0x12,0x00,0x00,0x00,0x04,0x00,0x00,0x00,0x23,0x00,0x00,0x00,0x10,0x00,0x00,0x00,
        0x48,0x00,0x05,0x00,0x12,0x00,0x00,0x00,0x05,0x00,0x00,0x00,0x23,0x00,0x00,0x00,
        0x14,0x00,0x00,0x00,0x48,0x00,0x05,0x00,0x12,0x00,0x00,0x00,0x06,0x00,0x00,0x00,
        0x23,0x00,0x00,0x00,0x18,0x00,0x00,0x00,0x48,0x00,0x05,0x00,0x12,0x00,0x00,0x00,
        0x07,0x00,0x00,0x00,0x23,0x00,0x00,0x00,0x1C,0x00,0x00,0x00,0x48,0x00,0x05,0x00,
        0x12,0x00,0x00,0x00,0x08,0x00,0x00,0x00,0x23,0x00,0x00,0x00,0x20,0x00,0x00,0x00,
        0x48,0x00,0x05,0x00,0x20,0x00,0x00,0x00,0x00,0x00,0x00,0x00,0x23,0x00,0x00,0x00,
        0x00,0x00,0x00,0x00,0x48,0x00,0x05,0x00,0x20,0x00,0x00,0x00,0x01,0x00,0x00,0x00,
        0x23,0x00,0x00,0x00,0x10,0x00,0x00,0x00,0x48,0x00,0x05,0x00,0x20,0x00,0x00,0x00,
        0x02,0x00,0x00,0x00,0x23,0x00,0x00,0x00,0x20,0x00,0x00,0x00,0x48,0x00,0x05,0x00,
        0x20,0x00,0x00,0x00,0x03,0x00,0x00,0x00,0x23,0x00,0x00,0x00,0x30,0x00,0x00,0x00,
        0x47,0x00,0x04,0x00,0x21,0x00,0x00,0x00,0x06,0x00,0x00,0x00,0x40,0x00,0x00,0x00,
        0x47,0x00,0x03,0x00,0x22,0x00,0x00,0x00,0x03,0x00,0x00,0x00,0x48,0x00,0x05,0x00,
        0x22,0x00,0x00,0x00,0x00,0x00,0x00,0x00,0x23,0x00,0x00,0x00,0x00,0x00,0x00,0x00,
        0x47,0x00,0x04,0x00,0x24,0x00,0x00,0x00,0x21,0x00,0x00,0x00,0x00,0x00,0x00,0x00,
        0x47,0x00,0x04,0x00,0x24,0x00,0x00,0x00,0x22,0x00,0x00,0x00,0x00,0x00,0x00,0x00,
        0x48,0x00,0x05,0x00,0x7E,0x00,0x00,0x00,0x00,0x00,0x00,0x00,0x23,0x00,0x00,0x00,
        0x00,0x00,0x00,0x00,0x47,0x00,0x04,0x00,0x7F,0x00,0x00,0x00,0x06,0x00,0x00,0x00,
        0x10,0x00,0x00,0x00,0x47,0x00,0x03,0x00,0x80,0x00,0x00,0x00,0x03,0x00,0x00,0x00,
        0x48,0x00,0x04,0x00,0x80,0x00,0x00,0x00,0x00,0x00,0x00,0x00,0x18,0x00,0x00,0x00,
        0x48,0x00,0x05,0x00,0x80,0x00,0x00,0x00,0x00,0x00,0x00,0x00,0x23,0x00,0x00,0x00,
        0x00,0x00,0x00,0x00,0x47,0x00,0x03,0x00,0x82,0x00,0x00,0x00,0x18,0x00,0x00,0x00,
        0x47,0x00,0x04,0x00,0x82,0x00,0x00,0x00,0x21,0x00,0x00,0x00,0x02,0x00,0x00,0x00,
        0x47,0x00,0x04,0x00,0x82,0x00,0x00,0x00,0x22,0x00,0x00,0x00,0x00,0x00,0x00,0x00,
        0x47,0x00,0x04,0x00,0xCB,0x00,0x00,0x00,0x0B,0x00,0x00,0x00,0x19,0x00,0x00,0x00,
        0x48,0x00,0x05,0x00,0xCC,0x00,0x00,0x00,0x00,0x00,0x00,0x00,0x23,0x00,0x00,0x00,
        0x00,0x00,0x00,0x00,0x48,0x00,0x05,0x00,0xCC,0x00,0x00,0x00,0x01,0x00,0x00,0x00,
        0x23,0x00,0x00,0x00,0x04,0x00,0x00,0x00,0x48,0x00,0x05,0x00,0xCC,0x00,0x00,0x00,
        0x02,0x00,0x00,0x00,0x23,0x00,0x00,0x00,0x08,0x00,0x00,0x00,0x48,0x00,0x05,0x00,
        0xCC,0x00,0x00,0x00,0x03,0x00,0x00,0x00,0x23,0x00,0x00,0x00,0x0C,0x00,0x00,0x00,
        0x48,0x00,0x05,0x00,0xCC,0x00,0x00,0x00,0x04,0x00,0x00,0x00,0x23,0x00,0x00,0x00,
        0x10,0x00,0x00,0x00,0x48,0x00,0x05,0x00,0xCC,0x00,0x00,0x00,0x05,0x00,0x00,0x00,
        0x23,0x00,0x00,0x00,0x14,0x00,0x00,0x00,0x48,0x00,0x05,0x00,0xCC,0x00,0x00,0x00,
        0x06,0x00,0x00,0x00,0x23,0x00,0x00,0x00,0x18,0x00,0x00,0x00,0x48,0x00,0x05,0x00,
        0xCC,0x00,0x00,0x00,0x07,0x00,0x00,0x00,0x23,0x00,0x00,0x00,0x1C,0x00,0x00,0x00,
        0x47,0x00,0x04,0x00,0xCD,0x00,0x00,0x00,0x06,0x00,0x00,0x00,0x20,0x00,0x00,0x00,
        0x47,0x00,0x03,0x00,0xCE,0x00,0x00,0x00,0x03,0x00,0x00,0x00,0x48,0x00,0x04,0x00,
        0xCE,0x00,0x00,0x00,0x00,0x00,0x00,0x00,0x18,0x00,0x00,0x00,0x48,0x00,0x05,0x00,
        0xCE,0x00,0x00,0x00,0x00,0x00,0x00,0x00,0x23,0x00,0x00,0x00,0x00,0x00,0x00,0x00,
        0x47,0x00,0x03,0x00,0xD0,0x00,0x00,0x00,0x18,0x00,0x00,0x00,0x47,0x00,0x04,0x00,
        0xD0,0x00,0x00,0x00,0x21,0x00,0x00,0x00,0x01,0x00,0x00,0x00,0x47,0x00,0x04,0x00,
        0xD0,0x00,0x00,0x00,0x22,0x00,0x00,0x00,0x00,0x00,0x00,0x00,0x13,0x00,0x02,0x00,
        0x02,0x00,0x00,0x00,0x21,0x00,0x03,0x00,0x03,0x00,0x00,0x00,0x02,0x00,0x00,0x00,
        0x15,0x00,0x04,0x00,0x06,0x00,0x00,0x00,0x20,0x00,0x00,0x00,0x00,0x00,0x00,0x00,
        0x20,0x00,0x04,0x00,0x07,0x00,0x00,0x00,0x07,0x00,0x00,0x00,0x06,0x00,0x00,0x00,
        0x17,0x00,0x04,0x00,0x09,0x00,0x00,0x00,0x06,0x00,0x00,0x00,0x03,0x00,0x00,0x00,
        0x20,0x00,0x04,0x00,0x0A,0x00,0x00,0x00,0x01,0x00,0x00,0x00,0x09,0x00,0x00,0x00,
        0x3B,0x00,0x04,0x00,0x0A,0x00,0x00,0x00,0x0B,0x00,0x00,0x00,0x01,0x00,0x00,0x00,
        0x2B,0x00,0x04,0x00,0x06,0x00,0x00,0x00,0x0C,0x00,0x00,0x00,0x00,0x00,0x00,0x00,
        0x20,0x00,0x04,0x00,0x0D,0x00,0x00,0x00,0x01,0x00,0x00,0x00,0x06,0x00,0x00,0x00,
        0x16,0x00,0x03,0x00,0x11,0x00,0x00,0x00,0x20,0x00,0x00,0x00,0x1E,0x00,0x0B,0x00,
        0x12,0x00,0x00,0x00,0x06,0x00,0x00,0x00,0x06,0x00,0x00,0x00,0x06,0x00,0x00,0x00,
        0x06,0x00,0x00,0x00,0x11,0x00,0x00,0x00,0x11,0x00,0x00,0x00,0x11,0x00,0x00,0x00,
        0x11,0x00,0x00,0x00,0x06,0x00,0x00,0x00,0x20,0x00,0x04,0x00,0x13,0x00,0x00,0x00,
        0x09,0x00,0x00,0x00,0x12,0x00,0x00,0x00,0x3B,0x00,0x04,0x00,0x13,0x00,0x00,0x00,
        0x14,0x00,0x00,0x00,0x09,0x00,0x00,0x00,0x15,0x00,0x04,0x00,0x15,0x00,0x00,0x00,
        0x20,0x00,0x00,0x00,0x01,0x00,0x00,0x00,0x2B,0x00,0x04,0x00,0x15,0x00,0x00,0x00,
        0x16,0x00,0x00,0x00,0x00,0x00,0x00,0x00,0x20,0x00,0x04,0x00,0x17,0x00,0x00,0x00,
        0x09,0x00,0x00,0x00,0x06,0x00,0x00,0x00,0x14,0x00,0x02,0x00,0x1A,0x00,0x00,0x00,
        0x17,0x00,0x04,0x00,0x1F,0x00,0x00,0x00,0x11,0x00,0x00,0x00,0x04,0x00,0x00,0x00,
        0x1E,0x00,0x06,0x00,0x20,0x00,0x00,0x00,0x1F,0x00,0x00,0x00,0x1F,0x00,0x00,0x00,
        0x1F,0x00,0x00,0x00,0x1F,0x00,0x00,0x00,0x1D,0x00,0x03,0x00,0x21,0x00,0x00,0x00,
        0x20,0x00,0x00,0x00,0x1E,0x00,0x03,0x00,0x22,0x00,0x00,0x00,0x21,0x00,0x00,0x00,
        0x20,0x00,0x04,0x00,0x23,0x00,0x00,0x00,0x02,0x00,0x00,0x00,0x22,0x00,0x00,0x00,
        0x3B,0x00,0x04,0x00,0x23,0x00,0x00,0x00,0x24,0x00,0x00,0x00,0x02,0x00,0x00,0x00,
        0x2B,0x00,0x04,0x00,0x06,0x00,0x00,0x00,0x26,0x00,0x00,0x00,0x03,0x00,0x00,0x00,
        0x20,0x00,0x04,0x00,0x27,0x00,0x00,0x00,0x02,0x00,0x00,0x00,0x11,0x00,0x00,0x00,
        0x2B,0x00,0x04,0x00,0x11,0x00,0x00,0x00,0x2A,0x00,0x00,0x00,0x00,0x00,0x00,0x00,
        0x17,0x00,0x04,0x00,0x2F,0x00,0x00,0x00,0x11,0x00,0x00,0x00,0x03,0x00,0x00,0x00,
        0x20,0x00,0x04,0x00,0x30,0x00,0x00,0x00,0x07,0x00,0x00,0x00,0x2F,0x00,0x00,0x00,
        0x20,0x00,0x04,0x00,0x33,0x00,0x00,0x00,0x02,0x00,0x00,0x00,0x1F,0x00,0x00,0x00,
        0x2B,0x00,0x04,0x00,0x15,0x00,0x00,0x00,0x39,0x00,0x00,0x00,0x01,0x00,0x00,0x00,
        0x2B,0x00,0x04,0x00,0x15,0x00,0x00,0x00,0x3F,0x00,0x00,0x00,0x02,0x00,0x00,0x00,
        0x20,0x00,0x04,0x00,0x43,0x00,0x00,0x00,0x07,0x00,0x00,0x00,0x11,0x00,0x00,0x00,
        0x2B,0x00,0x04,0x00,0x15,0x00,0x00,0x00,0x45,0x00,0x00,0x00,0x04,0x00,0x00,0x00,
        0x20,0x00,0x04,0x00,0x46,0x00,0x00,0x00,0x09,0x00,0x00,0x00,0x11,0x00,0x00,0x00,
        0x2B,0x00,0x04,0x00,0x15,0x00,0x00,0x00,0x4D,0x00,0x00,0x00,0x05,0x00,0x00,0x00,
        0x2B,0x00,0x04,0x00,0x15,0x00,0x00,0x00,0x54,0x00,0x00,0x00,0x06,0x00,0x00,0x00,
        0x2B,0x00,0x04,0x00,0x06,0x00,0x00,0x00,0x57,0x00,0x00,0x00,0x01,0x00,0x00,0x00,
        0x2B,0x00,0x04,0x00,0x15,0x00,0x00,0x00,0x5C,0x00,0x00,0x00,0x07,0x00,0x00,0x00,
        0x2B,0x00,0x04,0x00,0x06,0x00,0x00,0x00,0x5F,0x00,0x00,0x00,0x02,0x00,0x00,0x00,
        0x2B,0x00,0x04,0x00,0x11,0x00,0x00,0x00,0x6B,0x00,0x00,0x00,0xF6,0x28,0x7C,0x3F,
        0x1E,0x00,0x03,0x00,0x7E,0x00,0x00,0x00,0x1F,0x00,0x00,0x00,0x1D,0x00,0x03,0x00,
        0x7F,0x00,0x00,0x00,0x7E,0x00,0x00,0x00,0x1E,0x00,0x03,0x00,0x80,0x00,0x00,0x00,
        0x7F,0x00,0x00,0x00,0x20,0x00,0x04,0x00,0x81,0x00,0x00,0x00,0x02,0x00,0x00,0x00,
        0x80,0x00,0x00,0x00,0x3B,0x00,0x04,0x00,0x81,0x00,0x00,0x00,0x82,0x00,0x00,0x00,
        0x02,0x00,0x00,0x00,0x2B,0x00,0x04,0x00,0x11,0x00,0x00,0x00,0x9E,0x00,0x00,0x00,
        0x6F,0x12,0x83,0x3A,0x2B,0x00,0x04,0x00,0x11,0x00,0x00,0x00,0xA8,0x00,0x00,0x00,
        0x00,0x00,0x80,0x3F,0x2C,0x00,0x06,0x00,0x2F,0x00,0x00,0x00,0xA9,0x00,0x00,0x00,
        0x2A,0x00,0x00,0x00,0x2A,0x00,0x00,0x00,0xA8,0x00,0x00,0x00,0x2B,0x00,0x04,0x00,
        0x06,0x00,0x00,0x00,0xCA,0x00,0x00,0x00,0x40,0x00,0x00,0x00,0x2C,0x00,0x06,0x00,
        0x09,0x00,0x00,0x00,0xCB,0x00,0x00,0x00,0xCA,0x00,0x00,0x00,0x57,0x00,0x00,0x00,
        0x57,0x00,0x00,0x00,0x1E,0x00,0x0A,0x00,0xCC,0x00,0x00,0x00,0x06,0x00,0x00,0x00,
        0x06,0x00,0x00,0x00,0x11,0x00,0x00,0x00,0x11,0x00,0x00,0x00,0x06,0x00,0x00,0x00,
        0x06,0x00,0x00,0x00,0x06,0x00,0x00,0x00,0x06,0x00,0x00,0x00,0x1D,0x00,0x03,0x00,
        0xCD,0x00,0x00,0x00,0xCC,0x00,0x00,0x00,0x1E,0x00,0x03,0x00,0xCE,0x00,0x00,0x00,
        0xCD,0x00,0x00,0x00,0x20,0x00,0x04,0x00,0xCF,0x00,0x00,0x00,0x02,0x00,0x00,0x00,
        0xCE,0x00,0x00,0x00,0x3B,0x00,0x04,0x00,0xCF,0x00,0x00,0x00,0xD0,0x00,0x00,0x00,
        0x02,0x00,0x00,0x00,0x36,0x00,0x05,0x00,0x02,0x00,0x00,0x00,0x04,0x00,0x00,0x00,
        0x00,0x00,0x00,0x00,0x03,0x00,0x00,0x00,0xF8,0x00,0x02,0x00,0x05,0x00,0x00,0x00,
        0x3B,0x00,0x04,0x00,0x07,0x00,0x00,0x00,0x08,0x00,0x00,0x00,0x07,0x00,0x00,0x00,
        0x3B,0x00,0x04,0x00,0x30,0x00,0x00,0x00,0x31,0x00,0x00,0x00,0x07,0x00,0x00,0x00,
        0x3B,0x00,0x04,0x00,0x30,0x00,0x00,0x00,0x37,0x00,0x00,0x00,0x07,0x00,0x00,0x00,
        0x3B,0x00,0x04,0x00,0x30,0x00,0x00,0x00,0x3D,0x00,0x00,0x00,0x07,0x00,0x00,0x00,
        0x3B,0x00,0x04,0x00,0x43,0x00,0x00,0x00,0x44,0x00,0x00,0x00,0x07,0x00,0x00,0x00,
        0x3B,0x00,0x04,0x00,0x43,0x00,0x00,0x00,0x49,0x00,0x00,0x00,0x07,0x00,0x00,0x00,
        0x3B,0x00,0x04,0x00,0x07,0x00,0x00,0x00,0x73,0x00,0x00,0x00,0x07,0x00,0x00,0x00,
        0x3B,0x00,0x04,0x00,0x30,0x00,0x00,0x00,0x7D,0x00,0x00,0x00,0x07,0x00,0x00,0x00,
        0x3B,0x00,0x04,0x00,0x43,0x00,0x00,0x00,0x87,0x00,0x00,0x00,0x07,0x00,0x00,0x00,
        0x3B,0x00,0x04,0x00,0x30,0x00,0x00,0x00,0x90,0x00,0x00,0x00,0x07,0x00,0x00,0x00,
        0x3B,0x00,0x04,0x00,0x43,0x00,0x00,0x00,0x94,0x00,0x00,0x00,0x07,0x00,0x00,0x00,
        0x3B,0x00,0x04,0x00,0x30,0x00,0x00,0x00,0x9C,0x00,0x00,0x00,0x07,0x00,0x00,0x00,
        0x3B,0x00,0x04,0x00,0x30,0x00,0x00,0x00,0xA0,0x00,0x00,0x00,0x07,0x00,0x00,0x00,
        0x41,0x00,0x05,0x00,0x0D,0x00,0x00,0x00,0x0E,0x00,0x00,0x00,0x0B,0x00,0x00,0x00,
        0x0C,0x00,0x00,0x00,0x3D,0x00,0x04,0x00,0x06,0x00,0x00,0x00,0x0F,0x00,0x00,0x00,
        0x0E,0x00,0x00,0x00,0x3E,0x00,0x03,0x00,0x08,0x00,0x00,0x00,0x0F,0x00,0x00,0x00,
        0x3D,0x00,0x04,0x00,0x06,0x00,0x00,0x00,0x10,0x00,0x00,0x00,0x08,0x00,0x00,0x00,
        0x41,0x00,0x05,0x00,0x17,0x00,0x00,0x00,0x18,0x00,0x00,0x00,0x14,0x00,0x00,0x00,
        0x16,0x00,0x00,0x00,0x3D,0x00,0x04,0x00,0x06,0x00,0x00,0x00,0x19,0x00,0x00,0x00,
        0x18,0x00,0x00,0x00,0xAE,0x00,0x05,0x00,0x1A,0x00,0x00,0x00,0x1B,0x00,0x00,0x00,
        0x10,0x00,0x00,0x00,0x19,0x00,0x00,0x00,0xF7,0x00,0x03,0x00,0x1D,0x00,0x00,0x00,
        0x00,0x00,0x00,0x00,0xFA,0x00,0x04,0x00,0x1B,0x00,0x00,0x00,0x1C,0x00,0x00,0x00,
        0x1D,0x00,0x00,0x00,0xF8,0x00,0x02,0x00,0x1C,0x00,0x00,0x00,0xFD,0x00,0x01,0x00,
        0xF8,0x00,0x02,0x00,0x1D,0x00,0x00,0x00,0x3D,0x00,0x04,0x00,0x06,0x00,0x00,0x00,
        0x25,0x00,0x00,0x00,0x08,0x00,0x00,0x00,0x41,0x00,0x08,0x00,0x27,0x00,0x00,0x00,
        0x28,0x00,0x00,0x00,0x24,0x00,0x00,0x00,0x16,0x00,0x00,0x00,0x25,0x00,0x00,0x00,
        0x16,0x00,0x00,0x00,0x26,0x00,0x00,0x00,0x3D,0x00,0x04,0x00,0x11,0x00,0x00,0x00,
        0x29,0x00,0x00,0x00,0x28,0x00,0x00,0x00,0xBC,0x00,0x05,0x00,0x1A,0x00,0x00,0x00,
        0x2B,0x00,0x00,0x00,0x29,0x00,0x00,0x00,0x2A,0x00,0x00,0x00,0xF7,0x00,0x03,0x00,
        0x2D,0x00,0x00,0x00,0x00,0x00,0x00,0x00,0xFA,0x00,0x04,0x00,0x2B,0x00,0x00,0x00,
        0x2C,0x00,0x00,0x00,0x2D,0x00,0x00,0x00,0xF8,0x00,0x02,0x00,0x2C,0x00,0x00,0x00,
        0xFD,0x00,0x01,0x00,0xF8,0x00,0x02,0x00,0x2D,0x00,0x00,0x00,0x3D,0x00,0x04,0x00,
        0x06,0x00,0x00,0x00,0x32,0x00,0x00,0x00,0x08,0x00,0x00,0x00,0x41,0x00,0x07,0x00,
        0x33,0x00,0x00,0x00,0x34,0x00,0x00,0x00,0x24,0x00,0x00,0x00,0x16,0x00,0x00,0x00,
        0x32,0x00,0x00,0x00,0x16,0x00,0x00,0x00,0x3D,0x00,0x04,0x00,0x1F,0x00,0x00,0x00,
        0x35,0x00,0x00,0x00,0x34,0x00,0x00,0x00,0x4F,0x00,0x08,0x00,0x2F,0x00,0x00,0x00,
        0x36,0x00,0x00,0x00,0x35,0x00,0x00,0x00,0x35,0x00,0x00,0x00,0x00,0x00,0x00,0x00,
        0x01,0x00,0x00,0x00,0x02,0x00,0x00,0x00,0x3E,0x00,0x03,0x00,0x31,0x00,0x00,0x00,
        0x36,0x00,0x00,0x00,0x3D,0x00,0x04,0x00,0x06,0x00,0x00,0x00,0x38,0x00,0x00,0x00,
        0x08,0x00,0x00,0x00,0x41,0x00,0x07,0x00,0x33,0x00,0x00,0x00,0x3A,0x00,0x00,0x00,
        0x24,0x00,0x00,0x00,0x16,0x00,0x00,0x00,0x38,0x00,0x00,0x00,0x39,0x00,0x00,0x00,
        0x3D,0x00,0x04,0x00,0x1F,0x00,0x00,0x00,0x3B,0x00,0x00,0x00,0x3A,0x00,0x00,0x00,
        0x4F,0x00,0x08,0x00,0x2F,0x00,0x00,0x00,0x3C,0x00,0x00,0x00,0x3B,0x00,0x00,0x00,
        0x3B,0x00,0x00,0x00,0x00,0x00,0x00,0x00,0x01,0x00,0x00,0x00,0x02,0x00,0x00,0x00,
        0x3E,0x00,0x03,0x00,0x37,0x00,0x00,0x00,0x3C,0x00,0x00,0x00,0x3D,0x00,0x04,0x00,
        0x06,0x00,0x00,0x00,0x3E,0x00,0x00,0x00,0x08,0x00,0x00,0x00,0x41,0x00,0x07,0x00,
        0x33,0x00,0x00,0x00,0x40,0x00,0x00,0x00,0x24,0x00,0x00,0x00,0x16,0x00,0x00,0x00,
        0x3E,0x00,0x00,0x00,0x3F,0x00,0x00,0x00,0x3D,0x00,0x04,0x00,0x1F,0x00,0x00,0x00,
        0x41,0x00,0x00,0x00,0x40,0x00,0x00,0x00,0x4F,0x00,0x08,0x00,0x2F,0x00,0x00,0x00,
        0x42,0x00,0x00,0x00,0x41,0x00,0x00,0x00,0x41,0x00,0x00,0x00,0x00,0x00,0x00,0x00,
        0x01,0x00,0x00,0x00,0x02,0x00,0x00,0x00,0x3E,0x00,0x03,0x00,0x3D,0x00,0x00,0x00,
        0x42,0x00,0x00,0x00,0x41,0x00,0x05,0x00,0x46,0x00,0x00,0x00,0x47,0x00,0x00,0x00,
        0x14,0x00,0x00,0x00,0x45,0x00,0x00,0x00,0x3D,0x00,0x04,0x00,0x11,0x00,0x00,0x00,
        0x48,0x00,0x00,0x00,0x47,0x00,0x00,0x00,0x3E,0x00,0x03,0x00,0x44,0x00,0x00,0x00,
        0x48,0x00,0x00,0x00,0x3D,0x00,0x04,0x00,0x06,0x00,0x00,0x00,0x4A,0x00,0x00,0x00,
        0x08,0x00,0x00,0x00,0x41,0x00,0x08,0x00,0x27,0x00,0x00,0x00,0x4B,0x00,0x00,0x00,
        0x24,0x00,0x00,0x00,0x16,0x00,0x00,0x00,0x4A,0x00,0x00,0x00,0x16,0x00,0x00,0x00,
        0x26,0x00,0x00,0x00,0x3D,0x00,0x04,0x00,0x11,0x00,0x00,0x00,0x4C,0x00,0x00,0x00,
        0x4B,0x00,0x00,0x00,0x3E,0x00,0x03,0x00,0x49,0x00,0x00,0x00,0x4C,0x00,0x00,0x00,
        0x41,0x00,0x05,0x00,0x46,0x00,0x00,0x00,0x4E,0x00,0x00,0x00,0x14,0x00,0x00,0x00,
        0x4D,0x00,0x00,0x00,0x3D,0x00,0x04,0x00,0x11,0x00,0x00,0x00,0x4F,0x00,0x00,0x00,
        0x4E,0x00,0x00,0x00,0x41,0x00,0x05,0x00,0x43,0x00,0x00,0x00,0x50,0x00,0x00,0x00,
        0x3D,0x00,0x00,0x00,0x0C,0x00,0x00,0x00,0x3D,0x00,0x04,0x00,0x11,0x00,0x00,0x00,
        0x51,0x00,0x00,0x00,0x50,0x00,0x00,0x00,0x81,0x00,0x05,0x00,0x11,0x00,0x00,0x00,
        0x52,0x00,0x00,0x00,0x51,0x00,0x00,0x00,0x4F,0x00,0x00,0x00,0x41,0x00,0x05,0x00,
        0x43,0x00,0x00,0x00,0x53,0x00,0x00,0x00,0x3D,0x00,0x00,0x00,0x0C,0x00,0x00,0x00,
        0x3E,0x00,0x03,0x00,0x53,0x00,0x00,0x00,0x52,0x00,0x00,0x00,0x41,0x00,0x05,0x00,
        0x46,0x00,0x00,0x00,0x55,0x00,0x00,0x00,0x14,0x00,0x00,0x00,0x54,0x00,0x00,0x00,
        0x3D,0x00,0x04,0x00,0x11,0x00,0x00,0x00,0x56,0x00,0x00,0x00,0x55,0x00,0x00,0x00,
        0x41,0x00,0x05,0x00,0x43,0x00,0x00,0x00,0x58,0x00,0x00,0x00,0x3D,0x00,0x00,0x00,
        0x57,0x00,0x00,0x00,0x3D,0x00,0x04,0x00,0x11,0x00,0x00,0x00,0x59,0x00,0x00,0x00,
        0x58,0x00,0x00,0x00,0x81,0x00,0x05,0x00,0x11,0x00,0x00,0x00,0x5A,0x00,0x00,0x00,
        0x59,0x00,0x00,0x00,0x56,0x00,0x00,0x00,0x41,0x00,0x05,0x00,0x43,0x00,0x00,0x00,
        0x5B,0x00,0x00,0x00,0x3D,0x00,0x00,0x00,0x57,0x00,0x00,0x00,0x3E,0x00,0x03,0x00,
        0x5B,0x00,0x00,0x00,0x5A,0x00,0x00,0x00,0x41,0x00,0x05,0x00,0x46,0x00,0x00,0x00,
        0x5D,0x00,0x00,0x00,0x14,0x00,0x00,0x00,0x5C,0x00,0x00,0x00,0x3D,0x00,0x04,0x00,
        0x11,0x00,0x00,0x00,0x5E,0x00,0x00,0x00,0x5D,0x00,0x00,0x00,0x41,0x00,0x05,0x00,
        0x43,0x00,0x00,0x00,0x60,0x00,0x00,0x00,0x3D,0x00,0x00,0x00,0x5F,0x00,0x00,0x00,
        0x3D,0x00,0x04,0x00,0x11,0x00,0x00,0x00,0x61,0x00,0x00,0x00,0x60,0x00,0x00,0x00,
        0x81,0x00,0x05,0x00,0x11,0x00,0x00,0x00,0x62,0x00,0x00,0x00,0x61,0x00,0x00,0x00,
        0x5E,0x00,0x00,0x00,0x41,0x00,0x05,0x00,0x43,0x00,0x00,0x00,0x63,0x00,0x00,0x00,
        0x3D,0x00,0x00,0x00,0x5F,0x00,0x00,0x00,0x3E,0x00,0x03,0x00,0x63,0x00,0x00,0x00,
        0x62,0x00,0x00,0x00,0x3D,0x00,0x04,0x00,0x2F,0x00,0x00,0x00,0x64,0x00,0x00,0x00,
        0x3D,0x00,0x00,0x00,0x3D,0x00,0x04,0x00,0x11,0x00,0x00,0x00,0x65,0x00,0x00,0x00,
        0x49,0x00,0x00,0x00,0x3D,0x00,0x04,0x00,0x11,0x00,0x00,0x00,0x66,0x00,0x00,0x00,
        0x44,0x00,0x00,0x00,0x85,0x00,0x05,0x00,0x11,0x00,0x00,0x00,0x67,0x00,0x00,0x00,
        0x65,0x00,0x00,0x00,0x66,0x00,0x00,0x00,0x8E,0x00,0x05,0x00,0x2F,0x00,0x00,0x00,
        0x68,0x00,0x00,0x00,0x64,0x00,0x00,0x00,0x67,0x00,0x00,0x00,0x3D,0x00,0x04,0x00,
        0x2F,0x00,0x00,0x00,0x69,0x00,0x00,0x00,0x37,0x00,0x00,0x00,0x81,0x00,0x05,0x00,
        0x2F,0x00,0x00,0x00,0x6A,0x00,0x00,0x00,0x69,0x00,0x00,0x00,0x68,0x00,0x00,0x00,
        0x3E,0x00,0x03,0x00,0x37,0x00,0x00,0x00,0x6A,0x00,0x00,0x00,0x3D,0x00,0x04,0x00,
        0x2F,0x00,0x00,0x00,0x6C,0x00,0x00,0x00,0x37,0x00,0x00,0x00,0x8E,0x00,0x05,0x00,
        0x2F,0x00,0x00,0x00,0x6D,0x00,0x00,0x00,0x6C,0x00,0x00,0x00,0x6B,0x00,0x00,0x00,
        0x3E,0x00,0x03,0x00,0x37,0x00,0x00,0x00,0x6D,0x00,0x00,0x00,0x3D,0x00,0x04,0x00,
        0x2F,0x00,0x00,0x00,0x6E,0x00,0x00,0x00,0x37,0x00,0x00,0x00,0x3D,0x00,0x04,0x00,
        0x11,0x00,0x00,0x00,0x6F,0x00,0x00,0x00,0x44,0x00,0x00,0x00,0x8E,0x00,0x05,0x00,
        0x2F,0x00,0x00,0x00,0x70,0x00,0x00,0x00,0x6E,0x00,0x00,0x00,0x6F,0x00,0x00,0x00,
        0x3D,0x00,0x04,0x00,0x2F,0x00,0x00,0x00,0x71,0x00,0x00,0x00,0x31,0x00,0x00,0x00,
        0x81,0x00,0x05,0x00,0x2F,0x00,0x00,0x00,0x72,0x00,0x00,0x00,0x71,0x00,0x00,0x00,
        0x70,0x00,0x00,0x00,0x3E,0x00,0x03,0x00,0x31,0x00,0x00,0x00,0x72,0x00,0x00,0x00,
        0x3E,0x00,0x03,0x00,0x73,0x00,0x00,0x00,0x0C,0x00,0x00,0x00,0xF9,0x00,0x02,0x00,
        0x74,0x00,0x00,0x00,0xF8,0x00,0x02,0x00,0x74,0x00,0x00,0x00,0xF6,0x00,0x04,0x00,
        0x76,0x00,0x00,0x00,0x77,0x00,0x00,0x00,0x00,0x00,0x00,0x00,0xF9,0x00,0x02,0x00,
        0x78,0x00,0x00,0x00,0xF8,0x00,0x02,0x00,0x78,0x00,0x00,0x00,0x3D,0x00,0x04,0x00,
        0x06,0x00,0x00,0x00,0x79,0x00,0x00,0x00,0x73,0x00,0x00,0x00,0x41,0x00,0x05,0x00,
        0x17,0x00,0x00,0x00,0x7A,0x00,0x00,0x00,0x14,0x00,0x00,0x00,0x3F,0x00,0x00,0x00,
        0x3D,0x00,0x04,0x00,0x06,0x00,0x00,0x00,0x7B,0x00,0x00,0x00,0x7A,0x00,0x00,0x00,
        0xB0,0x00,0x05,0x00,0x1A,0x00,0x00,0x00,0x7C,0x00,0x00,0x00,0x79,0x00,0x00,0x00,
        0x7B,0x00,0x00,0x00,0xFA,0x00,0x04,0x00,0x7C,0x00,0x00,0x00,0x75,0x00,0x00,0x00,
        0x76,0x00,0x00,0x00,0xF8,0x00,0x02,0x00,0x75,0x00,0x00,0x00,0x3D,0x00,0x04,0x00,
        0x06,0x00,0x00,0x00,0x83,0x00,0x00,0x00,0x73,0x00,0x00,0x00,0x41,0x00,0x07,0x00,
        0x33,0x00,0x00,0x00,0x84,0x00,0x00,0x00,0x82,0x00,0x00,0x00,0x16,0x00,0x00,0x00,
        0x83,0x00,0x00,0x00,0x16,0x00,0x00,0x00,0x3D,0x00,0x04,0x00,0x1F,0x00,0x00,0x00,
        0x85,0x00,0x00,0x00,0x84,0x00,0x00,0x00,0x4F,0x00,0x08,0x00,0x2F,0x00,0x00,0x00,
        0x86,0x00,0x00,0x00,0x85,0x00,0x00,0x00,0x85,0x00,0x00,0x00,0x00,0x00,0x00,0x00,
        0x01,0x00,0x00,0x00,0x02,0x00,0x00,0x00,0x3E,0x00,0x03,0x00,0x7D,0x00,0x00,0x00,
        0x86,0x00,0x00,0x00,0x3D,0x00,0x04,0x00,0x06,0x00,0x00,0x00,0x88,0x00,0x00,0x00,
        0x73,0x00,0x00,0x00,0x41,0x00,0x08,0x00,0x27,0x00,0x00,0x00,0x89,0x00,0x00,0x00,
        0x82,0x00,0x00,0x00,0x16,0x00,0x00,0x00,0x88,0x00,0x00,0x00,0x16,0x00,0x00,0x00,
        0x26,0x00,0x00,0x00,0x3D,0x00,0x04,0x00,0x11,0x00,0x00,0x00,0x8A,0x00,0x00,0x00,
        0x89,0x00,0x00,0x00,0x3E,0x00,0x03,0x00,0x87,0x00,0x00,0x00,0x8A,0x00,0x00,0x00,
        0x3D,0x00,0x04,0x00,0x11,0x00,0x00,0x00,0x8B,0x00,0x00,0x00,0x87,0x00,0x00,0x00,
        0xBC,0x00,0x05,0x00,0x1A,0x00,0x00,0x00,0x8C,0x00,0x00,0x00,0x8B,0x00,0x00,0x00,
        0x2A,0x00,0x00,0x00,0xF7,0x00,0x03,0x00,0x8E,0x00,0x00,0x00,0x00,0x00,0x00,0x00,
        0xFA,0x00,0x04,0x00,0x8C,0x00,0x00,0x00,0x8D,0x00,0x00,0x00,0x8E,0x00,0x00,0x00,
        0xF8,0x00,0x02,0x00,0x8D,0x00,0x00,0x00,0xF9,0x00,0x02,0x00,0x77,0x00,0x00,0x00,
        0xF8,0x00,0x02,0x00,0x8E,0x00,0x00,0x00,0x3D,0x00,0x04,0x00,0x2F,0x00,0x00,0x00,
        0x91,0x00,0x00,0x00,0x31,0x00,0x00,0x00,0x3D,0x00,0x04,0x00,0x2F,0x00,0x00,0x00,
        0x92,0x00,0x00,0x00,0x7D,0x00,0x00,0x00,0x83,0x00,0x05,0x00,0x2F,0x00,0x00,0x00,
        0x93,0x00,0x00,0x00,0x91,0x00,0x00,0x00,0x92,0x00,0x00,0x00,0x3E,0x00,0x03,0x00,
        0x90,0x00,0x00,0x00,0x93,0x00,0x00,0x00,0x3D,0x00,0x04,0x00,0x2F,0x00,0x00,0x00,
        0x95,0x00,0x00,0x00,0x90,0x00,0x00,0x00,0x0C,0x00,0x06,0x00,0x11,0x00,0x00,0x00,
        0x96,0x00,0x00,0x00,0x01,0x00,0x00,0x00,0x42,0x00,0x00,0x00,0x95,0x00,0x00,0x00,
        0x3E,0x00,0x03,0x00,0x94,0x00,0x00,0x00,0x96,0x00,0x00,0x00,0x3D,0x00,0x04,0x00,
        0x11,0x00,0x00,0x00,0x97,0x00,0x00,0x00,0x94,0x00,0x00,0x00,0x3D,0x00,0x04,0x00,
        0x11,0x00,0x00,0x00,0x98,0x00,0x00,0x00,0x87,0x00,0x00,0x00,0xB8,0x00,0x05,0x00,
        0x1A,0x00,0x00,0x00,0x99,0x00,0x00,0x00,0x97,0x00,0x00,0x00,0x98,0x00,0x00,0x00,
        0xF7,0x00,0x03,0x00,0x9B,0x00,0x00,0x00,0x00,0x00,0x00,0x00,0xFA,0x00,0x04,0x00,
        0x99,0x00,0x00,0x00,0x9A,0x00,0x00,0x00,0x9B,0x00,0x00,0x00,0xF8,0x00,0x02,0x00,
        0x9A,0x00,0x00,0x00,0x3D,0x00,0x04,0x00,0x11,0x00,0x00,0x00,0x9D,0x00,0x00,0x00,
        0x94,0x00,0x00,0x00,0xBA,0x00,0x05,0x00,0x1A,0x00,0x00,0x00,0x9F,0x00,0x00,0x00,
        0x9D,0x00,0x00,0x00,0x9E,0x00,0x00,0x00,0xF7,0x00,0x03,0x00,0xA2,0x00,0x00,0x00,
        0x00,0x00,0x00,0x00,0xFA,0x00,0x04,0x00,0x9F,0x00,0x00,0x00,0xA1,0x00,0x00,0x00,
        0xA7,0x00,0x00,0x00,0xF8,0x00,0x02,0x00,0xA1,0x00,0x00,0x00,0x3D,0x00,0x04,0x00,
        0x2F,0x00,0x00,0x00,0xA3,0x00,0x00,0x00,0x90,0x00,0x00,0x00,0x3D,0x00,0x04,0x00,
        0x11,0x00,0x00,0x00,0xA4,0x00,0x00,0x00,0x94,0x00,0x00,0x00,0x50,0x00,0x06,0x00,
        0x2F,0x00,0x00,0x00,0xA5,0x00,0x00,0x00,0xA4,0x00,0x00,0x00,0xA4,0x00,0x00,0x00,
        0xA4,0x00,0x00,0x00,0x88,0x00,0x05,0x00,0x2F,0x00,0x00,0x00,0xA6,0x00,0x00,0x00,
        0xA3,0x00,0x00,0x00,0xA5,0x00,0x00,0x00,0x3E,0x00,0x03,0x00,0xA0,0x00,0x00,0x00,
        0xA6,0x00,0x00,0x00,0xF9,0x00,0x02,0x00,0xA2,0x00,0x00,0x00,0xF8,0x00,0x02,0x00,
        0xA7,0x00,0x00,0x00,0x3E,0x00,0x03,0x00,0xA0,0x00,0x00,0x00,0xA9,0x00,0x00,0x00,
        0xF9,0x00,0x02,0x00,0xA2,0x00,0x00,0x00,0xF8,0x00,0x02,0x00,0xA2,0x00,0x00,0x00,
        0x3D,0x00,0x04,0x00,0x2F,0x00,0x00,0x00,0xAA,0x00,0x00,0x00,0xA0,0x00,0x00,0x00,
        0x3E,0x00,0x03,0x00,0x9C,0x00,0x00,0x00,0xAA,0x00,0x00,0x00,0x3D,0x00,0x04,0x00,
        0x2F,0x00,0x00,0x00,0xAB,0x00,0x00,0x00,0x7D,0x00,0x00,0x00,0x3D,0x00,0x04,0x00,
        0x2F,0x00,0x00,0x00,0xAC,0x00,0x00,0x00,0x9C,0x00,0x00,0x00,0x3D,0x00,0x04,0x00,
        0x11,0x00,0x00,0x00,0xAD,0x00,0x00,0x00,0x87,0x00,0x00,0x00,0x8E,0x00,0x05,0x00,
        0x2F,0x00,0x00,0x00,0xAE,0x00,0x00,0x00,0xAC,0x00,0x00,0x00,0xAD,0x00,0x00,0x00,
        0x81,0x00,0x05,0x00,0x2F,0x00,0x00,0x00,0xAF,0x00,0x00,0x00,0xAB,0x00,0x00,0x00,
        0xAE,0x00,0x00,0x00,0x3E,0x00,0x03,0x00,0x31,0x00,0x00,0x00,0xAF,0x00,0x00,0x00,
        0x3D,0x00,0x04,0x00,0x2F,0x00,0x00,0x00,0xB0,0x00,0x00,0x00,0x9C,0x00,0x00,0x00,
        0x3D,0x00,0x04,0x00,0x2F,0x00,0x00,0x00,0xB1,0x00,0x00,0x00,0x37,0x00,0x00,0x00,
        0x3D,0x00,0x04,0x00,0x2F,0x00,0x00,0x00,0xB2,0x00,0x00,0x00,0x9C,0x00,0x00,0x00,
        0x94,0x00,0x05,0x00,0x11,0x00,0x00,0x00,0xB3,0x00,0x00,0x00,0xB1,0x00,0x00,0x00,
        0xB2,0x00,0x00,0x00,0x0C,0x00,0x07,0x00,0x11,0x00,0x00,0x00,0xB4,0x00,0x00,0x00,
        0x01,0x00,0x00,0x00,0x28,0x00,0x00,0x00,0x2A,0x00,0x00,0x00,0xB3,0x00,0x00,0x00,
        0x8E,0x00,0x05,0x00,0x2F,0x00,0x00,0x00,0xB5,0x00,0x00,0x00,0xB0,0x00,0x00,0x00,
        0xB4,0x00,0x00,0x00,0x3D,0x00,0x04,0x00,0x2F,0x00,0x00,0x00,0xB6,0x00,0x00,0x00,
        0x37,0x00,0x00,0x00,0x83,0x00,0x05,0x00,0x2F,0x00,0x00,0x00,0xB7,0x00,0x00,0x00,
        0xB6,0x00,0x00,0x00,0xB5,0x00,0x00,0x00,0x3E,0x00,0x03,0x00,0x37,0x00,0x00,0x00,
        0xB7,0x00,0x00,0x00,0xF9,0x00,0x02,0x00,0x9B,0x00,0x00,0x00,0xF8,0x00,0x02,0x00,
        0x9B,0x00,0x00,0x00,0xF9,0x00,0x02,0x00,0x77,0x00,0x00,0x00,0xF8,0x00,0x02,0x00,
        0x77,0x00,0x00,0x00,0x3D,0x00,0x04,0x00,0x06,0x00,0x00,0x00,0xB8,0x00,0x00,0x00,
        0x73,0x00,0x00,0x00,0x80,0x00,0x05,0x00,0x06,0x00,0x00,0x00,0xB9,0x00,0x00,0x00,
        0xB8,0x00,0x00,0x00,0x39,0x00,0x00,0x00,0x3E,0x00,0x03,0x00,0x73,0x00,0x00,0x00,
        0xB9,0x00,0x00,0x00,0xF9,0x00,0x02,0x00,0x74,0x00,0x00,0x00,0xF8,0x00,0x02,0x00,
        0x76,0x00,0x00,0x00,0x3D,0x00,0x04,0x00,0x06,0x00,0x00,0x00,0xBA,0x00,0x00,0x00,
        0x08,0x00,0x00,0x00,0x3D,0x00,0x04,0x00,0x2F,0x00,0x00,0x00,0xBB,0x00,0x00,0x00,
        0x31,0x00,0x00,0x00,0x41,0x00,0x08,0x00,0x27,0x00,0x00,0x00,0xBC,0x00,0x00,0x00,
        0x24,0x00,0x00,0x00,0x16,0x00,0x00,0x00,0xBA,0x00,0x00,0x00,0x16,0x00,0x00,0x00,
        0x0C,0x00,0x00,0x00,0x51,0x00,0x05,0x00,0x11,0x00,0x00,0x00,0xBD,0x00,0x00,0x00,
        0xBB,0x00,0x00,0x00,0x00,0x00,0x00,0x00,0x3E,0x00,0x03,0x00,0xBC,0x00,0x00,0x00,
        0xBD,0x00,0x00,0x00,0x41,0x00,0x08,0x00,0x27,0x00,0x00,0x00,0xBE,0x00,0x00,0x00,
        0x24,0x00,0x00,0x00,0x16,0x00,0x00,0x00,0xBA,0x00,0x00,0x00,0x16,0x00,0x00,0x00,
        0x57,0x00,0x00,0x00,0x51,0x00,0x05,0x00,0x11,0x00,0x00,0x00,0xBF,0x00,0x00,0x00,
        0xBB,0x00,0x00,0x00,0x01,0x00,0x00,0x00,0x3E,0x00,0x03,0x00,0xBE,0x00,0x00,0x00,
        0xBF,0x00,0x00,0x00,0x41,0x00,0x08,0x00,0x27,0x00,0x00,0x00,0xC0,0x00,0x00,0x00,
        0x24,0x00,0x00,0x00,0x16,0x00,0x00,0x00,0xBA,0x00,0x00,0x00,0x16,0x00,0x00,0x00,
        0x5F,0x00,0x00,0x00,0x51,0x00,0x05,0x00,0x11,0x00,0x00,0x00,0xC1,0x00,0x00,0x00,
        0xBB,0x00,0x00,0x00,0x02,0x00,0x00,0x00,0x3E,0x00,0x03,0x00,0xC0,0x00,0x00,0x00,
        0xC1,0x00,0x00,0x00,0x3D,0x00,0x04,0x00,0x06,0x00,0x00,0x00,0xC2,0x00,0x00,0x00,
        0x08,0x00,0x00,0x00,0x3D,0x00,0x04,0x00,0x2F,0x00,0x00,0x00,0xC3,0x00,0x00,0x00,
        0x37,0x00,0x00,0x00,0x41,0x00,0x08,0x00,0x27,0x00,0x00,0x00,0xC4,0x00,0x00,0x00,
        0x24,0x00,0x00,0x00,0x16,0x00,0x00,0x00,0xC2,0x00,0x00,0x00,0x39,0x00,0x00,0x00,
        0x0C,0x00,0x00,0x00,0x51,0x00,0x05,0x00,0x11,0x00,0x00,0x00,0xC5,0x00,0x00,0x00,
        0xC3,0x00,0x00,0x00,0x00,0x00,0x00,0x00,0x3E,0x00,0x03,0x00,0xC4,0x00,0x00,0x00,
        0xC5,0x00,0x00,0x00,0x41,0x00,0x08,0x00,0x27,0x00,0x00,0x00,0xC6,0x00,0x00,0x00,
        0x24,0x00,0x00,0x00,0x16,0x00,0x00,0x00,0xC2,0x00,0x00,0x00,0x39,0x00,0x00,0x00,
        0x57,0x00,0x00,0x00,0x51,0x00,0x05,0x00,0x11,0x00,0x00,0x00,0xC7,0x00,0x00,0x00,
        0xC3,0x00,0x00,0x00,0x01,0x00,0x00,0x00,0x3E,0x00,0x03,0x00,0xC6,0x00,0x00,0x00,
        0xC7,0x00,0x00,0x00,0x41,0x00,0x08,0x00,0x27,0x00,0x00,0x00,0xC8,0x00,0x00,0x00,
        0x24,0x00,0x00,0x00,0x16,0x00,0x00,0x00,0xC2,0x00,0x00,0x00,0x39,0x00,0x00,0x00,
        0x5F,0x00,0x00,0x00,0x51,0x00,0x05,0x00,0x11,0x00,0x00,0x00,0xC9,0x00,0x00,0x00,
        0xC3,0x00,0x00,0x00,0x02,0x00,0x00,0x00,0x3E,0x00,0x03,0x00,0xC8,0x00,0x00,0x00,
        0xC9,0x00,0x00,0x00,0xFD,0x00,0x01,0x00,0x38,0x00,0x01,0x00,
    };
    inline const size_t g_spv_cloth_comp_spv_size = sizeof(g_spv_cloth_comp_spv);

    // cloth.frag.spv (944 bytes)
    alignas(4) inline const uint8_t g_spv_cloth_frag_spv[] = {
        0x03,0x02,0x23,0x07,0x00,0x00,0x01,0x00,0x0B,0x00,0x0D,0x00,0x22,0x00,0x00,0x00,
        0x00,0x00,0x00,0x00,0x11,0x00,0x02,0x00,0x01,0x00,0x00,0x00,0x0B,0x00,0x06,0x00,
        0x01,0x00,0x00,0x00,0x47,0x4C,0x53,0x4C,0x2E,0x73,0x74,0x64,0x2E,0x34,0x35,0x30,
        0x00,0x00,0x00,0x00,0x0E,0x00,0x03,0x00,0x00,0x00,0x00,0x00,0x01,0x00,0x00,0x00,
        0x0F,0x00,0x07,0x00,0x04,0x00,0x00,0x00,0x04,0x00,0x00,0x00,0x6D,0x61,0x69,0x6E,
        0x00,0x00,0x00,0x00,0x11,0x00,0x00,0x00,0x20,0x00,0x00,0x00,0x10,0x00,0x03,0x00,
        0x04,0x00,0x00,0x00,0x07,0x00,0x00,0x00,0x03,0x00,0x03,0x00,0x02,0x00,0x00,0x00,
        0xC2,0x01,0x00,0x00,0x04,0x00,0x0A,0x00,0x47,0x4C,0x5F,0x47,0x4F,0x4F,0x47,0x4C,
        0x45,0x5F,0x63,0x70,0x70,0x5F,0x73,0x74,0x79,0x6C,0x65,0x5F,0x6C,0x69,0x6E,0x65,
        0x5F,0x64,0x69,0x72,0x65,0x63,0x74,0x69,0x76,0x65,0x00,0x00,0x04,0x00,0x08,0x00,
        0x47,0x4C,0x5F,0x47,0x4F,0x4F,0x47,0x4C,0x45,0x5F,0x69,0x6E,0x63,0x6C,0x75,0x64,
        0x65,0x5F,0x64,0x69,0x72,0x65,0x63,0x74,0x69,0x76,0x65,0x00,0x05,0x00,0x04,0x00,
        0x04,0x00,0x00,0x00,0x6D,0x61,0x69,0x6E,0x00,0x00,0x00,0x00,0x05,0x00,0x03,0x00,
        0x09,0x00,0x00,0x00,0x63,0x00,0x00,0x00,0x05,0x00,0x04,0x00,0x0D,0x00,0x00,0x00,
        0x75,0x54,0x65,0x78,0x00,0x00,0x00,0x00,0x05,0x00,0x03,0x00,0x11,0x00,0x00,0x00,
        0x76,0x55,0x56,0x00,0x05,0x00,0x05,0x00,0x20,0x00,0x00,0x00,0x46,0x72,0x61,0x67,
        0x43,0x6F,0x6C,0x6F,0x72,0x00,0x00,0x00,0x47,0x00,0x03,0x00,0x09,0x00,0x00,0x00,
        0x00,0x00,0x00,0x00,0x47,0x00,0x04,0x00,0x0D,0x00,0x00,0x00,0x21,0x00,0x00,0x00,
        0x00,0x00,0x00,0x00,0x47,0x00,0x04,0x00,0x0D,0x00,0x00,0x00,0x22,0x00,0x00,0x00,
        0x02,0x00,0x00,0x00,0x47,0x00,0x03,0x00,0x11,0x00,0x00,0x00,0x00,0x00,0x00,0x00,
        0x47,0x00,0x04,0x00,0x11,0x00,0x00,0x00,0x1E,0x00,0x00,0x00,0x00,0x00,0x00,0x00,
        0x47,0x00,0x03,0x00,0x12,0x00,0x00,0x00,0x00,0x00,0x00,0x00,0x47,0x00,0x03,0x00,
        0x18,0x00,0x00,0x00,0x00,0x00,0x00,0x00,0x47,0x00,0x03,0x00,0x20,0x00,0x00,0x00,
        0x00,0x00,0x00,0x00,0x47,0x00,0x04,0x00,0x20,0x00,0x00,0x00,0x1E,0x00,0x00,0x00,
        0x00,0x00,0x00,0x00,0x47,0x00,0x03,0x00,0x21,0x00,0x00,0x00,0x00,0x00,0x00,0x00,
        0x13,0x00,0x02,0x00,0x02,0x00,0x00,0x00,0x21,0x00,0x03,0x00,0x03,0x00,0x00,0x00,
        0x02,0x00,0x00,0x00,0x16,0x00,0x03,0x00,0x06,0x00,0x00,0x00,0x20,0x00,0x00,0x00,
        0x17,0x00,0x04,0x00,0x07,0x00,0x00,0x00,0x06,0x00,0x00,0x00,0x04,0x00,0x00,0x00,
        0x20,0x00,0x04,0x00,0x08,0x00,0x00,0x00,0x07,0x00,0x00,0x00,0x07,0x00,0x00,0x00,
        0x19,0x00,0x09,0x00,0x0A,0x00,0x00,0x00,0x06,0x00,0x00,0x00,0x01,0x00,0x00,0x00,
        0x00,0x00,0x00,0x00,0x00,0x00,0x00,0x00,0x00,0x00,0x00,0x00,0x01,0x00,0x00,0x00,
        0x00,0x00,0x00,0x00,0x1B,0x00,0x03,0x00,0x0B,0x00,0x00,0x00,0x0A,0x00,0x00,0x00,
        0x20,0x00,0x04,0x00,0x0C,0x00,0x00,0x00,0x00,0x00,0x00,0x00,0x0B,0x00,0x00,0x00,
        0x3B,0x00,0x04,0x00,0x0C,0x00,0x00,0x00,0x0D,0x00,0x00,0x00,0x00,0x00,0x00,0x00,
        0x17,0x00,0x04,0x00,0x0F,0x00,0x00,0x00,0x06,0x00,0x00,0x00,0x02,0x00,0x00,0x00,
        0x20,0x00,0x04,0x00,0x10,0x00,0x00,0x00,0x01,0x00,0x00,0x00,0x0F,0x00,0x00,0x00,
        0x3B,0x00,0x04,0x00,0x10,0x00,0x00,0x00,0x11,0x00,0x00,0x00,0x01,0x00,0x00,0x00,
        0x15,0x00,0x04,0x00,0x14,0x00,0x00,0x00,0x20,0x00,0x00,0x00,0x00,0x00,0x00,0x00,
        0x2B,0x00,0x04,0x00,0x14,0x00,0x00,0x00,0x15,0x00,0x00,0x00,0x03,0x00,0x00,0x00,
        0x20,0x00,0x04,0x00,0x16,0x00,0x00,0x00,0x07,0x00,0x00,0x00,0x06,0x00,0x00,0x00,
        0x2B,0x00,0x04,0x00,0x06,0x00,0x00,0x00,0x19,0x00,0x00,0x00,0xCD,0xCC,0x4C,0x3D,
        0x14,0x00,0x02,0x00,0x1A,0x00,0x00,0x00,0x20,0x00,0x04,0x00,0x1F,0x00,0x00,0x00,
        0x03,0x00,0x00,0x00,0x07,0x00,0x00,0x00,0x3B,0x00,0x04,0x00,0x1F,0x00,0x00,0x00,
        0x20,0x00,0x00,0x00,0x03,0x00,0x00,0x00,0x36,0x00,0x05,0x00,0x02,0x00,0x00,0x00,
        0x04,0x00,0x00,0x00,0x00,0x00,0x00,0x00,0x03,0x00,0x00,0x00,0xF8,0x00,0x02,0x00,
        0x05,0x00,0x00,0x00,0x3B,0x00,0x04,0x00,0x08,0x00,0x00,0x00,0x09,0x00,0x00,0x00,
        0x07,0x00,0x00,0x00,0x3D,0x00,0x04,0x00,0x0B,0x00,0x00,0x00,0x0E,0x00,0x00,0x00,
        0x0D,0x00,0x00,0x00,0x3D,0x00,0x04,0x00,0x0F,0x00,0x00,0x00,0x12,0x00,0x00,0x00,
        0x11,0x00,0x00,0x00,0x57,0x00,0x05,0x00,0x07,0x00,0x00,0x00,0x13,0x00,0x00,0x00,
        0x0E,0x00,0x00,0x00,0x12,0x00,0x00,0x00,0x3E,0x00,0x03,0x00,0x09,0x00,0x00,0x00,
        0x13,0x00,0x00,0x00,0x41,0x00,0x05,0x00,0x16,0x00,0x00,0x00,0x17,0x00,0x00,0x00,
        0x09,0x00,0x00,0x00,0x15,0x00,0x00,0x00,0x3D,0x00,0x04,0x00,0x06,0x00,0x00,0x00,
        0x18,0x00,0x00,0x00,0x17,0x00,0x00,0x00,0xB8,0x00,0x05,0x00,0x1A,0x00,0x00,0x00,
        0x1B,0x00,0x00,0x00,0x18,0x00,0x00,0x00,0x19,0x00,0x00,0x00,0xF7,0x00,0x03,0x00,
        0x1D,0x00,0x00,0x00,0x00,0x00,0x00,0x00,0xFA,0x00,0x04,0x00,0x1B,0x00,0x00,0x00,
        0x1C,0x00,0x00,0x00,0x1D,0x00,0x00,0x00,0xF8,0x00,0x02,0x00,0x1C,0x00,0x00,0x00,
        0xFC,0x00,0x01,0x00,0xF8,0x00,0x02,0x00,0x1D,0x00,0x00,0x00,0x3D,0x00,0x04,0x00,
        0x07,0x00,0x00,0x00,0x21,0x00,0x00,0x00,0x09,0x00,0x00,0x00,0x3E,0x00,0x03,0x00,
        0x20,0x00,0x00,0x00,0x21,0x00,0x00,0x00,0xFD,0x00,0x01,0x00,0x38,0x00,0x01,0x00,
    };
    inline const size_t g_spv_cloth_frag_spv_size = sizeof(g_spv_cloth_frag_spv);

    // cloth.vert.spv (1676 bytes)
    alignas(4) inline const uint8_t g_spv_cloth_vert_spv[] = {
        0x03,0x02,0x23,0x07,0x00,0x00,0x01,0x00,0x0B,0x00,0x0D,0x00,0x31,0x00,0x00,0x00,
        0x00,0x00,0x00,0x00,0x11,0x00,0x02,0x00,0x01,0x00,0x00,0x00,0x0B,0x00,0x06,0x00,
        0x01,0x00,0x00,0x00,0x47,0x4C,0x53,0x4C,0x2E,0x73,0x74,0x64,0x2E,0x34,0x35,0x30,
        0x00,0x00,0x00,0x00,0x0E,0x00,0x03,0x00,0x00,0x00,0x00,0x00,0x01,0x00,0x00,0x00,
        0x0F,0x00,0x09,0x00,0x00,0x00,0x00,0x00,0x04,0x00,0x00,0x00,0x6D,0x61,0x69,0x6E,
        0x00,0x00,0x00,0x00,0x09,0x00,0x00,0x00,0x0B,0x00,0x00,0x00,0x13,0x00,0x00,0x00,
        0x27,0x00,0x00,0x00,0x03,0x00,0x03,0x00,0x02,0x00,0x00,0x00,0xC2,0x01,0x00,0x00,
        0x04,0x00,0x0A,0x00,0x47,0x4C,0x5F,0x47,0x4F,0x4F,0x47,0x4C,0x45,0x5F,0x63,0x70,
        0x70,0x5F,0x73,0x74,0x79,0x6C,0x65,0x5F,0x6C,0x69,0x6E,0x65,0x5F,0x64,0x69,0x72,
        0x65,0x63,0x74,0x69,0x76,0x65,0x00,0x00,0x04,0x00,0x08,0x00,0x47,0x4C,0x5F,0x47,
        0x4F,0x4F,0x47,0x4C,0x45,0x5F,0x69,0x6E,0x63,0x6C,0x75,0x64,0x65,0x5F,0x64,0x69,
        0x72,0x65,0x63,0x74,0x69,0x76,0x65,0x00,0x05,0x00,0x04,0x00,0x04,0x00,0x00,0x00,
        0x6D,0x61,0x69,0x6E,0x00,0x00,0x00,0x00,0x05,0x00,0x03,0x00,0x09,0x00,0x00,0x00,
        0x76,0x55,0x56,0x00,0x05,0x00,0x03,0x00,0x0B,0x00,0x00,0x00,0x61,0x55,0x56,0x00,
        0x05,0x00,0x06,0x00,0x11,0x00,0x00,0x00,0x67,0x6C,0x5F,0x50,0x65,0x72,0x56,0x65,
        0x72,0x74,0x65,0x78,0x00,0x00,0x00,0x00,0x06,0x00,0x06,0x00,0x11,0x00,0x00,0x00,
        0x00,0x00,0x00,0x00,0x67,0x6C,0x5F,0x50,0x6F,0x73,0x69,0x74,0x69,0x6F,0x6E,0x00,
        0x06,0x00,0x07,0x00,0x11,0x00,0x00,0x00,0x01,0x00,0x00,0x00,0x67,0x6C,0x5F,0x50,
        0x6F,0x69,0x6E,0x74,0x53,0x69,0x7A,0x65,0x00,0x00,0x00,0x00,0x06,0x00,0x07,0x00,
        0x11,0x00,0x00,0x00,0x02,0x00,0x00,0x00,0x67,0x6C,0x5F,0x43,0x6C,0x69,0x70,0x44,
        0x69,0x73,0x74,0x61,0x6E,0x63,0x65,0x00,0x06,0x00,0x07,0x00,0x11,0x00,0x00,0x00,
        0x03,0x00,0x00,0x00,0x67,0x6C,0x5F,0x43,0x75,0x6C,0x6C,0x44,0x69,0x73,0x74,0x61,
        0x6E,0x63,0x65,0x00,0x05,0x00,0x03,0x00,0x13,0x00,0x00,0x00,0x00,0x00,0x00,0x00,
        0x05,0x00,0x06,0x00,0x17,0x00,0x00,0x00,0x56,0x65,0x72,0x74,0x55,0x6E,0x69,0x66,
        0x6F,0x72,0x6D,0x73,0x00,0x00,0x00,0x00,0x06,0x00,0x06,0x00,0x17,0x00,0x00,0x00,
        0x00,0x00,0x00,0x00,0x75,0x56,0x69,0x65,0x77,0x4D,0x61,0x74,0x72,0x69,0x78,0x00,
        0x06,0x00,0x06,0x00,0x17,0x00,0x00,0x00,0x01,0x00,0x00,0x00,0x75,0x50,0x72,0x6F,
        0x6A,0x4D,0x61,0x74,0x72,0x69,0x78,0x00,0x06,0x00,0x07,0x00,0x17,0x00,0x00,0x00,
        0x02,0x00,0x00,0x00,0x75,0x4D,0x6F,0x64,0x65,0x6C,0x4D,0x61,0x74,0x72,0x69,0x78,
        0x00,0x00,0x00,0x00,0x05,0x00,0x03,0x00,0x19,0x00,0x00,0x00,0x00,0x00,0x00,0x00,
        0x05,0x00,0x04,0x00,0x27,0x00,0x00,0x00,0x61,0x50,0x6F,0x73,0x00,0x00,0x00,0x00,
        0x47,0x00,0x04,0x00,0x09,0x00,0x00,0x00,0x1E,0x00,0x00,0x00,0x00,0x00,0x00,0x00,
        0x47,0x00,0x04,0x00,0x0B,0x00,0x00,0x00,0x1E,0x00,0x00,0x00,0x01,0x00,0x00,0x00,
        0x47,0x00,0x03,0x00,0x11,0x00,0x00,0x00,0x02,0x00,0x00,0x00,0x48,0x00,0x05,0x00,
        0x11,0x00,0x00,0x00,0x00,0x00,0x00,0x00,0x0B,0x00,0x00,0x00,0x00,0x00,0x00,0x00,
        0x48,0x00,0x05,0x00,0x11,0x00,0x00,0x00,0x01,0x00,0x00,0x00,0x0B,0x00,0x00,0x00,
        0x01,0x00,0x00,0x00,0x48,0x00,0x05,0x00,0x11,0x00,0x00,0x00,0x02,0x00,0x00,0x00,
        0x0B,0x00,0x00,0x00,0x03,0x00,0x00,0x00,0x48,0x00,0x05,0x00,0x11,0x00,0x00,0x00,
        0x03,0x00,0x00,0x00,0x0B,0x00,0x00,0x00,0x04,0x00,0x00,0x00,0x47,0x00,0x03,0x00,
        0x17,0x00,0x00,0x00,0x02,0x00,0x00,0x00,0x48,0x00,0x04,0x00,0x17,0x00,0x00,0x00,
        0x00,0x00,0x00,0x00,0x05,0x00,0x00,0x00,0x48,0x00,0x05,0x00,0x17,0x00,0x00,0x00,
        0x00,0x00,0x00,0x00,0x07,0x00,0x00,0x00,0x10,0x00,0x00,0x00,0x48,0x00,0x05,0x00,
        0x17,0x00,0x00,0x00,0x00,0x00,0x00,0x00,0x23,0x00,0x00,0x00,0x00,0x00,0x00,0x00,
        0x48,0x00,0x04,0x00,0x17,0x00,0x00,0x00,0x01,0x00,0x00,0x00,0x05,0x00,0x00,0x00,
        0x48,0x00,0x05,0x00,0x17,0x00,0x00,0x00,0x01,0x00,0x00,0x00,0x07,0x00,0x00,0x00,
        0x10,0x00,0x00,0x00,0x48,0x00,0x05,0x00,0x17,0x00,0x00,0x00,0x01,0x00,0x00,0x00,
        0x23,0x00,0x00,0x00,0x40,0x00,0x00,0x00,0x48,0x00,0x04,0x00,0x17,0x00,0x00,0x00,
        0x02,0x00,0x00,0x00,0x05,0x00,0x00,0x00,0x48,0x00,0x05,0x00,0x17,0x00,0x00,0x00,
        0x02,0x00,0x00,0x00,0x07,0x00,0x00,0x00,0x10,0x00,0x00,0x00,0x48,0x00,0x05,0x00,
        0x17,0x00,0x00,0x00,0x02,0x00,0x00,0x00,0x23,0x00,0x00,0x00,0x80,0x00,0x00,0x00,
        0x47,0x00,0x04,0x00,0x19,0x00,0x00,0x00,0x21,0x00,0x00,0x00,0x00,0x00,0x00,0x00,
        0x47,0x00,0x04,0x00,0x19,0x00,0x00,0x00,0x22,0x00,0x00,0x00,0x01,0x00,0x00,0x00,
        0x47,0x00,0x04,0x00,0x27,0x00,0x00,0x00,0x1E,0x00,0x00,0x00,0x00,0x00,0x00,0x00,
        0x13,0x00,0x02,0x00,0x02,0x00,0x00,0x00,0x21,0x00,0x03,0x00,0x03,0x00,0x00,0x00,
        0x02,0x00,0x00,0x00,0x16,0x00,0x03,0x00,0x06,0x00,0x00,0x00,0x20,0x00,0x00,0x00,
        0x17,0x00,0x04,0x00,0x07,0x00,0x00,0x00,0x06,0x00,0x00,0x00,0x02,0x00,0x00,0x00,
        0x20,0x00,0x04,0x00,0x08,0x00,0x00,0x00,0x03,0x00,0x00,0x00,0x07,0x00,0x00,0x00,
        0x3B,0x00,0x04,0x00,0x08,0x00,0x00,0x00,0x09,0x00,0x00,0x00,0x03,0x00,0x00,0x00,
        0x20,0x00,0x04,0x00,0x0A,0x00,0x00,0x00,0x01,0x00,0x00,0x00,0x07,0x00,0x00,0x00,
        0x3B,0x00,0x04,0x00,0x0A,0x00,0x00,0x00,0x0B,0x00,0x00,0x00,0x01,0x00,0x00,0x00,
        0x17,0x00,0x04,0x00,0x0D,0x00,0x00,0x00,0x06,0x00,0x00,0x00,0x04,0x00,0x00,0x00,
        0x15,0x00,0x04,0x00,0x0E,0x00,0x00,0x00,0x20,0x00,0x00,0x00,0x00,0x00,0x00,0x00,
        0x2B,0x00,0x04,0x00,0x0E,0x00,0x00,0x00,0x0F,0x00,0x00,0x00,0x01,0x00,0x00,0x00,
        0x1C,0x00,0x04,0x00,0x10,0x00,0x00,0x00,0x06,0x00,0x00,0x00,0x0F,0x00,0x00,0x00,
        0x1E,0x00,0x06,0x00,0x11,0x00,0x00,0x00,0x0D,0x00,0x00,0x00,0x06,0x00,0x00,0x00,
        0x10,0x00,0x00,0x00,0x10,0x00,0x00,0x00,0x20,0x00,0x04,0x00,0x12,0x00,0x00,0x00,
        0x03,0x00,0x00,0x00,0x11,0x00,0x00,0x00,0x3B,0x00,0x04,0x00,0x12,0x00,0x00,0x00,
        0x13,0x00,0x00,0x00,0x03,0x00,0x00,0x00,0x15,0x00,0x04,0x00,0x14,0x00,0x00,0x00,
        0x20,0x00,0x00,0x00,0x01,0x00,0x00,0x00,0x2B,0x00,0x04,0x00,0x14,0x00,0x00,0x00,
        0x15,0x00,0x00,0x00,0x00,0x00,0x00,0x00,0x18,0x00,0x04,0x00,0x16,0x00,0x00,0x00,
        0x0D,0x00,0x00,0x00,0x04,0x00,0x00,0x00,0x1E,0x00,0x05,0x00,0x17,0x00,0x00,0x00,
        0x16,0x00,0x00,0x00,0x16,0x00,0x00,0x00,0x16,0x00,0x00,0x00,0x20,0x00,0x04,0x00,
        0x18,0x00,0x00,0x00,0x02,0x00,0x00,0x00,0x17,0x00,0x00,0x00,0x3B,0x00,0x04,0x00,
        0x18,0x00,0x00,0x00,0x19,0x00,0x00,0x00,0x02,0x00,0x00,0x00,0x2B,0x00,0x04,0x00,
        0x14,0x00,0x00,0x00,0x1A,0x00,0x00,0x00,0x01,0x00,0x00,0x00,0x20,0x00,0x04,0x00,
        0x1B,0x00,0x00,0x00,0x02,0x00,0x00,0x00,0x16,0x00,0x00,0x00,0x2B,0x00,0x04,0x00,
        0x14,0x00,0x00,0x00,0x21,0x00,0x00,0x00,0x02,0x00,0x00,0x00,0x17,0x00,0x04,0x00,
        0x25,0x00,0x00,0x00,0x06,0x00,0x00,0x00,0x03,0x00,0x00,0x00,0x20,0x00,0x04,0x00,
        0x26,0x00,0x00,0x00,0x01,0x00,0x00,0x00,0x25,0x00,0x00,0x00,0x3B,0x00,0x04,0x00,
        0x26,0x00,0x00,0x00,0x27,0x00,0x00,0x00,0x01,0x00,0x00,0x00,0x2B,0x00,0x04,0x00,
        0x06,0x00,0x00,0x00,0x29,0x00,0x00,0x00,0x00,0x00,0x80,0x3F,0x20,0x00,0x04,0x00,
        0x2F,0x00,0x00,0x00,0x03,0x00,0x00,0x00,0x0D,0x00,0x00,0x00,0x36,0x00,0x05,0x00,
        0x02,0x00,0x00,0x00,0x04,0x00,0x00,0x00,0x00,0x00,0x00,0x00,0x03,0x00,0x00,0x00,
        0xF8,0x00,0x02,0x00,0x05,0x00,0x00,0x00,0x3D,0x00,0x04,0x00,0x07,0x00,0x00,0x00,
        0x0C,0x00,0x00,0x00,0x0B,0x00,0x00,0x00,0x3E,0x00,0x03,0x00,0x09,0x00,0x00,0x00,
        0x0C,0x00,0x00,0x00,0x41,0x00,0x05,0x00,0x1B,0x00,0x00,0x00,0x1C,0x00,0x00,0x00,
        0x19,0x00,0x00,0x00,0x1A,0x00,0x00,0x00,0x3D,0x00,0x04,0x00,0x16,0x00,0x00,0x00,
        0x1D,0x00,0x00,0x00,0x1C,0x00,0x00,0x00,0x41,0x00,0x05,0x00,0x1B,0x00,0x00,0x00,
        0x1E,0x00,0x00,0x00,0x19,0x00,0x00,0x00,0x15,0x00,0x00,0x00,0x3D,0x00,0x04,0x00,
        0x16,0x00,0x00,0x00,0x1F,0x00,0x00,0x00,0x1E,0x00,0x00,0x00,0x92,0x00,0x05,0x00,
        0x16,0x00,0x00,0x00,0x20,0x00,0x00,0x00,0x1D,0x00,0x00,0x00,0x1F,0x00,0x00,0x00,
        0x41,0x00,0x05,0x00,0x1B,0x00,0x00,0x00,0x22,0x00,0x00,0x00,0x19,0x00,0x00,0x00,
        0x21,0x00,0x00,0x00,0x3D,0x00,0x04,0x00,0x16,0x00,0x00,0x00,0x23,0x00,0x00,0x00,
        0x22,0x00,0x00,0x00,0x92,0x00,0x05,0x00,0x16,0x00,0x00,0x00,0x24,0x00,0x00,0x00,
        0x20,0x00,0x00,0x00,0x23,0x00,0x00,0x00,0x3D,0x00,0x04,0x00,0x25,0x00,0x00,0x00,
        0x28,0x00,0x00,0x00,0x27,0x00,0x00,0x00,0x51,0x00,0x05,0x00,0x06,0x00,0x00,0x00,
        0x2A,0x00,0x00,0x00,0x28,0x00,0x00,0x00,0x00,0x00,0x00,0x00,0x51,0x00,0x05,0x00,
        0x06,0x00,0x00,0x00,0x2B,0x00,0x00,0x00,0x28,0x00,0x00,0x00,0x01,0x00,0x00,0x00,
        0x51,0x00,0x05,0x00,0x06,0x00,0x00,0x00,0x2C,0x00,0x00,0x00,0x28,0x00,0x00,0x00,
        0x02,0x00,0x00,0x00,0x50,0x00,0x07,0x00,0x0D,0x00,0x00,0x00,0x2D,0x00,0x00,0x00,
        0x2A,0x00,0x00,0x00,0x2B,0x00,0x00,0x00,0x2C,0x00,0x00,0x00,0x29,0x00,0x00,0x00,
        0x91,0x00,0x05,0x00,0x0D,0x00,0x00,0x00,0x2E,0x00,0x00,0x00,0x24,0x00,0x00,0x00,
        0x2D,0x00,0x00,0x00,0x41,0x00,0x05,0x00,0x2F,0x00,0x00,0x00,0x30,0x00,0x00,0x00,
        0x13,0x00,0x00,0x00,0x15,0x00,0x00,0x00,0x3E,0x00,0x03,0x00,0x30,0x00,0x00,0x00,
        0x2E,0x00,0x00,0x00,0xFD,0x00,0x01,0x00,0x38,0x00,0x01,0x00,
    };
    inline const size_t g_spv_cloth_vert_spv_size = sizeof(g_spv_cloth_vert_spv);

    // general.frag.spv (3220 bytes)
    alignas(4) inline const uint8_t g_spv_general_frag_spv[] = {
        0x03,0x02,0x23,0x07,0x00,0x00,0x01,0x00,0x0B,0x00,0x0D,0x00,0x75,0x00,0x00,0x00,
        0x00,0x00,0x00,0x00,0x11,0x00,0x02,0x00,0x01,0x00,0x00,0x00,0x0B,0x00,0x06,0x00,
        0x01,0x00,0x00,0x00,0x47,0x4C,0x53,0x4C,0x2E,0x73,0x74,0x64,0x2E,0x34,0x35,0x30,
        0x00,0x00,0x00,0x00,0x0E,0x00,0x03,0x00,0x00,0x00,0x00,0x00,0x01,0x00,0x00,0x00,
        0x0F,0x00,0x0E,0x00,0x04,0x00,0x00,0x00,0x04,0x00,0x00,0x00,0x6D,0x61,0x69,0x6E,
        0x00,0x00,0x00,0x00,0x11,0x00,0x00,0x00,0x18,0x00,0x00,0x00,0x26,0x00,0x00,0x00,
        0x3D,0x00,0x00,0x00,0x57,0x00,0x00,0x00,0x66,0x00,0x00,0x00,0x71,0x00,0x00,0x00,
        0x72,0x00,0x00,0x00,0x74,0x00,0x00,0x00,0x10,0x00,0x03,0x00,0x04,0x00,0x00,0x00,
        0x07,0x00,0x00,0x00,0x03,0x00,0x03,0x00,0x02,0x00,0x00,0x00,0xC2,0x01,0x00,0x00,
        0x04,0x00,0x0A,0x00,0x47,0x4C,0x5F,0x47,0x4F,0x4F,0x47,0x4C,0x45,0x5F,0x63,0x70,
        0x70,0x5F,0x73,0x74,0x79,0x6C,0x65,0x5F,0x6C,0x69,0x6E,0x65,0x5F,0x64,0x69,0x72,
        0x65,0x63,0x74,0x69,0x76,0x65,0x00,0x00,0x04,0x00,0x08,0x00,0x47,0x4C,0x5F,0x47,
        0x4F,0x4F,0x47,0x4C,0x45,0x5F,0x69,0x6E,0x63,0x6C,0x75,0x64,0x65,0x5F,0x64,0x69,
        0x72,0x65,0x63,0x74,0x69,0x76,0x65,0x00,0x05,0x00,0x04,0x00,0x04,0x00,0x00,0x00,
        0x6D,0x61,0x69,0x6E,0x00,0x00,0x00,0x00,0x05,0x00,0x05,0x00,0x09,0x00,0x00,0x00,
        0x74,0x65,0x78,0x43,0x6F,0x6C,0x6F,0x72,0x00,0x00,0x00,0x00,0x05,0x00,0x05,0x00,
        0x0D,0x00,0x00,0x00,0x74,0x65,0x78,0x74,0x75,0x72,0x65,0x73,0x00,0x00,0x00,0x00,
        0x05,0x00,0x04,0x00,0x11,0x00,0x00,0x00,0x46,0x69,0x6E,0x61,0x6C,0x55,0x56,0x00,
        0x05,0x00,0x05,0x00,0x16,0x00,0x00,0x00,0x62,0x61,0x73,0x65,0x43,0x6F,0x6C,0x6F,
        0x72,0x00,0x00,0x00,0x05,0x00,0x06,0x00,0x18,0x00,0x00,0x00,0x65,0x6E,0x61,0x62,
        0x6C,0x65,0x54,0x65,0x78,0x74,0x75,0x72,0x65,0x00,0x00,0x00,0x05,0x00,0x07,0x00,
        0x26,0x00,0x00,0x00,0x76,0x43,0x75,0x73,0x74,0x6F,0x6D,0x43,0x6F,0x6C,0x6F,0x72,
        0x54,0x69,0x6E,0x74,0x00,0x00,0x00,0x00,0x05,0x00,0x03,0x00,0x2C,0x00,0x00,0x00,
        0x6C,0x75,0x6D,0x00,0x05,0x00,0x05,0x00,0x39,0x00,0x00,0x00,0x66,0x69,0x6E,0x61,
        0x6C,0x43,0x6F,0x6C,0x6F,0x72,0x00,0x00,0x05,0x00,0x06,0x00,0x3D,0x00,0x00,0x00,
        0x42,0x6F,0x64,0x79,0x4C,0x69,0x67,0x68,0x74,0x43,0x6F,0x6C,0x6F,0x72,0x00,0x00,
        0x05,0x00,0x06,0x00,0x44,0x00,0x00,0x00,0x46,0x72,0x61,0x67,0x55,0x6E,0x69,0x66,
        0x6F,0x72,0x6D,0x73,0x00,0x00,0x00,0x00,0x06,0x00,0x07,0x00,0x44,0x00,0x00,0x00,
        0x00,0x00,0x00,0x00,0x75,0x42,0x61,0x74,0x63,0x68,0x54,0x65,0x78,0x74,0x75,0x72,
        0x65,0x00,0x00,0x00,0x06,0x00,0x06,0x00,0x44,0x00,0x00,0x00,0x01,0x00,0x00,0x00,
        0x75,0x42,0x72,0x69,0x67,0x68,0x74,0x6E,0x65,0x73,0x73,0x00,0x06,0x00,0x08,0x00,
        0x44,0x00,0x00,0x00,0x02,0x00,0x00,0x00,0x75,0x41,0x6C,0x70,0x68,0x61,0x54,0x65,
        0x73,0x74,0x54,0x68,0x72,0x65,0x73,0x68,0x6F,0x6C,0x64,0x00,0x06,0x00,0x05,0x00,
        0x44,0x00,0x00,0x00,0x03,0x00,0x00,0x00,0x5F,0x70,0x61,0x64,0x00,0x00,0x00,0x00,
        0x05,0x00,0x03,0x00,0x46,0x00,0x00,0x00,0x00,0x00,0x00,0x00,0x05,0x00,0x05,0x00,
        0x4E,0x00,0x00,0x00,0x66,0x69,0x6E,0x61,0x6C,0x41,0x6C,0x70,0x68,0x61,0x00,0x00,
        0x05,0x00,0x04,0x00,0x57,0x00,0x00,0x00,0x41,0x6C,0x70,0x68,0x61,0x00,0x00,0x00,
        0x05,0x00,0x05,0x00,0x66,0x00,0x00,0x00,0x46,0x72,0x61,0x67,0x43,0x6F,0x6C,0x6F,
        0x72,0x00,0x00,0x00,0x05,0x00,0x05,0x00,0x71,0x00,0x00,0x00,0x4C,0x69,0x67,0x68,
        0x74,0x46,0x61,0x63,0x74,0x6F,0x72,0x00,0x05,0x00,0x05,0x00,0x72,0x00,0x00,0x00,
        0x76,0x49,0x6E,0x74,0x65,0x6E,0x73,0x69,0x74,0x79,0x00,0x00,0x05,0x00,0x06,0x00,
        0x74,0x00,0x00,0x00,0x74,0x65,0x78,0x74,0x75,0x72,0x65,0x49,0x6E,0x64,0x65,0x78,
        0x00,0x00,0x00,0x00,0x47,0x00,0x04,0x00,0x0D,0x00,0x00,0x00,0x21,0x00,0x00,0x00,
        0x00,0x00,0x00,0x00,0x47,0x00,0x04,0x00,0x0D,0x00,0x00,0x00,0x22,0x00,0x00,0x00,
        0x02,0x00,0x00,0x00,0x47,0x00,0x04,0x00,0x11,0x00,0x00,0x00,0x1E,0x00,0x00,0x00,
        0x00,0x00,0x00,0x00,0x47,0x00,0x04,0x00,0x18,0x00,0x00,0x00,0x1E,0x00,0x00,0x00,
        0x05,0x00,0x00,0x00,0x47,0x00,0x03,0x00,0x26,0x00,0x00,0x00,0x0E,0x00,0x00,0x00,
        0x47,0x00,0x04,0x00,0x26,0x00,0x00,0x00,0x1E,0x00,0x00,0x00,0x07,0x00,0x00,0x00,
        0x47,0x00,0x04,0x00,0x3D,0x00,0x00,0x00,0x1E,0x00,0x00,0x00,0x03,0x00,0x00,0x00,
        0x47,0x00,0x03,0x00,0x44,0x00,0x00,0x00,0x02,0x00,0x00,0x00,0x48,0x00,0x05,0x00,
        0x44,0x00,0x00,0x00,0x00,0x00,0x00,0x00,0x23,0x00,0x00,0x00,0x00,0x00,0x00,0x00,
        0x48,0x00,0x05,0x00,0x44,0x00,0x00,0x00,0x01,0x00,0x00,0x00,0x23,0x00,0x00,0x00,
        0x04,0x00,0x00,0x00,0x48,0x00,0x05,0x00,0x44,0x00,0x00,0x00,0x02,0x00,0x00,0x00,
        0x23,0x00,0x00,0x00,0x08,0x00,0x00,0x00,0x48,0x00,0x05,0x00,0x44,0x00,0x00,0x00,
        0x03,0x00,0x00,0x00,0x23,0x00,0x00,0x00,0x0C,0x00,0x00,0x00,0x47,0x00,0x04,0x00,
        0x46,0x00,0x00,0x00,0x21,0x00,0x00,0x00,0x00,0x00,0x00,0x00,0x47,0x00,0x04,0x00,
        0x46,0x00,0x00,0x00,0x22,0x00,0x00,0x00,0x03,0x00,0x00,0x00,0x47,0x00,0x04,0x00,
        0x57,0x00,0x00,0x00,0x1E,0x00,0x00,0x00,0x01,0x00,0x00,0x00,0x47,0x00,0x04,0x00,
        0x66,0x00,0x00,0x00,0x1E,0x00,0x00,0x00,0x00,0x00,0x00,0x00,0x47,0x00,0x04,0x00,
        0x71,0x00,0x00,0x00,0x1E,0x00,0x00,0x00,0x02,0x00,0x00,0x00,0x47,0x00,0x04,0x00,
        0x72,0x00,0x00,0x00,0x1E,0x00,0x00,0x00,0x04,0x00,0x00,0x00,0x47,0x00,0x03,0x00,
        0x74,0x00,0x00,0x00,0x0E,0x00,0x00,0x00,0x47,0x00,0x04,0x00,0x74,0x00,0x00,0x00,
        0x1E,0x00,0x00,0x00,0x06,0x00,0x00,0x00,0x13,0x00,0x02,0x00,0x02,0x00,0x00,0x00,
        0x21,0x00,0x03,0x00,0x03,0x00,0x00,0x00,0x02,0x00,0x00,0x00,0x16,0x00,0x03,0x00,
        0x06,0x00,0x00,0x00,0x20,0x00,0x00,0x00,0x17,0x00,0x04,0x00,0x07,0x00,0x00,0x00,
        0x06,0x00,0x00,0x00,0x04,0x00,0x00,0x00,0x20,0x00,0x04,0x00,0x08,0x00,0x00,0x00,
        0x07,0x00,0x00,0x00,0x07,0x00,0x00,0x00,0x19,0x00,0x09,0x00,0x0A,0x00,0x00,0x00,
        0x06,0x00,0x00,0x00,0x01,0x00,0x00,0x00,0x00,0x00,0x00,0x00,0x00,0x00,0x00,0x00,
        0x00,0x00,0x00,0x00,0x01,0x00,0x00,0x00,0x00,0x00,0x00,0x00,0x1B,0x00,0x03,0x00,
        0x0B,0x00,0x00,0x00,0x0A,0x00,0x00,0x00,0x20,0x00,0x04,0x00,0x0C,0x00,0x00,0x00,
        0x00,0x00,0x00,0x00,0x0B,0x00,0x00,0x00,0x3B,0x00,0x04,0x00,0x0C,0x00,0x00,0x00,
        0x0D,0x00,0x00,0x00,0x00,0x00,0x00,0x00,0x17,0x00,0x04,0x00,0x0F,0x00,0x00,0x00,
        0x06,0x00,0x00,0x00,0x02,0x00,0x00,0x00,0x20,0x00,0x04,0x00,0x10,0x00,0x00,0x00,
        0x01,0x00,0x00,0x00,0x0F,0x00,0x00,0x00,0x3B,0x00,0x04,0x00,0x10,0x00,0x00,0x00,
        0x11,0x00,0x00,0x00,0x01,0x00,0x00,0x00,0x17,0x00,0x04,0x00,0x14,0x00,0x00,0x00,
        0x06,0x00,0x00,0x00,0x03,0x00,0x00,0x00,0x20,0x00,0x04,0x00,0x15,0x00,0x00,0x00,
        0x07,0x00,0x00,0x00,0x14,0x00,0x00,0x00,0x20,0x00,0x04,0x00,0x17,0x00,0x00,0x00,
        0x01,0x00,0x00,0x00,0x06,0x00,0x00,0x00,0x3B,0x00,0x04,0x00,0x17,0x00,0x00,0x00,
        0x18,0x00,0x00,0x00,0x01,0x00,0x00,0x00,0x2B,0x00,0x04,0x00,0x06,0x00,0x00,0x00,
        0x1A,0x00,0x00,0x00,0x00,0x00,0x00,0x3F,0x14,0x00,0x02,0x00,0x1B,0x00,0x00,0x00,
        0x2B,0x00,0x04,0x00,0x06,0x00,0x00,0x00,0x23,0x00,0x00,0x00,0x00,0x00,0x80,0x3F,
        0x2C,0x00,0x06,0x00,0x14,0x00,0x00,0x00,0x24,0x00,0x00,0x00,0x23,0x00,0x00,0x00,
        0x23,0x00,0x00,0x00,0x23,0x00,0x00,0x00,0x3B,0x00,0x04,0x00,0x17,0x00,0x00,0x00,
        0x26,0x00,0x00,0x00,0x01,0x00,0x00,0x00,0x20,0x00,0x04,0x00,0x2B,0x00,0x00,0x00,
        0x07,0x00,0x00,0x00,0x06,0x00,0x00,0x00,0x15,0x00,0x04,0x00,0x2D,0x00,0x00,0x00,
        0x20,0x00,0x00,0x00,0x00,0x00,0x00,0x00,0x2B,0x00,0x04,0x00,0x2D,0x00,0x00,0x00,
        0x2E,0x00,0x00,0x00,0x00,0x00,0x00,0x00,0x2B,0x00,0x04,0x00,0x2D,0x00,0x00,0x00,
        0x31,0x00,0x00,0x00,0x01,0x00,0x00,0x00,0x2B,0x00,0x04,0x00,0x2D,0x00,0x00,0x00,
        0x35,0x00,0x00,0x00,0x02,0x00,0x00,0x00,0x20,0x00,0x04,0x00,0x3C,0x00,0x00,0x00,
        0x01,0x00,0x00,0x00,0x14,0x00,0x00,0x00,0x3B,0x00,0x04,0x00,0x3C,0x00,0x00,0x00,
        0x3D,0x00,0x00,0x00,0x01,0x00,0x00,0x00,0x1E,0x00,0x06,0x00,0x44,0x00,0x00,0x00,
        0x06,0x00,0x00,0x00,0x06,0x00,0x00,0x00,0x06,0x00,0x00,0x00,0x06,0x00,0x00,0x00,
        0x20,0x00,0x04,0x00,0x45,0x00,0x00,0x00,0x02,0x00,0x00,0x00,0x44,0x00,0x00,0x00,
        0x3B,0x00,0x04,0x00,0x45,0x00,0x00,0x00,0x46,0x00,0x00,0x00,0x02,0x00,0x00,0x00,
        0x15,0x00,0x04,0x00,0x47,0x00,0x00,0x00,0x20,0x00,0x00,0x00,0x01,0x00,0x00,0x00,
        0x2B,0x00,0x04,0x00,0x47,0x00,0x00,0x00,0x48,0x00,0x00,0x00,0x01,0x00,0x00,0x00,
        0x20,0x00,0x04,0x00,0x49,0x00,0x00,0x00,0x02,0x00,0x00,0x00,0x06,0x00,0x00,0x00,
        0x2B,0x00,0x04,0x00,0x2D,0x00,0x00,0x00,0x54,0x00,0x00,0x00,0x03,0x00,0x00,0x00,
        0x3B,0x00,0x04,0x00,0x17,0x00,0x00,0x00,0x57,0x00,0x00,0x00,0x01,0x00,0x00,0x00,
        0x2B,0x00,0x04,0x00,0x47,0x00,0x00,0x00,0x5E,0x00,0x00,0x00,0x02,0x00,0x00,0x00,
        0x20,0x00,0x04,0x00,0x65,0x00,0x00,0x00,0x03,0x00,0x00,0x00,0x07,0x00,0x00,0x00,
        0x3B,0x00,0x04,0x00,0x65,0x00,0x00,0x00,0x66,0x00,0x00,0x00,0x03,0x00,0x00,0x00,
        0x2B,0x00,0x04,0x00,0x06,0x00,0x00,0x00,0x68,0x00,0x00,0x00,0x00,0x00,0x00,0x00,
        0x3B,0x00,0x04,0x00,0x17,0x00,0x00,0x00,0x71,0x00,0x00,0x00,0x01,0x00,0x00,0x00,
        0x3B,0x00,0x04,0x00,0x17,0x00,0x00,0x00,0x72,0x00,0x00,0x00,0x01,0x00,0x00,0x00,
        0x20,0x00,0x04,0x00,0x73,0x00,0x00,0x00,0x01,0x00,0x00,0x00,0x47,0x00,0x00,0x00,
        0x3B,0x00,0x04,0x00,0x73,0x00,0x00,0x00,0x74,0x00,0x00,0x00,0x01,0x00,0x00,0x00,
        0x36,0x00,0x05,0x00,0x02,0x00,0x00,0x00,0x04,0x00,0x00,0x00,0x00,0x00,0x00,0x00,
        0x03,0x00,0x00,0x00,0xF8,0x00,0x02,0x00,0x05,0x00,0x00,0x00,0x3B,0x00,0x04,0x00,
        0x08,0x00,0x00,0x00,0x09,0x00,0x00,0x00,0x07,0x00,0x00,0x00,0x3B,0x00,0x04,0x00,
        0x15,0x00,0x00,0x00,0x16,0x00,0x00,0x00,0x07,0x00,0x00,0x00,0x3B,0x00,0x04,0x00,
        0x15,0x00,0x00,0x00,0x1D,0x00,0x00,0x00,0x07,0x00,0x00,0x00,0x3B,0x00,0x04,0x00,
        0x2B,0x00,0x00,0x00,0x2C,0x00,0x00,0x00,0x07,0x00,0x00,0x00,0x3B,0x00,0x04,0x00,
        0x15,0x00,0x00,0x00,0x39,0x00,0x00,0x00,0x07,0x00,0x00,0x00,0x3B,0x00,0x04,0x00,
        0x2B,0x00,0x00,0x00,0x4E,0x00,0x00,0x00,0x07,0x00,0x00,0x00,0x3B,0x00,0x04,0x00,
        0x2B,0x00,0x00,0x00,0x51,0x00,0x00,0x00,0x07,0x00,0x00,0x00,0x3D,0x00,0x04,0x00,
        0x0B,0x00,0x00,0x00,0x0E,0x00,0x00,0x00,0x0D,0x00,0x00,0x00,0x3D,0x00,0x04,0x00,
        0x0F,0x00,0x00,0x00,0x12,0x00,0x00,0x00,0x11,0x00,0x00,0x00,0x57,0x00,0x05,0x00,
        0x07,0x00,0x00,0x00,0x13,0x00,0x00,0x00,0x0E,0x00,0x00,0x00,0x12,0x00,0x00,0x00,
        0x3E,0x00,0x03,0x00,0x09,0x00,0x00,0x00,0x13,0x00,0x00,0x00,0x3D,0x00,0x04,0x00,
        0x06,0x00,0x00,0x00,0x19,0x00,0x00,0x00,0x18,0x00,0x00,0x00,0xBA,0x00,0x05,0x00,
        0x1B,0x00,0x00,0x00,0x1C,0x00,0x00,0x00,0x19,0x00,0x00,0x00,0x1A,0x00,0x00,0x00,
        0xF7,0x00,0x03,0x00,0x1F,0x00,0x00,0x00,0x00,0x00,0x00,0x00,0xFA,0x00,0x04,0x00,
        0x1C,0x00,0x00,0x00,0x1E,0x00,0x00,0x00,0x22,0x00,0x00,0x00,0xF8,0x00,0x02,0x00,
        0x1E,0x00,0x00,0x00,0x3D,0x00,0x04,0x00,0x07,0x00,0x00,0x00,0x20,0x00,0x00,0x00,
        0x09,0x00,0x00,0x00,0x4F,0x00,0x08,0x00,0x14,0x00,0x00,0x00,0x21,0x00,0x00,0x00,
        0x20,0x00,0x00,0x00,0x20,0x00,0x00,0x00,0x00,0x00,0x00,0x00,0x01,0x00,0x00,0x00,
        0x02,0x00,0x00,0x00,0x3E,0x00,0x03,0x00,0x1D,0x00,0x00,0x00,0x21,0x00,0x00,0x00,
        0xF9,0x00,0x02,0x00,0x1F,0x00,0x00,0x00,0xF8,0x00,0x02,0x00,0x22,0x00,0x00,0x00,
        0x3E,0x00,0x03,0x00,0x1D,0x00,0x00,0x00,0x24,0x00,0x00,0x00,0xF9,0x00,0x02,0x00,
        0x1F,0x00,0x00,0x00,0xF8,0x00,0x02,0x00,0x1F,0x00,0x00,0x00,0x3D,0x00,0x04,0x00,
        0x14,0x00,0x00,0x00,0x25,0x00,0x00,0x00,0x1D,0x00,0x00,0x00,0x3E,0x00,0x03,0x00,
        0x16,0x00,0x00,0x00,0x25,0x00,0x00,0x00,0x3D,0x00,0x04,0x00,0x06,0x00,0x00,0x00,
        0x27,0x00,0x00,0x00,0x26,0x00,0x00,0x00,0xBA,0x00,0x05,0x00,0x1B,0x00,0x00,0x00,
        0x28,0x00,0x00,0x00,0x27,0x00,0x00,0x00,0x1A,0x00,0x00,0x00,0xF7,0x00,0x03,0x00,
        0x2A,0x00,0x00,0x00,0x00,0x00,0x00,0x00,0xFA,0x00,0x04,0x00,0x28,0x00,0x00,0x00,
        0x29,0x00,0x00,0x00,0x40,0x00,0x00,0x00,0xF8,0x00,0x02,0x00,0x29,0x00,0x00,0x00,
        0x41,0x00,0x05,0x00,0x2B,0x00,0x00,0x00,0x2F,0x00,0x00,0x00,0x16,0x00,0x00,0x00,
        0x2E,0x00,0x00,0x00,0x3D,0x00,0x04,0x00,0x06,0x00,0x00,0x00,0x30,0x00,0x00,0x00,
        0x2F,0x00,0x00,0x00,0x41,0x00,0x05,0x00,0x2B,0x00,0x00,0x00,0x32,0x00,0x00,0x00,
        0x16,0x00,0x00,0x00,0x31,0x00,0x00,0x00,0x3D,0x00,0x04,0x00,0x06,0x00,0x00,0x00,
        0x33,0x00,0x00,0x00,0x32,0x00,0x00,0x00,0x0C,0x00,0x07,0x00,0x06,0x00,0x00,0x00,
        0x34,0x00,0x00,0x00,0x01,0x00,0x00,0x00,0x28,0x00,0x00,0x00,0x30,0x00,0x00,0x00,
        0x33,0x00,0x00,0x00,0x41,0x00,0x05,0x00,0x2B,0x00,0x00,0x00,0x36,0x00,0x00,0x00,
        0x16,0x00,0x00,0x00,0x35,0x00,0x00,0x00,0x3D,0x00,0x04,0x00,0x06,0x00,0x00,0x00,
        0x37,0x00,0x00,0x00,0x36,0x00,0x00,0x00,0x0C,0x00,0x07,0x00,0x06,0x00,0x00,0x00,
        0x38,0x00,0x00,0x00,0x01,0x00,0x00,0x00,0x28,0x00,0x00,0x00,0x34,0x00,0x00,0x00,
        0x37,0x00,0x00,0x00,0x3E,0x00,0x03,0x00,0x2C,0x00,0x00,0x00,0x38,0x00,0x00,0x00,
        0x3D,0x00,0x04,0x00,0x06,0x00,0x00,0x00,0x3A,0x00,0x00,0x00,0x2C,0x00,0x00,0x00,
        0x50,0x00,0x06,0x00,0x14,0x00,0x00,0x00,0x3B,0x00,0x00,0x00,0x3A,0x00,0x00,0x00,
        0x3A,0x00,0x00,0x00,0x3A,0x00,0x00,0x00,0x3D,0x00,0x04,0x00,0x14,0x00,0x00,0x00,
        0x3E,0x00,0x00,0x00,0x3D,0x00,0x00,0x00,0x85,0x00,0x05,0x00,0x14,0x00,0x00,0x00,
        0x3F,0x00,0x00,0x00,0x3B,0x00,0x00,0x00,0x3E,0x00,0x00,0x00,0x3E,0x00,0x03,0x00,
        0x39,0x00,0x00,0x00,0x3F,0x00,0x00,0x00,0xF9,0x00,0x02,0x00,0x2A,0x00,0x00,0x00,
        0xF8,0x00,0x02,0x00,0x40,0x00,0x00,0x00,0x3D,0x00,0x04,0x00,0x14,0x00,0x00,0x00,
        0x41,0x00,0x00,0x00,0x16,0x00,0x00,0x00,0x3D,0x00,0x04,0x00,0x14,0x00,0x00,0x00,
        0x42,0x00,0x00,0x00,0x3D,0x00,0x00,0x00,0x85,0x00,0x05,0x00,0x14,0x00,0x00,0x00,
        0x43,0x00,0x00,0x00,0x41,0x00,0x00,0x00,0x42,0x00,0x00,0x00,0x3E,0x00,0x03,0x00,
        0x39,0x00,0x00,0x00,0x43,0x00,0x00,0x00,0xF9,0x00,0x02,0x00,0x2A,0x00,0x00,0x00,
        0xF8,0x00,0x02,0x00,0x2A,0x00,0x00,0x00,0x41,0x00,0x05,0x00,0x49,0x00,0x00,0x00,
        0x4A,0x00,0x00,0x00,0x46,0x00,0x00,0x00,0x48,0x00,0x00,0x00,0x3D,0x00,0x04,0x00,
        0x06,0x00,0x00,0x00,0x4B,0x00,0x00,0x00,0x4A,0x00,0x00,0x00,0x3D,0x00,0x04,0x00,
        0x14,0x00,0x00,0x00,0x4C,0x00,0x00,0x00,0x39,0x00,0x00,0x00,0x8E,0x00,0x05,0x00,
        0x14,0x00,0x00,0x00,0x4D,0x00,0x00,0x00,0x4C,0x00,0x00,0x00,0x4B,0x00,0x00,0x00,
        0x3E,0x00,0x03,0x00,0x39,0x00,0x00,0x00,0x4D,0x00,0x00,0x00,0x3D,0x00,0x04,0x00,
        0x06,0x00,0x00,0x00,0x4F,0x00,0x00,0x00,0x18,0x00,0x00,0x00,0xBA,0x00,0x05,0x00,
        0x1B,0x00,0x00,0x00,0x50,0x00,0x00,0x00,0x4F,0x00,0x00,0x00,0x1A,0x00,0x00,0x00,
        0xF7,0x00,0x03,0x00,0x53,0x00,0x00,0x00,0x00,0x00,0x00,0x00,0xFA,0x00,0x04,0x00,
        0x50,0x00,0x00,0x00,0x52,0x00,0x00,0x00,0x5A,0x00,0x00,0x00,0xF8,0x00,0x02,0x00,
        0x52,0x00,0x00,0x00,0x41,0x00,0x05,0x00,0x2B,0x00,0x00,0x00,0x55,0x00,0x00,0x00,
        0x09,0x00,0x00,0x00,0x54,0x00,0x00,0x00,0x3D,0x00,0x04,0x00,0x06,0x00,0x00,0x00,
        0x56,0x00,0x00,0x00,0x55,0x00,0x00,0x00,0x3D,0x00,0x04,0x00,0x06,0x00,0x00,0x00,
        0x58,0x00,0x00,0x00,0x57,0x00,0x00,0x00,0x85,0x00,0x05,0x00,0x06,0x00,0x00,0x00,
        0x59,0x00,0x00,0x00,0x56,0x00,0x00,0x00,0x58,0x00,0x00,0x00,0x3E,0x00,0x03,0x00,
        0x51,0x00,0x00,0x00,0x59,0x00,0x00,0x00,0xF9,0x00,0x02,0x00,0x53,0x00,0x00,0x00,
        0xF8,0x00,0x02,0x00,0x5A,0x00,0x00,0x00,0x3D,0x00,0x04,0x00,0x06,0x00,0x00,0x00,
        0x5B,0x00,0x00,0x00,0x57,0x00,0x00,0x00,0x3E,0x00,0x03,0x00,0x51,0x00,0x00,0x00,
        0x5B,0x00,0x00,0x00,0xF9,0x00,0x02,0x00,0x53,0x00,0x00,0x00,0xF8,0x00,0x02,0x00,
        0x53,0x00,0x00,0x00,0x3D,0x00,0x04,0x00,0x06,0x00,0x00,0x00,0x5C,0x00,0x00,0x00,
        0x51,0x00,0x00,0x00,0x3E,0x00,0x03,0x00,0x4E,0x00,0x00,0x00,0x5C,0x00,0x00,0x00,
        0x3D,0x00,0x04,0x00,0x06,0x00,0x00,0x00,0x5D,0x00,0x00,0x00,0x4E,0x00,0x00,0x00,
        0x41,0x00,0x05,0x00,0x49,0x00,0x00,0x00,0x5F,0x00,0x00,0x00,0x46,0x00,0x00,0x00,
        0x5E,0x00,0x00,0x00,0x3D,0x00,0x04,0x00,0x06,0x00,0x00,0x00,0x60,0x00,0x00,0x00,
        0x5F,0x00,0x00,0x00,0xB8,0x00,0x05,0x00,0x1B,0x00,0x00,0x00,0x61,0x00,0x00,0x00,
        0x5D,0x00,0x00,0x00,0x60,0x00,0x00,0x00,0xF7,0x00,0x03,0x00,0x63,0x00,0x00,0x00,
        0x00,0x00,0x00,0x00,0xFA,0x00,0x04,0x00,0x61,0x00,0x00,0x00,0x62,0x00,0x00,0x00,
        0x63,0x00,0x00,0x00,0xF8,0x00,0x02,0x00,0x62,0x00,0x00,0x00,0xFC,0x00,0x01,0x00,
        0xF8,0x00,0x02,0x00,0x63,0x00,0x00,0x00,0x3D,0x00,0x04,0x00,0x14,0x00,0x00,0x00,
        0x67,0x00,0x00,0x00,0x39,0x00,0x00,0x00,0x50,0x00,0x06,0x00,0x14,0x00,0x00,0x00,
        0x69,0x00,0x00,0x00,0x68,0x00,0x00,0x00,0x68,0x00,0x00,0x00,0x68,0x00,0x00,0x00,
        0x50,0x00,0x06,0x00,0x14,0x00,0x00,0x00,0x6A,0x00,0x00,0x00,0x23,0x00,0x00,0x00,
        0x23,0x00,0x00,0x00,0x23,0x00,0x00,0x00,0x0C,0x00,0x08,0x00,0x14,0x00,0x00,0x00,
        0x6B,0x00,0x00,0x00,0x01,0x00,0x00,0x00,0x2B,0x00,0x00,0x00,0x67,0x00,0x00,0x00,
        0x69,0x00,0x00,0x00,0x6A,0x00,0x00,0x00,0x3D,0x00,0x04,0x00,0x06,0x00,0x00,0x00,
        0x6C,0x00,0x00,0x00,0x4E,0x00,0x00,0x00,0x51,0x00,0x05,0x00,0x06,0x00,0x00,0x00,
        0x6D,0x00,0x00,0x00,0x6B,0x00,0x00,0x00,0x00,0x00,0x00,0x00,0x51,0x00,0x05,0x00,
        0x06,0x00,0x00,0x00,0x6E,0x00,0x00,0x00,0x6B,0x00,0x00,0x00,0x01,0x00,0x00,0x00,
        0x51,0x00,0x05,0x00,0x06,0x00,0x00,0x00,0x6F,0x00,0x00,0x00,0x6B,0x00,0x00,0x00,
        0x02,0x00,0x00,0x00,0x50,0x00,0x07,0x00,0x07,0x00,0x00,0x00,0x70,0x00,0x00,0x00,
        0x6D,0x00,0x00,0x00,0x6E,0x00,0x00,0x00,0x6F,0x00,0x00,0x00,0x6C,0x00,0x00,0x00,
        0x3E,0x00,0x03,0x00,0x66,0x00,0x00,0x00,0x70,0x00,0x00,0x00,0xFD,0x00,0x01,0x00,
        0x38,0x00,0x01,0x00,
    };
    inline const size_t g_spv_general_frag_spv_size = sizeof(g_spv_general_frag_spv);

    // general.vert.spv (19088 bytes)
    alignas(4) inline const uint8_t g_spv_general_vert_spv[] = {
        0x03,0x02,0x23,0x07,0x00,0x00,0x01,0x00,0x0B,0x00,0x0D,0x00,0xED,0x02,0x00,0x00,
        0x00,0x00,0x00,0x00,0x11,0x00,0x02,0x00,0x01,0x00,0x00,0x00,0x0B,0x00,0x06,0x00,
        0x01,0x00,0x00,0x00,0x47,0x4C,0x53,0x4C,0x2E,0x73,0x74,0x64,0x2E,0x34,0x35,0x30,
        0x00,0x00,0x00,0x00,0x0E,0x00,0x03,0x00,0x00,0x00,0x00,0x00,0x01,0x00,0x00,0x00,
        0x0F,0x00,0x14,0x00,0x00,0x00,0x00,0x00,0x04,0x00,0x00,0x00,0x6D,0x61,0x69,0x6E,
        0x00,0x00,0x00,0x00,0x66,0x00,0x00,0x00,0x9C,0x00,0x00,0x00,0xA7,0x00,0x00,0x00,
        0xED,0x00,0x00,0x00,0xFC,0x00,0x00,0x00,0x23,0x01,0x00,0x00,0x3B,0x01,0x00,0x00,
        0x81,0x01,0x00,0x00,0xCD,0x01,0x00,0x00,0xE1,0x01,0x00,0x00,0xF2,0x01,0x00,0x00,
        0xFD,0x01,0x00,0x00,0x02,0x02,0x00,0x00,0xD1,0x02,0x00,0x00,0xEA,0x02,0x00,0x00,
        0x03,0x00,0x03,0x00,0x02,0x00,0x00,0x00,0xC2,0x01,0x00,0x00,0x04,0x00,0x0A,0x00,
        0x47,0x4C,0x5F,0x47,0x4F,0x4F,0x47,0x4C,0x45,0x5F,0x63,0x70,0x70,0x5F,0x73,0x74,
        0x79,0x6C,0x65,0x5F,0x6C,0x69,0x6E,0x65,0x5F,0x64,0x69,0x72,0x65,0x63,0x74,0x69,
        0x76,0x65,0x00,0x00,0x04,0x00,0x08,0x00,0x47,0x4C,0x5F,0x47,0x4F,0x4F,0x47,0x4C,
        0x45,0x5F,0x69,0x6E,0x63,0x6C,0x75,0x64,0x65,0x5F,0x64,0x69,0x72,0x65,0x63,0x74,
        0x69,0x76,0x65,0x00,0x05,0x00,0x04,0x00,0x04,0x00,0x00,0x00,0x6D,0x61,0x69,0x6E,
        0x00,0x00,0x00,0x00,0x05,0x00,0x09,0x00,0x0E,0x00,0x00,0x00,0x42,0x6F,0x6E,0x65,
        0x54,0x72,0x61,0x6E,0x73,0x66,0x6F,0x72,0x6D,0x50,0x6F,0x73,0x28,0x75,0x31,0x3B,
        0x76,0x66,0x33,0x3B,0x00,0x00,0x00,0x00,0x05,0x00,0x04,0x00,0x0C,0x00,0x00,0x00,
        0x62,0x61,0x73,0x65,0x00,0x00,0x00,0x00,0x05,0x00,0x03,0x00,0x0D,0x00,0x00,0x00,
        0x70,0x00,0x00,0x00,0x05,0x00,0x09,0x00,0x12,0x00,0x00,0x00,0x42,0x6F,0x6E,0x65,
        0x54,0x72,0x61,0x6E,0x73,0x66,0x6F,0x72,0x6D,0x44,0x69,0x72,0x28,0x75,0x31,0x3B,
        0x76,0x66,0x33,0x3B,0x00,0x00,0x00,0x00,0x05,0x00,0x04,0x00,0x10,0x00,0x00,0x00,
        0x62,0x61,0x73,0x65,0x00,0x00,0x00,0x00,0x05,0x00,0x03,0x00,0x11,0x00,0x00,0x00,
        0x64,0x00,0x00,0x00,0x05,0x00,0x03,0x00,0x16,0x00,0x00,0x00,0x68,0x00,0x00,0x00,
        0x05,0x00,0x06,0x00,0x1E,0x00,0x00,0x00,0x42,0x6F,0x6E,0x65,0x4D,0x61,0x74,0x72,
        0x69,0x63,0x65,0x73,0x00,0x00,0x00,0x00,0x06,0x00,0x06,0x00,0x1E,0x00,0x00,0x00,
        0x00,0x00,0x00,0x00,0x42,0x6F,0x6E,0x65,0x44,0x61,0x74,0x61,0x00,0x00,0x00,0x00,
        0x05,0x00,0x03,0x00,0x20,0x00,0x00,0x00,0x00,0x00,0x00,0x00,0x05,0x00,0x06,0x00,
        0x55,0x00,0x00,0x00,0x49,0x6E,0x73,0x74,0x61,0x6E,0x63,0x65,0x44,0x61,0x74,0x61,
        0x00,0x00,0x00,0x00,0x06,0x00,0x06,0x00,0x55,0x00,0x00,0x00,0x00,0x00,0x00,0x00,
        0x6D,0x6F,0x64,0x65,0x6C,0x4D,0x61,0x74,0x72,0x69,0x78,0x00,0x06,0x00,0x06,0x00,
        0x55,0x00,0x00,0x00,0x01,0x00,0x00,0x00,0x6C,0x69,0x67,0x68,0x74,0x43,0x6F,0x6C,
        0x6F,0x72,0x00,0x00,0x06,0x00,0x06,0x00,0x55,0x00,0x00,0x00,0x02,0x00,0x00,0x00,
        0x72,0x65,0x6E,0x64,0x65,0x72,0x4D,0x6F,0x64,0x65,0x00,0x00,0x06,0x00,0x07,0x00,
        0x55,0x00,0x00,0x00,0x03,0x00,0x00,0x00,0x66,0x69,0x6E,0x61,0x6C,0x52,0x65,0x6E,
        0x64,0x65,0x72,0x4D,0x6F,0x64,0x65,0x00,0x06,0x00,0x06,0x00,0x55,0x00,0x00,0x00,
        0x04,0x00,0x00,0x00,0x73,0x6F,0x75,0x72,0x63,0x65,0x49,0x6E,0x64,0x65,0x78,0x00,
        0x06,0x00,0x06,0x00,0x55,0x00,0x00,0x00,0x05,0x00,0x00,0x00,0x63,0x68,0x72,0x6F,
        0x6D,0x65,0x4D,0x6F,0x64,0x65,0x00,0x00,0x06,0x00,0x05,0x00,0x55,0x00,0x00,0x00,
        0x06,0x00,0x00,0x00,0x62,0x6C,0x65,0x6E,0x64,0x55,0x56,0x00,0x06,0x00,0x06,0x00,
        0x55,0x00,0x00,0x00,0x07,0x00,0x00,0x00,0x6E,0x65,0x77,0x53,0x63,0x61,0x6C,0x65,
        0x00,0x00,0x00,0x00,0x06,0x00,0x05,0x00,0x55,0x00,0x00,0x00,0x08,0x00,0x00,0x00,
        0x61,0x6C,0x70,0x68,0x61,0x00,0x00,0x00,0x06,0x00,0x06,0x00,0x55,0x00,0x00,0x00,
        0x09,0x00,0x00,0x00,0x62,0x6F,0x64,0x79,0x53,0x63,0x61,0x6C,0x65,0x00,0x00,0x00,
        0x06,0x00,0x06,0x00,0x55,0x00,0x00,0x00,0x0A,0x00,0x00,0x00,0x62,0x6F,0x6E,0x65,
        0x53,0x63,0x61,0x6C,0x65,0x00,0x00,0x00,0x06,0x00,0x06,0x00,0x55,0x00,0x00,0x00,
        0x0B,0x00,0x00,0x00,0x62,0x6F,0x6E,0x65,0x4F,0x66,0x66,0x73,0x65,0x74,0x00,0x00,
        0x06,0x00,0x07,0x00,0x55,0x00,0x00,0x00,0x0C,0x00,0x00,0x00,0x63,0x75,0x73,0x74,
        0x6F,0x6D,0x49,0x6E,0x74,0x65,0x6E,0x73,0x69,0x74,0x79,0x00,0x06,0x00,0x07,0x00,
        0x55,0x00,0x00,0x00,0x0D,0x00,0x00,0x00,0x62,0x6F,0x64,0x79,0x4C,0x69,0x67,0x68,
        0x74,0x43,0x6F,0x6C,0x6F,0x72,0x00,0x00,0x06,0x00,0x05,0x00,0x55,0x00,0x00,0x00,
        0x0E,0x00,0x00,0x00,0x66,0x6C,0x61,0x67,0x73,0x00,0x00,0x00,0x05,0x00,0x04,0x00,
        0x57,0x00,0x00,0x00,0x69,0x6E,0x73,0x74,0x00,0x00,0x00,0x00,0x05,0x00,0x06,0x00,
        0x58,0x00,0x00,0x00,0x49,0x6E,0x73,0x74,0x61,0x6E,0x63,0x65,0x44,0x61,0x74,0x61,
        0x00,0x00,0x00,0x00,0x06,0x00,0x06,0x00,0x58,0x00,0x00,0x00,0x00,0x00,0x00,0x00,
        0x6D,0x6F,0x64,0x65,0x6C,0x4D,0x61,0x74,0x72,0x69,0x78,0x00,0x06,0x00,0x06,0x00,
        0x58,0x00,0x00,0x00,0x01,0x00,0x00,0x00,0x6C,0x69,0x67,0x68,0x74,0x43,0x6F,0x6C,
        0x6F,0x72,0x00,0x00,0x06,0x00,0x06,0x00,0x58,0x00,0x00,0x00,0x02,0x00,0x00,0x00,
        0x72,0x65,0x6E,0x64,0x65,0x72,0x4D,0x6F,0x64,0x65,0x00,0x00,0x06,0x00,0x07,0x00,
        0x58,0x00,0x00,0x00,0x03,0x00,0x00,0x00,0x66,0x69,0x6E,0x61,0x6C,0x52,0x65,0x6E,
        0x64,0x65,0x72,0x4D,0x6F,0x64,0x65,0x00,0x06,0x00,0x06,0x00,0x58,0x00,0x00,0x00,
        0x04,0x00,0x00,0x00,0x73,0x6F,0x75,0x72,0x63,0x65,0x49,0x6E,0x64,0x65,0x78,0x00,
        0x06,0x00,0x06,0x00,0x58,0x00,0x00,0x00,0x05,0x00,0x00,0x00,0x63,0x68,0x72,0x6F,
        0x6D,0x65,0x4D,0x6F,0x64,0x65,0x00,0x00,0x06,0x00,0x05,0x00,0x58,0x00,0x00,0x00,
        0x06,0x00,0x00,0x00,0x62,0x6C,0x65,0x6E,0x64,0x55,0x56,0x00,0x06,0x00,0x06,0x00,
        0x58,0x00,0x00,0x00,0x07,0x00,0x00,0x00,0x6E,0x65,0x77,0x53,0x63,0x61,0x6C,0x65,
        0x00,0x00,0x00,0x00,0x06,0x00,0x05,0x00,0x58,0x00,0x00,0x00,0x08,0x00,0x00,0x00,
        0x61,0x6C,0x70,0x68,0x61,0x00,0x00,0x00,0x06,0x00,0x06,0x00,0x58,0x00,0x00,0x00,
        0x09,0x00,0x00,0x00,0x62,0x6F,0x64,0x79,0x53,0x63,0x61,0x6C,0x65,0x00,0x00,0x00,
        0x06,0x00,0x06,0x00,0x58,0x00,0x00,0x00,0x0A,0x00,0x00,0x00,0x62,0x6F,0x6E,0x65,
        0x53,0x63,0x61,0x6C,0x65,0x00,0x00,0x00,0x06,0x00,0x06,0x00,0x58,0x00,0x00,0x00,
        0x0B,0x00,0x00,0x00,0x62,0x6F,0x6E,0x65,0x4F,0x66,0x66,0x73,0x65,0x74,0x00,0x00,
        0x06,0x00,0x07,0x00,0x58,0x00,0x00,0x00,0x0C,0x00,0x00,0x00,0x63,0x75,0x73,0x74,
        0x6F,0x6D,0x49,0x6E,0x74,0x65,0x6E,0x73,0x69,0x74,0x79,0x00,0x06,0x00,0x07,0x00,
        0x58,0x00,0x00,0x00,0x0D,0x00,0x00,0x00,0x62,0x6F,0x64,0x79,0x4C,0x69,0x67,0x68,
        0x74,0x43,0x6F,0x6C,0x6F,0x72,0x00,0x00,0x06,0x00,0x05,0x00,0x58,0x00,0x00,0x00,
        0x0E,0x00,0x00,0x00,0x66,0x6C,0x61,0x67,0x73,0x00,0x00,0x00,0x05,0x00,0x06,0x00,
        0x5A,0x00,0x00,0x00,0x49,0x6E,0x73,0x74,0x61,0x6E,0x63,0x65,0x42,0x75,0x66,0x66,
        0x65,0x72,0x00,0x00,0x06,0x00,0x06,0x00,0x5A,0x00,0x00,0x00,0x00,0x00,0x00,0x00,
        0x69,0x6E,0x73,0x74,0x61,0x6E,0x63,0x65,0x73,0x00,0x00,0x00,0x05,0x00,0x03,0x00,
        0x5C,0x00,0x00,0x00,0x00,0x00,0x00,0x00,0x05,0x00,0x06,0x00,0x5E,0x00,0x00,0x00,
        0x56,0x65,0x72,0x74,0x55,0x6E,0x69,0x66,0x6F,0x72,0x6D,0x73,0x00,0x00,0x00,0x00,
        0x06,0x00,0x06,0x00,0x5E,0x00,0x00,0x00,0x00,0x00,0x00,0x00,0x75,0x56,0x69,0x65,
        0x77,0x4D,0x61,0x74,0x72,0x69,0x78,0x00,0x06,0x00,0x06,0x00,0x5E,0x00,0x00,0x00,
        0x01,0x00,0x00,0x00,0x75,0x50,0x72,0x6F,0x6A,0x4D,0x61,0x74,0x72,0x69,0x78,0x00,
        0x06,0x00,0x06,0x00,0x5E,0x00,0x00,0x00,0x02,0x00,0x00,0x00,0x75,0x57,0x6F,0x72,
        0x6C,0x64,0x54,0x69,0x6D,0x65,0x00,0x00,0x06,0x00,0x05,0x00,0x5E,0x00,0x00,0x00,
        0x03,0x00,0x00,0x00,0x5F,0x70,0x61,0x64,0x30,0x61,0x00,0x00,0x06,0x00,0x05,0x00,
        0x5E,0x00,0x00,0x00,0x04,0x00,0x00,0x00,0x5F,0x70,0x61,0x64,0x30,0x62,0x00,0x00,
        0x06,0x00,0x05,0x00,0x5E,0x00,0x00,0x00,0x05,0x00,0x00,0x00,0x5F,0x70,0x61,0x64,
        0x30,0x63,0x00,0x00,0x06,0x00,0x07,0x00,0x5E,0x00,0x00,0x00,0x06,0x00,0x00,0x00,
        0x75,0x53,0x68,0x61,0x64,0x6F,0x77,0x41,0x6E,0x67,0x6C,0x65,0x00,0x00,0x00,0x00,
        0x06,0x00,0x05,0x00,0x5E,0x00,0x00,0x00,0x07,0x00,0x00,0x00,0x5F,0x70,0x61,0x64,
        0x31,0x00,0x00,0x00,0x06,0x00,0x07,0x00,0x5E,0x00,0x00,0x00,0x08,0x00,0x00,0x00,
        0x75,0x4C,0x69,0x67,0x68,0x74,0x50,0x6F,0x73,0x69,0x74,0x69,0x6F,0x6E,0x00,0x00,
        0x06,0x00,0x07,0x00,0x5E,0x00,0x00,0x00,0x09,0x00,0x00,0x00,0x75,0x49,0x6E,0x73,
        0x74,0x61,0x6E,0x63,0x65,0x42,0x61,0x73,0x65,0x00,0x00,0x00,0x06,0x00,0x06,0x00,
        0x5E,0x00,0x00,0x00,0x0A,0x00,0x00,0x00,0x75,0x56,0x65,0x72,0x74,0x65,0x78,0x42,
        0x61,0x73,0x65,0x00,0x06,0x00,0x05,0x00,0x5E,0x00,0x00,0x00,0x0B,0x00,0x00,0x00,
        0x5F,0x70,0x61,0x64,0x33,0x62,0x00,0x00,0x06,0x00,0x05,0x00,0x5E,0x00,0x00,0x00,
        0x0C,0x00,0x00,0x00,0x5F,0x70,0x61,0x64,0x33,0x63,0x00,0x00,0x05,0x00,0x03,0x00,
        0x60,0x00,0x00,0x00,0x00,0x00,0x00,0x00,0x05,0x00,0x07,0x00,0x66,0x00,0x00,0x00,
        0x67,0x6C,0x5F,0x49,0x6E,0x73,0x74,0x61,0x6E,0x63,0x65,0x49,0x6E,0x64,0x65,0x78,
        0x00,0x00,0x00,0x00,0x05,0x00,0x06,0x00,0x9C,0x00,0x00,0x00,0x74,0x65,0x78,0x74,
        0x75,0x72,0x65,0x49,0x6E,0x64,0x65,0x78,0x00,0x00,0x00,0x00,0x05,0x00,0x06,0x00,
        0xA1,0x00,0x00,0x00,0x62,0x45,0x6E,0x61,0x62,0x6C,0x65,0x54,0x65,0x78,0x74,0x75,
        0x72,0x65,0x00,0x00,0x05,0x00,0x06,0x00,0xA7,0x00,0x00,0x00,0x65,0x6E,0x61,0x62,
        0x6C,0x65,0x54,0x65,0x78,0x74,0x75,0x72,0x65,0x00,0x00,0x00,0x05,0x00,0x05,0x00,
        0xAB,0x00,0x00,0x00,0x75,0x54,0x72,0x61,0x6E,0x73,0x6C,0x61,0x74,0x65,0x00,0x00,
        0x05,0x00,0x05,0x00,0xB1,0x00,0x00,0x00,0x75,0x45,0x6E,0x61,0x62,0x6C,0x65,0x57,
        0x61,0x76,0x65,0x00,0x05,0x00,0x06,0x00,0xB6,0x00,0x00,0x00,0x75,0x45,0x6E,0x61,
        0x62,0x6C,0x65,0x43,0x68,0x72,0x6F,0x6D,0x65,0x00,0x00,0x00,0x05,0x00,0x06,0x00,
        0xBC,0x00,0x00,0x00,0x75,0x45,0x6E,0x61,0x62,0x6C,0x65,0x4C,0x69,0x67,0x68,0x74,
        0x69,0x6E,0x67,0x00,0x05,0x00,0x06,0x00,0xC2,0x00,0x00,0x00,0x75,0x45,0x6E,0x61,
        0x62,0x6C,0x65,0x43,0x6F,0x6C,0x6F,0x72,0x00,0x00,0x00,0x00,0x05,0x00,0x05,0x00,
        0xC8,0x00,0x00,0x00,0x75,0x48,0x69,0x67,0x68,0x4C,0x69,0x67,0x68,0x74,0x00,0x00,
        0x05,0x00,0x06,0x00,0xCE,0x00,0x00,0x00,0x75,0x49,0x6E,0x42,0x61,0x74,0x74,0x6C,
        0x65,0x43,0x61,0x73,0x74,0x6C,0x65,0x00,0x05,0x00,0x07,0x00,0xD4,0x00,0x00,0x00,
        0x75,0x43,0x75,0x73,0x74,0x6F,0x6D,0x43,0x6F,0x6C,0x6F,0x72,0x54,0x69,0x6E,0x74,
        0x00,0x00,0x00,0x00,0x05,0x00,0x05,0x00,0xDA,0x00,0x00,0x00,0x75,0x52,0x65,0x6E,
        0x64,0x65,0x72,0x4D,0x6F,0x64,0x65,0x00,0x05,0x00,0x07,0x00,0xDE,0x00,0x00,0x00,
        0x75,0x46,0x69,0x6E,0x61,0x6C,0x52,0x65,0x6E,0x64,0x65,0x72,0x4D,0x6F,0x64,0x65,
        0x00,0x00,0x00,0x00,0x05,0x00,0x05,0x00,0xE2,0x00,0x00,0x00,0x75,0x43,0x68,0x72,
        0x6F,0x6D,0x65,0x4D,0x6F,0x64,0x65,0x00,0x05,0x00,0x05,0x00,0xE6,0x00,0x00,0x00,
        0x62,0x6F,0x6E,0x65,0x4F,0x66,0x66,0x73,0x65,0x74,0x00,0x00,0x05,0x00,0x06,0x00,
        0xEB,0x00,0x00,0x00,0x76,0x65,0x72,0x74,0x42,0x6F,0x6E,0x65,0x49,0x6E,0x64,0x65,
        0x78,0x00,0x00,0x00,0x05,0x00,0x07,0x00,0xED,0x00,0x00,0x00,0x61,0x42,0x6F,0x6E,
        0x65,0x49,0x6E,0x64,0x69,0x63,0x65,0x73,0x50,0x61,0x63,0x6B,0x65,0x64,0x00,0x00,
        0x05,0x00,0x06,0x00,0xF1,0x00,0x00,0x00,0x6E,0x6F,0x72,0x6D,0x42,0x6F,0x6E,0x65,
        0x49,0x6E,0x64,0x65,0x78,0x00,0x00,0x00,0x05,0x00,0x05,0x00,0xFA,0x00,0x00,0x00,
        0x73,0x63,0x61,0x6C,0x65,0x64,0x50,0x6F,0x73,0x00,0x00,0x00,0x05,0x00,0x04,0x00,
        0xFC,0x00,0x00,0x00,0x61,0x50,0x6F,0x73,0x00,0x00,0x00,0x00,0x05,0x00,0x04,0x00,
        0x17,0x01,0x00,0x00,0x70,0x6F,0x73,0x57,0x53,0x00,0x00,0x00,0x05,0x00,0x04,0x00,
        0x1B,0x01,0x00,0x00,0x70,0x61,0x72,0x61,0x6D,0x00,0x00,0x00,0x05,0x00,0x04,0x00,
        0x1C,0x01,0x00,0x00,0x70,0x61,0x72,0x61,0x6D,0x00,0x00,0x00,0x05,0x00,0x05,0x00,
        0x1F,0x01,0x00,0x00,0x6E,0x6F,0x72,0x6D,0x61,0x6C,0x57,0x53,0x00,0x00,0x00,0x00,
        0x05,0x00,0x04,0x00,0x23,0x01,0x00,0x00,0x61,0x4E,0x6F,0x72,0x6D,0x61,0x6C,0x00,
        0x05,0x00,0x04,0x00,0x24,0x01,0x00,0x00,0x70,0x61,0x72,0x61,0x6D,0x00,0x00,0x00,
        0x05,0x00,0x04,0x00,0x25,0x01,0x00,0x00,0x70,0x61,0x72,0x61,0x6D,0x00,0x00,0x00,
        0x05,0x00,0x04,0x00,0x29,0x01,0x00,0x00,0x6F,0x72,0x69,0x67,0x69,0x6E,0x00,0x00,
        0x05,0x00,0x03,0x00,0x3A,0x01,0x00,0x00,0x76,0x69,0x00,0x00,0x05,0x00,0x06,0x00,
        0x3B,0x01,0x00,0x00,0x67,0x6C,0x5F,0x56,0x65,0x72,0x74,0x65,0x78,0x49,0x6E,0x64,
        0x65,0x78,0x00,0x00,0x05,0x00,0x04,0x00,0x42,0x01,0x00,0x00,0x74,0x69,0x6D,0x65,
        0x53,0x69,0x6E,0x00,0x05,0x00,0x05,0x00,0x58,0x01,0x00,0x00,0x73,0x68,0x61,0x64,
        0x6F,0x77,0x53,0x78,0x00,0x00,0x00,0x00,0x05,0x00,0x04,0x00,0x5D,0x01,0x00,0x00,
        0x6C,0x6F,0x63,0x61,0x6C,0x00,0x00,0x00,0x05,0x00,0x04,0x00,0x61,0x01,0x00,0x00,
        0x64,0x65,0x6E,0x6F,0x6D,0x00,0x00,0x00,0x05,0x00,0x06,0x00,0x7F,0x01,0x00,0x00,
        0x67,0x6C,0x5F,0x50,0x65,0x72,0x56,0x65,0x72,0x74,0x65,0x78,0x00,0x00,0x00,0x00,
        0x06,0x00,0x06,0x00,0x7F,0x01,0x00,0x00,0x00,0x00,0x00,0x00,0x67,0x6C,0x5F,0x50,
        0x6F,0x73,0x69,0x74,0x69,0x6F,0x6E,0x00,0x06,0x00,0x07,0x00,0x7F,0x01,0x00,0x00,
        0x01,0x00,0x00,0x00,0x67,0x6C,0x5F,0x50,0x6F,0x69,0x6E,0x74,0x53,0x69,0x7A,0x65,
        0x00,0x00,0x00,0x00,0x06,0x00,0x07,0x00,0x7F,0x01,0x00,0x00,0x02,0x00,0x00,0x00,
        0x67,0x6C,0x5F,0x43,0x6C,0x69,0x70,0x44,0x69,0x73,0x74,0x61,0x6E,0x63,0x65,0x00,
        0x06,0x00,0x07,0x00,0x7F,0x01,0x00,0x00,0x03,0x00,0x00,0x00,0x67,0x6C,0x5F,0x43,
        0x75,0x6C,0x6C,0x44,0x69,0x73,0x74,0x61,0x6E,0x63,0x65,0x00,0x05,0x00,0x03,0x00,
        0x81,0x01,0x00,0x00,0x00,0x00,0x00,0x00,0x05,0x00,0x05,0x00,0x93,0x01,0x00,0x00,
        0x6C,0x69,0x67,0x68,0x74,0x44,0x69,0x72,0x00,0x00,0x00,0x00,0x05,0x00,0x05,0x00,
        0xA4,0x01,0x00,0x00,0x6C,0x69,0x67,0x68,0x74,0x57,0x65,0x69,0x67,0x68,0x74,0x00,
        0x05,0x00,0x05,0x00,0xB0,0x01,0x00,0x00,0x69,0x6E,0x74,0x65,0x6E,0x73,0x69,0x74,
        0x79,0x00,0x00,0x00,0x05,0x00,0x05,0x00,0xCD,0x01,0x00,0x00,0x4C,0x69,0x67,0x68,
        0x74,0x46,0x61,0x63,0x74,0x6F,0x72,0x00,0x05,0x00,0x06,0x00,0xD1,0x01,0x00,0x00,
        0x62,0x61,0x73,0x65,0x4C,0x69,0x67,0x68,0x74,0x43,0x6F,0x6C,0x00,0x00,0x00,0x00,
        0x05,0x00,0x06,0x00,0xE1,0x01,0x00,0x00,0x42,0x6F,0x64,0x79,0x4C,0x69,0x67,0x68,
        0x74,0x43,0x6F,0x6C,0x6F,0x72,0x00,0x00,0x05,0x00,0x04,0x00,0xF2,0x01,0x00,0x00,
        0x41,0x6C,0x70,0x68,0x61,0x00,0x00,0x00,0x05,0x00,0x07,0x00,0xFD,0x01,0x00,0x00,
        0x76,0x43,0x75,0x73,0x74,0x6F,0x6D,0x43,0x6F,0x6C,0x6F,0x72,0x54,0x69,0x6E,0x74,
        0x00,0x00,0x00,0x00,0x05,0x00,0x04,0x00,0x00,0x02,0x00,0x00,0x74,0x65,0x78,0x55,
        0x56,0x00,0x00,0x00,0x05,0x00,0x05,0x00,0x02,0x02,0x00,0x00,0x61,0x54,0x65,0x78,
        0x43,0x6F,0x6F,0x72,0x64,0x00,0x00,0x00,0x05,0x00,0x05,0x00,0x04,0x02,0x00,0x00,
        0x63,0x68,0x72,0x6F,0x6D,0x65,0x55,0x56,0x00,0x00,0x00,0x00,0x05,0x00,0x04,0x00,
        0x09,0x02,0x00,0x00,0x77,0x61,0x76,0x65,0x00,0x00,0x00,0x00,0x05,0x00,0x04,0x00,
        0x10,0x02,0x00,0x00,0x77,0x61,0x76,0x65,0x32,0x00,0x00,0x00,0x05,0x00,0x03,0x00,
        0x18,0x02,0x00,0x00,0x4C,0x00,0x00,0x00,0x05,0x00,0x03,0x00,0x60,0x02,0x00,0x00,
        0x64,0x00,0x00,0x00,0x05,0x00,0x03,0x00,0x6B,0x02,0x00,0x00,0x64,0x00,0x00,0x00,
        0x05,0x00,0x03,0x00,0x84,0x02,0x00,0x00,0x64,0x00,0x00,0x00,0x05,0x00,0x03,0x00,
        0x9D,0x02,0x00,0x00,0x76,0x00,0x00,0x00,0x05,0x00,0x03,0x00,0xAA,0x02,0x00,0x00,
        0x76,0x00,0x00,0x00,0x05,0x00,0x04,0x00,0xD1,0x02,0x00,0x00,0x46,0x69,0x6E,0x61,
        0x6C,0x55,0x56,0x00,0x05,0x00,0x05,0x00,0xEA,0x02,0x00,0x00,0x76,0x49,0x6E,0x74,
        0x65,0x6E,0x73,0x69,0x74,0x79,0x00,0x00,0x47,0x00,0x04,0x00,0x1D,0x00,0x00,0x00,
        0x06,0x00,0x00,0x00,0x10,0x00,0x00,0x00,0x47,0x00,0x03,0x00,0x1E,0x00,0x00,0x00,
        0x03,0x00,0x00,0x00,0x48,0x00,0x04,0x00,0x1E,0x00,0x00,0x00,0x00,0x00,0x00,0x00,
        0x18,0x00,0x00,0x00,0x48,0x00,0x05,0x00,0x1E,0x00,0x00,0x00,0x00,0x00,0x00,0x00,
        0x23,0x00,0x00,0x00,0x00,0x00,0x00,0x00,0x47,0x00,0x03,0x00,0x20,0x00,0x00,0x00,
        0x18,0x00,0x00,0x00,0x47,0x00,0x04,0x00,0x20,0x00,0x00,0x00,0x21,0x00,0x00,0x00,
        0x01,0x00,0x00,0x00,0x47,0x00,0x04,0x00,0x20,0x00,0x00,0x00,0x22,0x00,0x00,0x00,
        0x00,0x00,0x00,0x00,0x48,0x00,0x05,0x00,0x58,0x00,0x00,0x00,0x00,0x00,0x00,0x00,
        0x23,0x00,0x00,0x00,0x00,0x00,0x00,0x00,0x48,0x00,0x05,0x00,0x58,0x00,0x00,0x00,
        0x01,0x00,0x00,0x00,0x23,0x00,0x00,0x00,0x10,0x00,0x00,0x00,0x48,0x00,0x05,0x00,
        0x58,0x00,0x00,0x00,0x02,0x00,0x00,0x00,0x23,0x00,0x00,0x00,0x20,0x00,0x00,0x00,
        0x48,0x00,0x05,0x00,0x58,0x00,0x00,0x00,0x03,0x00,0x00,0x00,0x23,0x00,0x00,0x00,
        0x24,0x00,0x00,0x00,0x48,0x00,0x05,0x00,0x58,0x00,0x00,0x00,0x04,0x00,0x00,0x00,
        0x23,0x00,0x00,0x00,0x28,0x00,0x00,0x00,0x48,0x00,0x05,0x00,0x58,0x00,0x00,0x00,
        0x05,0x00,0x00,0x00,0x23,0x00,0x00,0x00,0x2C,0x00,0x00,0x00,0x48,0x00,0x05,0x00,
        0x58,0x00,0x00,0x00,0x06,0x00,0x00,0x00,0x23,0x00,0x00,0x00,0x30,0x00,0x00,0x00,
        0x48,0x00,0x05,0x00,0x58,0x00,0x00,0x00,0x07,0x00,0x00,0x00,0x23,0x00,0x00,0x00,
        0x38,0x00,0x00,0x00,0x48,0x00,0x05,0x00,0x58,0x00,0x00,0x00,0x08,0x00,0x00,0x00,
        0x23,0x00,0x00,0x00,0x3C,0x00,0x00,0x00,0x48,0x00,0x05,0x00,0x58,0x00,0x00,0x00,
        0x09,0x00,0x00,0x00,0x23,0x00,0x00,0x00,0x40,0x00,0x00,0x00,0x48,0x00,0x05,0x00,
        0x58,0x00,0x00,0x00,0x0A,0x00,0x00,0x00,0x23,0x00,0x00,0x00,0x44,0x00,0x00,0x00,
        0x48,0x00,0x05,0x00,0x58,0x00,0x00,0x00,0x0B,0x00,0x00,0x00,0x23,0x00,0x00,0x00,
        0x48,0x00,0x00,0x00,0x48,0x00,0x05,0x00,0x58,0x00,0x00,0x00,0x0C,0x00,0x00,0x00,
        0x23,0x00,0x00,0x00,0x4C,0x00,0x00,0x00,0x48,0x00,0x05,0x00,0x58,0x00,0x00,0x00,
        0x0D,0x00,0x00,0x00,0x23,0x00,0x00,0x00,0x50,0x00,0x00,0x00,0x48,0x00,0x05,0x00,
        0x58,0x00,0x00,0x00,0x0E,0x00,0x00,0x00,0x23,0x00,0x00,0x00,0x5C,0x00,0x00,0x00,
        0x47,0x00,0x04,0x00,0x59,0x00,0x00,0x00,0x06,0x00,0x00,0x00,0x60,0x00,0x00,0x00,
        0x47,0x00,0x03,0x00,0x5A,0x00,0x00,0x00,0x03,0x00,0x00,0x00,0x48,0x00,0x04,0x00,
        0x5A,0x00,0x00,0x00,0x00,0x00,0x00,0x00,0x18,0x00,0x00,0x00,0x48,0x00,0x05,0x00,
        0x5A,0x00,0x00,0x00,0x00,0x00,0x00,0x00,0x23,0x00,0x00,0x00,0x00,0x00,0x00,0x00,
        0x47,0x00,0x03,0x00,0x5C,0x00,0x00,0x00,0x18,0x00,0x00,0x00,0x47,0x00,0x04,0x00,
        0x5C,0x00,0x00,0x00,0x21,0x00,0x00,0x00,0x00,0x00,0x00,0x00,0x47,0x00,0x04,0x00,
        0x5C,0x00,0x00,0x00,0x22,0x00,0x00,0x00,0x00,0x00,0x00,0x00,0x47,0x00,0x03,0x00,
        0x5E,0x00,0x00,0x00,0x02,0x00,0x00,0x00,0x48,0x00,0x04,0x00,0x5E,0x00,0x00,0x00,
        0x00,0x00,0x00,0x00,0x05,0x00,0x00,0x00,0x48,0x00,0x05,0x00,0x5E,0x00,0x00,0x00,
        0x00,0x00,0x00,0x00,0x07,0x00,0x00,0x00,0x10,0x00,0x00,0x00,0x48,0x00,0x05,0x00,
        0x5E,0x00,0x00,0x00,0x00,0x00,0x00,0x00,0x23,0x00,0x00,0x00,0x00,0x00,0x00,0x00,
        0x48,0x00,0x04,0x00,0x5E,0x00,0x00,0x00,0x01,0x00,0x00,0x00,0x05,0x00,0x00,0x00,
        0x48,0x00,0x05,0x00,0x5E,0x00,0x00,0x00,0x01,0x00,0x00,0x00,0x07,0x00,0x00,0x00,
        0x10,0x00,0x00,0x00,0x48,0x00,0x05,0x00,0x5E,0x00,0x00,0x00,0x01,0x00,0x00,0x00,
        0x23,0x00,0x00,0x00,0x40,0x00,0x00,0x00,0x48,0x00,0x05,0x00,0x5E,0x00,0x00,0x00,
        0x02,0x00,0x00,0x00,0x23,0x00,0x00,0x00,0x80,0x00,0x00,0x00,0x48,0x00,0x05,0x00,
        0x5E,0x00,0x00,0x00,0x03,0x00,0x00,0x00,0x23,0x00,0x00,0x00,0x84,0x00,0x00,0x00,
        0x48,0x00,0x05,0x00,0x5E,0x00,0x00,0x00,0x04,0x00,0x00,0x00,0x23,0x00,0x00,0x00,
        0x88,0x00,0x00,0x00,0x48,0x00,0x05,0x00,0x5E,0x00,0x00,0x00,0x05,0x00,0x00,0x00,
        0x23,0x00,0x00,0x00,0x8C,0x00,0x00,0x00,0x48,0x00,0x05,0x00,0x5E,0x00,0x00,0x00,
        0x06,0x00,0x00,0x00,0x23,0x00,0x00,0x00,0x90,0x00,0x00,0x00,0x48,0x00,0x05,0x00,
        0x5E,0x00,0x00,0x00,0x07,0x00,0x00,0x00,0x23,0x00,0x00,0x00,0x9C,0x00,0x00,0x00,
        0x48,0x00,0x05,0x00,0x5E,0x00,0x00,0x00,0x08,0x00,0x00,0x00,0x23,0x00,0x00,0x00,
        0xA0,0x00,0x00,0x00,0x48,0x00,0x05,0x00,0x5E,0x00,0x00,0x00,0x09,0x00,0x00,0x00,
        0x23,0x00,0x00,0x00,0xB0,0x00,0x00,0x00,0x48,0x00,0x05,0x00,0x5E,0x00,0x00,0x00,
        0x0A,0x00,0x00,0x00,0x23,0x00,0x00,0x00,0xB4,0x00,0x00,0x00,0x48,0x00,0x05,0x00,
        0x5E,0x00,0x00,0x00,0x0B,0x00,0x00,0x00,0x23,0x00,0x00,0x00,0xB8,0x00,0x00,0x00,
        0x48,0x00,0x05,0x00,0x5E,0x00,0x00,0x00,0x0C,0x00,0x00,0x00,0x23,0x00,0x00,0x00,
        0xBC,0x00,0x00,0x00,0x47,0x00,0x04,0x00,0x60,0x00,0x00,0x00,0x21,0x00,0x00,0x00,
        0x00,0x00,0x00,0x00,0x47,0x00,0x04,0x00,0x60,0x00,0x00,0x00,0x22,0x00,0x00,0x00,
        0x01,0x00,0x00,0x00,0x47,0x00,0x04,0x00,0x66,0x00,0x00,0x00,0x0B,0x00,0x00,0x00,
        0x2B,0x00,0x00,0x00,0x47,0x00,0x03,0x00,0x9C,0x00,0x00,0x00,0x0E,0x00,0x00,0x00,
        0x47,0x00,0x04,0x00,0x9C,0x00,0x00,0x00,0x1E,0x00,0x00,0x00,0x06,0x00,0x00,0x00,
        0x47,0x00,0x04,0x00,0xA7,0x00,0x00,0x00,0x1E,0x00,0x00,0x00,0x05,0x00,0x00,0x00,
        0x47,0x00,0x04,0x00,0xED,0x00,0x00,0x00,0x1E,0x00,0x00,0x00,0x03,0x00,0x00,0x00,
        0x47,0x00,0x04,0x00,0xFC,0x00,0x00,0x00,0x1E,0x00,0x00,0x00,0x00,0x00,0x00,0x00,
        0x47,0x00,0x04,0x00,0x23,0x01,0x00,0x00,0x1E,0x00,0x00,0x00,0x01,0x00,0x00,0x00,
        0x47,0x00,0x04,0x00,0x3B,0x01,0x00,0x00,0x0B,0x00,0x00,0x00,0x2A,0x00,0x00,0x00,
        0x47,0x00,0x03,0x00,0x7F,0x01,0x00,0x00,0x02,0x00,0x00,0x00,0x48,0x00,0x05,0x00,
        0x7F,0x01,0x00,0x00,0x00,0x00,0x00,0x00,0x0B,0x00,0x00,0x00,0x00,0x00,0x00,0x00,
        0x48,0x00,0x05,0x00,0x7F,0x01,0x00,0x00,0x01,0x00,0x00,0x00,0x0B,0x00,0x00,0x00,
        0x01,0x00,0x00,0x00,0x48,0x00,0x05,0x00,0x7F,0x01,0x00,0x00,0x02,0x00,0x00,0x00,
        0x0B,0x00,0x00,0x00,0x03,0x00,0x00,0x00,0x48,0x00,0x05,0x00,0x7F,0x01,0x00,0x00,
        0x03,0x00,0x00,0x00,0x0B,0x00,0x00,0x00,0x04,0x00,0x00,0x00,0x47,0x00,0x04,0x00,
        0xCD,0x01,0x00,0x00,0x1E,0x00,0x00,0x00,0x02,0x00,0x00,0x00,0x47,0x00,0x04,0x00,
        0xE1,0x01,0x00,0x00,0x1E,0x00,0x00,0x00,0x03,0x00,0x00,0x00,0x47,0x00,0x04,0x00,
        0xF2,0x01,0x00,0x00,0x1E,0x00,0x00,0x00,0x01,0x00,0x00,0x00,0x47,0x00,0x03,0x00,
        0xFD,0x01,0x00,0x00,0x0E,0x00,0x00,0x00,0x47,0x00,0x04,0x00,0xFD,0x01,0x00,0x00,
        0x1E,0x00,0x00,0x00,0x07,0x00,0x00,0x00,0x47,0x00,0x04,0x00,0x02,0x02,0x00,0x00,
        0x1E,0x00,0x00,0x00,0x02,0x00,0x00,0x00,0x47,0x00,0x04,0x00,0xD1,0x02,0x00,0x00,
        0x1E,0x00,0x00,0x00,0x00,0x00,0x00,0x00,0x47,0x00,0x04,0x00,0xEA,0x02,0x00,0x00,
        0x1E,0x00,0x00,0x00,0x04,0x00,0x00,0x00,0x13,0x00,0x02,0x00,0x02,0x00,0x00,0x00,
        0x21,0x00,0x03,0x00,0x03,0x00,0x00,0x00,0x02,0x00,0x00,0x00,0x15,0x00,0x04,0x00,
        0x06,0x00,0x00,0x00,0x20,0x00,0x00,0x00,0x00,0x00,0x00,0x00,0x20,0x00,0x04,0x00,
        0x07,0x00,0x00,0x00,0x07,0x00,0x00,0x00,0x06,0x00,0x00,0x00,0x16,0x00,0x03,0x00,
        0x08,0x00,0x00,0x00,0x20,0x00,0x00,0x00,0x17,0x00,0x04,0x00,0x09,0x00,0x00,0x00,
        0x08,0x00,0x00,0x00,0x03,0x00,0x00,0x00,0x20,0x00,0x04,0x00,0x0A,0x00,0x00,0x00,
        0x07,0x00,0x00,0x00,0x09,0x00,0x00,0x00,0x21,0x00,0x05,0x00,0x0B,0x00,0x00,0x00,
        0x09,0x00,0x00,0x00,0x07,0x00,0x00,0x00,0x0A,0x00,0x00,0x00,0x17,0x00,0x04,0x00,
        0x14,0x00,0x00,0x00,0x08,0x00,0x00,0x00,0x04,0x00,0x00,0x00,0x20,0x00,0x04,0x00,
        0x15,0x00,0x00,0x00,0x07,0x00,0x00,0x00,0x14,0x00,0x00,0x00,0x2B,0x00,0x04,0x00,
        0x08,0x00,0x00,0x00,0x18,0x00,0x00,0x00,0x00,0x00,0x80,0x3F,0x1D,0x00,0x03,0x00,
        0x1D,0x00,0x00,0x00,0x14,0x00,0x00,0x00,0x1E,0x00,0x03,0x00,0x1E,0x00,0x00,0x00,
        0x1D,0x00,0x00,0x00,0x20,0x00,0x04,0x00,0x1F,0x00,0x00,0x00,0x02,0x00,0x00,0x00,
        0x1E,0x00,0x00,0x00,0x3B,0x00,0x04,0x00,0x1F,0x00,0x00,0x00,0x20,0x00,0x00,0x00,
        0x02,0x00,0x00,0x00,0x15,0x00,0x04,0x00,0x21,0x00,0x00,0x00,0x20,0x00,0x00,0x00,
        0x01,0x00,0x00,0x00,0x2B,0x00,0x04,0x00,0x21,0x00,0x00,0x00,0x22,0x00,0x00,0x00,
        0x00,0x00,0x00,0x00,0x2B,0x00,0x04,0x00,0x06,0x00,0x00,0x00,0x24,0x00,0x00,0x00,
        0x00,0x00,0x00,0x00,0x20,0x00,0x04,0x00,0x26,0x00,0x00,0x00,0x02,0x00,0x00,0x00,
        0x14,0x00,0x00,0x00,0x2B,0x00,0x04,0x00,0x06,0x00,0x00,0x00,0x2C,0x00,0x00,0x00,
        0x01,0x00,0x00,0x00,0x2B,0x00,0x04,0x00,0x06,0x00,0x00,0x00,0x33,0x00,0x00,0x00,
        0x02,0x00,0x00,0x00,0x17,0x00,0x04,0x00,0x54,0x00,0x00,0x00,0x08,0x00,0x00,0x00,
        0x02,0x00,0x00,0x00,0x1E,0x00,0x11,0x00,0x55,0x00,0x00,0x00,0x14,0x00,0x00,0x00,
        0x14,0x00,0x00,0x00,0x21,0x00,0x00,0x00,0x21,0x00,0x00,0x00,0x21,0x00,0x00,0x00,
        0x21,0x00,0x00,0x00,0x54,0x00,0x00,0x00,0x08,0x00,0x00,0x00,0x08,0x00,0x00,0x00,
        0x08,0x00,0x00,0x00,0x08,0x00,0x00,0x00,0x21,0x00,0x00,0x00,0x08,0x00,0x00,0x00,
        0x09,0x00,0x00,0x00,0x06,0x00,0x00,0x00,0x20,0x00,0x04,0x00,0x56,0x00,0x00,0x00,
        0x07,0x00,0x00,0x00,0x55,0x00,0x00,0x00,0x1E,0x00,0x11,0x00,0x58,0x00,0x00,0x00,
        0x14,0x00,0x00,0x00,0x14,0x00,0x00,0x00,0x21,0x00,0x00,0x00,0x21,0x00,0x00,0x00,
        0x21,0x00,0x00,0x00,0x21,0x00,0x00,0x00,0x54,0x00,0x00,0x00,0x08,0x00,0x00,0x00,
        0x08,0x00,0x00,0x00,0x08,0x00,0x00,0x00,0x08,0x00,0x00,0x00,0x21,0x00,0x00,0x00,
        0x08,0x00,0x00,0x00,0x09,0x00,0x00,0x00,0x06,0x00,0x00,0x00,0x1D,0x00,0x03,0x00,
        0x59,0x00,0x00,0x00,0x58,0x00,0x00,0x00,0x1E,0x00,0x03,0x00,0x5A,0x00,0x00,0x00,
        0x59,0x00,0x00,0x00,0x20,0x00,0x04,0x00,0x5B,0x00,0x00,0x00,0x02,0x00,0x00,0x00,
        0x5A,0x00,0x00,0x00,0x3B,0x00,0x04,0x00,0x5B,0x00,0x00,0x00,0x5C,0x00,0x00,0x00,
        0x02,0x00,0x00,0x00,0x18,0x00,0x04,0x00,0x5D,0x00,0x00,0x00,0x14,0x00,0x00,0x00,
        0x04,0x00,0x00,0x00,0x1E,0x00,0x0F,0x00,0x5E,0x00,0x00,0x00,0x5D,0x00,0x00,0x00,
        0x5D,0x00,0x00,0x00,0x08,0x00,0x00,0x00,0x08,0x00,0x00,0x00,0x08,0x00,0x00,0x00,
        0x08,0x00,0x00,0x00,0x09,0x00,0x00,0x00,0x08,0x00,0x00,0x00,0x14,0x00,0x00,0x00,
        0x06,0x00,0x00,0x00,0x06,0x00,0x00,0x00,0x08,0x00,0x00,0x00,0x08,0x00,0x00,0x00,
        0x20,0x00,0x04,0x00,0x5F,0x00,0x00,0x00,0x02,0x00,0x00,0x00,0x5E,0x00,0x00,0x00,
        0x3B,0x00,0x04,0x00,0x5F,0x00,0x00,0x00,0x60,0x00,0x00,0x00,0x02,0x00,0x00,0x00,
        0x2B,0x00,0x04,0x00,0x21,0x00,0x00,0x00,0x61,0x00,0x00,0x00,0x09,0x00,0x00,0x00,
        0x20,0x00,0x04,0x00,0x62,0x00,0x00,0x00,0x02,0x00,0x00,0x00,0x06,0x00,0x00,0x00,
        0x20,0x00,0x04,0x00,0x65,0x00,0x00,0x00,0x01,0x00,0x00,0x00,0x21,0x00,0x00,0x00,
        0x3B,0x00,0x04,0x00,0x65,0x00,0x00,0x00,0x66,0x00,0x00,0x00,0x01,0x00,0x00,0x00,
        0x20,0x00,0x04,0x00,0x6A,0x00,0x00,0x00,0x02,0x00,0x00,0x00,0x58,0x00,0x00,0x00,
        0x2B,0x00,0x04,0x00,0x21,0x00,0x00,0x00,0x70,0x00,0x00,0x00,0x01,0x00,0x00,0x00,
        0x2B,0x00,0x04,0x00,0x21,0x00,0x00,0x00,0x73,0x00,0x00,0x00,0x02,0x00,0x00,0x00,
        0x20,0x00,0x04,0x00,0x74,0x00,0x00,0x00,0x07,0x00,0x00,0x00,0x21,0x00,0x00,0x00,
        0x2B,0x00,0x04,0x00,0x21,0x00,0x00,0x00,0x77,0x00,0x00,0x00,0x03,0x00,0x00,0x00,
        0x2B,0x00,0x04,0x00,0x21,0x00,0x00,0x00,0x7A,0x00,0x00,0x00,0x04,0x00,0x00,0x00,
        0x2B,0x00,0x04,0x00,0x21,0x00,0x00,0x00,0x7D,0x00,0x00,0x00,0x05,0x00,0x00,0x00,
        0x2B,0x00,0x04,0x00,0x21,0x00,0x00,0x00,0x80,0x00,0x00,0x00,0x06,0x00,0x00,0x00,
        0x20,0x00,0x04,0x00,0x81,0x00,0x00,0x00,0x07,0x00,0x00,0x00,0x54,0x00,0x00,0x00,
        0x2B,0x00,0x04,0x00,0x21,0x00,0x00,0x00,0x84,0x00,0x00,0x00,0x07,0x00,0x00,0x00,
        0x20,0x00,0x04,0x00,0x85,0x00,0x00,0x00,0x07,0x00,0x00,0x00,0x08,0x00,0x00,0x00,
        0x2B,0x00,0x04,0x00,0x21,0x00,0x00,0x00,0x88,0x00,0x00,0x00,0x08,0x00,0x00,0x00,
        0x2B,0x00,0x04,0x00,0x21,0x00,0x00,0x00,0x8D,0x00,0x00,0x00,0x0A,0x00,0x00,0x00,
        0x2B,0x00,0x04,0x00,0x21,0x00,0x00,0x00,0x90,0x00,0x00,0x00,0x0B,0x00,0x00,0x00,
        0x2B,0x00,0x04,0x00,0x21,0x00,0x00,0x00,0x93,0x00,0x00,0x00,0x0C,0x00,0x00,0x00,
        0x2B,0x00,0x04,0x00,0x21,0x00,0x00,0x00,0x96,0x00,0x00,0x00,0x0D,0x00,0x00,0x00,
        0x2B,0x00,0x04,0x00,0x21,0x00,0x00,0x00,0x99,0x00,0x00,0x00,0x0E,0x00,0x00,0x00,
        0x20,0x00,0x04,0x00,0x9B,0x00,0x00,0x00,0x03,0x00,0x00,0x00,0x21,0x00,0x00,0x00,
        0x3B,0x00,0x04,0x00,0x9B,0x00,0x00,0x00,0x9C,0x00,0x00,0x00,0x03,0x00,0x00,0x00,
        0x14,0x00,0x02,0x00,0x9F,0x00,0x00,0x00,0x20,0x00,0x04,0x00,0xA0,0x00,0x00,0x00,
        0x07,0x00,0x00,0x00,0x9F,0x00,0x00,0x00,0x20,0x00,0x04,0x00,0xA6,0x00,0x00,0x00,
        0x03,0x00,0x00,0x00,0x08,0x00,0x00,0x00,0x3B,0x00,0x04,0x00,0xA6,0x00,0x00,0x00,
        0xA7,0x00,0x00,0x00,0x03,0x00,0x00,0x00,0x2B,0x00,0x04,0x00,0x08,0x00,0x00,0x00,
        0xA9,0x00,0x00,0x00,0x00,0x00,0x00,0x00,0x2B,0x00,0x04,0x00,0x06,0x00,0x00,0x00,
        0xAE,0x00,0x00,0x00,0x80,0x00,0x00,0x00,0x2B,0x00,0x04,0x00,0x06,0x00,0x00,0x00,
        0xB9,0x00,0x00,0x00,0x10,0x00,0x00,0x00,0x2B,0x00,0x04,0x00,0x06,0x00,0x00,0x00,
        0xBF,0x00,0x00,0x00,0x04,0x00,0x00,0x00,0x2B,0x00,0x04,0x00,0x06,0x00,0x00,0x00,
        0xC5,0x00,0x00,0x00,0x08,0x00,0x00,0x00,0x2B,0x00,0x04,0x00,0x06,0x00,0x00,0x00,
        0xCB,0x00,0x00,0x00,0x20,0x00,0x00,0x00,0x2B,0x00,0x04,0x00,0x06,0x00,0x00,0x00,
        0xD1,0x00,0x00,0x00,0x40,0x00,0x00,0x00,0x2B,0x00,0x04,0x00,0x06,0x00,0x00,0x00,
        0xD7,0x00,0x00,0x00,0x00,0x01,0x00,0x00,0x20,0x00,0x04,0x00,0xEC,0x00,0x00,0x00,
        0x01,0x00,0x00,0x00,0x06,0x00,0x00,0x00,0x3B,0x00,0x04,0x00,0xEC,0x00,0x00,0x00,
        0xED,0x00,0x00,0x00,0x01,0x00,0x00,0x00,0x2B,0x00,0x04,0x00,0x06,0x00,0x00,0x00,
        0xEF,0x00,0x00,0x00,0xFF,0xFF,0x00,0x00,0x20,0x00,0x04,0x00,0xFB,0x00,0x00,0x00,
        0x01,0x00,0x00,0x00,0x09,0x00,0x00,0x00,0x3B,0x00,0x04,0x00,0xFB,0x00,0x00,0x00,
        0xFC,0x00,0x00,0x00,0x01,0x00,0x00,0x00,0x3B,0x00,0x04,0x00,0xFB,0x00,0x00,0x00,
        0x23,0x01,0x00,0x00,0x01,0x00,0x00,0x00,0x3B,0x00,0x04,0x00,0x65,0x00,0x00,0x00,
        0x3B,0x01,0x00,0x00,0x01,0x00,0x00,0x00,0x20,0x00,0x04,0x00,0x43,0x01,0x00,0x00,
        0x02,0x00,0x00,0x00,0x08,0x00,0x00,0x00,0x2B,0x00,0x04,0x00,0x08,0x00,0x00,0x00,
        0x47,0x01,0x00,0x00,0x00,0xC0,0x68,0x44,0x2B,0x00,0x04,0x00,0x08,0x00,0x00,0x00,
        0x4A,0x01,0x00,0x00,0x42,0x60,0xE5,0x3B,0x2B,0x00,0x04,0x00,0x08,0x00,0x00,0x00,
        0x4D,0x01,0x00,0x00,0x00,0x00,0xE0,0x41,0x2B,0x00,0x04,0x00,0x08,0x00,0x00,0x00,
        0x5A,0x01,0x00,0x00,0x00,0x40,0x1C,0x45,0x2B,0x00,0x04,0x00,0x08,0x00,0x00,0x00,
        0x5B,0x01,0x00,0x00,0x00,0x00,0xFA,0x44,0x2B,0x00,0x04,0x00,0x08,0x00,0x00,0x00,
        0x64,0x01,0x00,0x00,0x00,0x00,0x7A,0x45,0x2B,0x00,0x04,0x00,0x08,0x00,0x00,0x00,
        0x68,0x01,0x00,0x00,0x6F,0x12,0x83,0x3A,0x2B,0x00,0x04,0x00,0x08,0x00,0x00,0x00,
        0x79,0x01,0x00,0x00,0x00,0x00,0xA0,0x40,0x1C,0x00,0x04,0x00,0x7E,0x01,0x00,0x00,
        0x08,0x00,0x00,0x00,0x2C,0x00,0x00,0x00,0x1E,0x00,0x06,0x00,0x7F,0x01,0x00,0x00,
        0x14,0x00,0x00,0x00,0x08,0x00,0x00,0x00,0x7E,0x01,0x00,0x00,0x7E,0x01,0x00,0x00,
        0x20,0x00,0x04,0x00,0x80,0x01,0x00,0x00,0x03,0x00,0x00,0x00,0x7F,0x01,0x00,0x00,
        0x3B,0x00,0x04,0x00,0x80,0x01,0x00,0x00,0x81,0x01,0x00,0x00,0x03,0x00,0x00,0x00,
        0x20,0x00,0x04,0x00,0x82,0x01,0x00,0x00,0x02,0x00,0x00,0x00,0x5D,0x00,0x00,0x00,
        0x20,0x00,0x04,0x00,0x8E,0x01,0x00,0x00,0x03,0x00,0x00,0x00,0x14,0x00,0x00,0x00,
        0x2B,0x00,0x04,0x00,0x08,0x00,0x00,0x00,0xA1,0x01,0x00,0x00,0x00,0x00,0x80,0xBF,
        0x2C,0x00,0x06,0x00,0x09,0x00,0x00,0x00,0xA2,0x01,0x00,0x00,0xA9,0x00,0x00,0x00,
        0xA1,0x01,0x00,0x00,0xA9,0x00,0x00,0x00,0x2B,0x00,0x04,0x00,0x06,0x00,0x00,0x00,
        0xA5,0x01,0x00,0x00,0x03,0x00,0x00,0x00,0x2B,0x00,0x04,0x00,0x08,0x00,0x00,0x00,
        0xB4,0x01,0x00,0x00,0x00,0x00,0x80,0x3E,0x2B,0x00,0x04,0x00,0x08,0x00,0x00,0x00,
        0xB6,0x01,0x00,0x00,0x9A,0x99,0x59,0x3F,0x2B,0x00,0x04,0x00,0x08,0x00,0x00,0x00,
        0xBD,0x01,0x00,0x00,0x00,0x00,0x40,0x3F,0x2B,0x00,0x04,0x00,0x08,0x00,0x00,0x00,
        0xC3,0x01,0x00,0x00,0x33,0x33,0x93,0x3F,0x2B,0x00,0x04,0x00,0x08,0x00,0x00,0x00,
        0xC5,0x01,0x00,0x00,0xCD,0xCC,0xCC,0x3D,0x3B,0x00,0x04,0x00,0xA6,0x00,0x00,0x00,
        0xCD,0x01,0x00,0x00,0x03,0x00,0x00,0x00,0x20,0x00,0x04,0x00,0xE0,0x01,0x00,0x00,
        0x03,0x00,0x00,0x00,0x09,0x00,0x00,0x00,0x3B,0x00,0x04,0x00,0xE0,0x01,0x00,0x00,
        0xE1,0x01,0x00,0x00,0x03,0x00,0x00,0x00,0x3B,0x00,0x04,0x00,0xA6,0x00,0x00,0x00,
        0xF2,0x01,0x00,0x00,0x03,0x00,0x00,0x00,0x3B,0x00,0x04,0x00,0xA6,0x00,0x00,0x00,
        0xFD,0x01,0x00,0x00,0x03,0x00,0x00,0x00,0x20,0x00,0x04,0x00,0x01,0x02,0x00,0x00,
        0x01,0x00,0x00,0x00,0x54,0x00,0x00,0x00,0x3B,0x00,0x04,0x00,0x01,0x02,0x00,0x00,
        0x02,0x02,0x00,0x00,0x01,0x00,0x00,0x00,0x2C,0x00,0x05,0x00,0x54,0x00,0x00,0x00,
        0x05,0x02,0x00,0x00,0xA9,0x00,0x00,0x00,0xA9,0x00,0x00,0x00,0x2B,0x00,0x04,0x00,
        0x08,0x00,0x00,0x00,0x0C,0x02,0x00,0x00,0x00,0x40,0x1C,0x46,0x2B,0x00,0x04,0x00,
        0x08,0x00,0x00,0x00,0x0E,0x02,0x00,0x00,0x17,0xB7,0xD1,0x38,0x2B,0x00,0x04,0x00,
        0x08,0x00,0x00,0x00,0x14,0x02,0x00,0x00,0x82,0xA8,0x7B,0x39,0x2B,0x00,0x04,0x00,
        0x08,0x00,0x00,0x00,0x16,0x02,0x00,0x00,0xCD,0xCC,0xCC,0x3E,0x2B,0x00,0x04,0x00,
        0x08,0x00,0x00,0x00,0x1F,0x02,0x00,0x00,0x6F,0x12,0x03,0x3B,0x2B,0x00,0x04,0x00,
        0x08,0x00,0x00,0x00,0x32,0x02,0x00,0x00,0x00,0x00,0x00,0x3F,0x2B,0x00,0x04,0x00,
        0x08,0x00,0x00,0x00,0x3A,0x02,0x00,0x00,0x00,0x00,0x00,0x40,0x2B,0x00,0x04,0x00,
        0x08,0x00,0x00,0x00,0x42,0x02,0x00,0x00,0xCD,0xCC,0x4C,0x3E,0x2B,0x00,0x04,0x00,
        0x08,0x00,0x00,0x00,0x4F,0x02,0x00,0x00,0xCD,0xCC,0x4C,0x3F,0x2B,0x00,0x04,0x00,
        0x08,0x00,0x00,0x00,0x5B,0x02,0x00,0x00,0x00,0x00,0x40,0x40,0x2B,0x00,0x04,0x00,
        0x08,0x00,0x00,0x00,0x96,0x02,0x00,0x00,0x00,0x00,0x20,0x40,0x2B,0x00,0x04,0x00,
        0x08,0x00,0x00,0x00,0xB3,0x02,0x00,0x00,0x82,0xA8,0x7B,0x38,0x20,0x00,0x04,0x00,
        0xD0,0x02,0x00,0x00,0x03,0x00,0x00,0x00,0x54,0x00,0x00,0x00,0x3B,0x00,0x04,0x00,
        0xD0,0x02,0x00,0x00,0xD1,0x02,0x00,0x00,0x03,0x00,0x00,0x00,0x3B,0x00,0x04,0x00,
        0xA6,0x00,0x00,0x00,0xEA,0x02,0x00,0x00,0x03,0x00,0x00,0x00,0x36,0x00,0x05,0x00,
        0x02,0x00,0x00,0x00,0x04,0x00,0x00,0x00,0x00,0x00,0x00,0x00,0x03,0x00,0x00,0x00,
        0xF8,0x00,0x02,0x00,0x05,0x00,0x00,0x00,0x3B,0x00,0x04,0x00,0x56,0x00,0x00,0x00,
        0x57,0x00,0x00,0x00,0x07,0x00,0x00,0x00,0x3B,0x00,0x04,0x00,0xA0,0x00,0x00,0x00,
        0xA1,0x00,0x00,0x00,0x07,0x00,0x00,0x00,0x3B,0x00,0x04,0x00,0xA0,0x00,0x00,0x00,
        0xAB,0x00,0x00,0x00,0x07,0x00,0x00,0x00,0x3B,0x00,0x04,0x00,0xA0,0x00,0x00,0x00,
        0xB1,0x00,0x00,0x00,0x07,0x00,0x00,0x00,0x3B,0x00,0x04,0x00,0xA0,0x00,0x00,0x00,
        0xB6,0x00,0x00,0x00,0x07,0x00,0x00,0x00,0x3B,0x00,0x04,0x00,0xA0,0x00,0x00,0x00,
        0xBC,0x00,0x00,0x00,0x07,0x00,0x00,0x00,0x3B,0x00,0x04,0x00,0xA0,0x00,0x00,0x00,
        0xC2,0x00,0x00,0x00,0x07,0x00,0x00,0x00,0x3B,0x00,0x04,0x00,0xA0,0x00,0x00,0x00,
        0xC8,0x00,0x00,0x00,0x07,0x00,0x00,0x00,0x3B,0x00,0x04,0x00,0xA0,0x00,0x00,0x00,
        0xCE,0x00,0x00,0x00,0x07,0x00,0x00,0x00,0x3B,0x00,0x04,0x00,0xA0,0x00,0x00,0x00,
        0xD4,0x00,0x00,0x00,0x07,0x00,0x00,0x00,0x3B,0x00,0x04,0x00,0x07,0x00,0x00,0x00,
        0xDA,0x00,0x00,0x00,0x07,0x00,0x00,0x00,0x3B,0x00,0x04,0x00,0x07,0x00,0x00,0x00,
        0xDE,0x00,0x00,0x00,0x07,0x00,0x00,0x00,0x3B,0x00,0x04,0x00,0x07,0x00,0x00,0x00,
        0xE2,0x00,0x00,0x00,0x07,0x00,0x00,0x00,0x3B,0x00,0x04,0x00,0x07,0x00,0x00,0x00,
        0xE6,0x00,0x00,0x00,0x07,0x00,0x00,0x00,0x3B,0x00,0x04,0x00,0x07,0x00,0x00,0x00,
        0xEB,0x00,0x00,0x00,0x07,0x00,0x00,0x00,0x3B,0x00,0x04,0x00,0x07,0x00,0x00,0x00,
        0xF1,0x00,0x00,0x00,0x07,0x00,0x00,0x00,0x3B,0x00,0x04,0x00,0x0A,0x00,0x00,0x00,
        0xFA,0x00,0x00,0x00,0x07,0x00,0x00,0x00,0x3B,0x00,0x04,0x00,0x0A,0x00,0x00,0x00,
        0x17,0x01,0x00,0x00,0x07,0x00,0x00,0x00,0x3B,0x00,0x04,0x00,0x07,0x00,0x00,0x00,
        0x1B,0x01,0x00,0x00,0x07,0x00,0x00,0x00,0x3B,0x00,0x04,0x00,0x0A,0x00,0x00,0x00,
        0x1C,0x01,0x00,0x00,0x07,0x00,0x00,0x00,0x3B,0x00,0x04,0x00,0x0A,0x00,0x00,0x00,
        0x1F,0x01,0x00,0x00,0x07,0x00,0x00,0x00,0x3B,0x00,0x04,0x00,0x07,0x00,0x00,0x00,
        0x24,0x01,0x00,0x00,0x07,0x00,0x00,0x00,0x3B,0x00,0x04,0x00,0x0A,0x00,0x00,0x00,
        0x25,0x01,0x00,0x00,0x07,0x00,0x00,0x00,0x3B,0x00,0x04,0x00,0x0A,0x00,0x00,0x00,
        0x29,0x01,0x00,0x00,0x07,0x00,0x00,0x00,0x3B,0x00,0x04,0x00,0x85,0x00,0x00,0x00,
        0x3A,0x01,0x00,0x00,0x07,0x00,0x00,0x00,0x3B,0x00,0x04,0x00,0x85,0x00,0x00,0x00,
        0x42,0x01,0x00,0x00,0x07,0x00,0x00,0x00,0x3B,0x00,0x04,0x00,0x85,0x00,0x00,0x00,
        0x58,0x01,0x00,0x00,0x07,0x00,0x00,0x00,0x3B,0x00,0x04,0x00,0x0A,0x00,0x00,0x00,
        0x5D,0x01,0x00,0x00,0x07,0x00,0x00,0x00,0x3B,0x00,0x04,0x00,0x85,0x00,0x00,0x00,
        0x61,0x01,0x00,0x00,0x07,0x00,0x00,0x00,0x3B,0x00,0x04,0x00,0x0A,0x00,0x00,0x00,
        0x93,0x01,0x00,0x00,0x07,0x00,0x00,0x00,0x3B,0x00,0x04,0x00,0x0A,0x00,0x00,0x00,
        0x99,0x01,0x00,0x00,0x07,0x00,0x00,0x00,0x3B,0x00,0x04,0x00,0x85,0x00,0x00,0x00,
        0xA4,0x01,0x00,0x00,0x07,0x00,0x00,0x00,0x3B,0x00,0x04,0x00,0x85,0x00,0x00,0x00,
        0xA9,0x01,0x00,0x00,0x07,0x00,0x00,0x00,0x3B,0x00,0x04,0x00,0x85,0x00,0x00,0x00,
        0xB0,0x01,0x00,0x00,0x07,0x00,0x00,0x00,0x3B,0x00,0x04,0x00,0x0A,0x00,0x00,0x00,
        0xD1,0x01,0x00,0x00,0x07,0x00,0x00,0x00,0x3B,0x00,0x04,0x00,0x0A,0x00,0x00,0x00,
        0xD3,0x01,0x00,0x00,0x07,0x00,0x00,0x00,0x3B,0x00,0x04,0x00,0x0A,0x00,0x00,0x00,
        0xE6,0x01,0x00,0x00,0x07,0x00,0x00,0x00,0x3B,0x00,0x04,0x00,0x85,0x00,0x00,0x00,
        0xF4,0x01,0x00,0x00,0x07,0x00,0x00,0x00,0x3B,0x00,0x04,0x00,0x81,0x00,0x00,0x00,
        0x00,0x02,0x00,0x00,0x07,0x00,0x00,0x00,0x3B,0x00,0x04,0x00,0x81,0x00,0x00,0x00,
        0x04,0x02,0x00,0x00,0x07,0x00,0x00,0x00,0x3B,0x00,0x04,0x00,0x85,0x00,0x00,0x00,
        0x09,0x02,0x00,0x00,0x07,0x00,0x00,0x00,0x3B,0x00,0x04,0x00,0x85,0x00,0x00,0x00,
        0x10,0x02,0x00,0x00,0x07,0x00,0x00,0x00,0x3B,0x00,0x04,0x00,0x0A,0x00,0x00,0x00,
        0x18,0x02,0x00,0x00,0x07,0x00,0x00,0x00,0x3B,0x00,0x04,0x00,0x85,0x00,0x00,0x00,
        0x60,0x02,0x00,0x00,0x07,0x00,0x00,0x00,0x3B,0x00,0x04,0x00,0x85,0x00,0x00,0x00,
        0x6B,0x02,0x00,0x00,0x07,0x00,0x00,0x00,0x3B,0x00,0x04,0x00,0x85,0x00,0x00,0x00,
        0x84,0x02,0x00,0x00,0x07,0x00,0x00,0x00,0x3B,0x00,0x04,0x00,0x85,0x00,0x00,0x00,
        0x9D,0x02,0x00,0x00,0x07,0x00,0x00,0x00,0x3B,0x00,0x04,0x00,0x85,0x00,0x00,0x00,
        0xAA,0x02,0x00,0x00,0x07,0x00,0x00,0x00,0x41,0x00,0x05,0x00,0x62,0x00,0x00,0x00,
        0x63,0x00,0x00,0x00,0x60,0x00,0x00,0x00,0x61,0x00,0x00,0x00,0x3D,0x00,0x04,0x00,
        0x06,0x00,0x00,0x00,0x64,0x00,0x00,0x00,0x63,0x00,0x00,0x00,0x3D,0x00,0x04,0x00,
        0x21,0x00,0x00,0x00,0x67,0x00,0x00,0x00,0x66,0x00,0x00,0x00,0x7C,0x00,0x04,0x00,
        0x06,0x00,0x00,0x00,0x68,0x00,0x00,0x00,0x67,0x00,0x00,0x00,0x80,0x00,0x05,0x00,
        0x06,0x00,0x00,0x00,0x69,0x00,0x00,0x00,0x64,0x00,0x00,0x00,0x68,0x00,0x00,0x00,
        0x41,0x00,0x06,0x00,0x6A,0x00,0x00,0x00,0x6B,0x00,0x00,0x00,0x5C,0x00,0x00,0x00,
        0x22,0x00,0x00,0x00,0x69,0x00,0x00,0x00,0x3D,0x00,0x04,0x00,0x58,0x00,0x00,0x00,
        0x6C,0x00,0x00,0x00,0x6B,0x00,0x00,0x00,0x51,0x00,0x05,0x00,0x14,0x00,0x00,0x00,
        0x6D,0x00,0x00,0x00,0x6C,0x00,0x00,0x00,0x00,0x00,0x00,0x00,0x41,0x00,0x05,0x00,
        0x15,0x00,0x00,0x00,0x6E,0x00,0x00,0x00,0x57,0x00,0x00,0x00,0x22,0x00,0x00,0x00,
        0x3E,0x00,0x03,0x00,0x6E,0x00,0x00,0x00,0x6D,0x00,0x00,0x00,0x51,0x00,0x05,0x00,
        0x14,0x00,0x00,0x00,0x6F,0x00,0x00,0x00,0x6C,0x00,0x00,0x00,0x01,0x00,0x00,0x00,
        0x41,0x00,0x05,0x00,0x15,0x00,0x00,0x00,0x71,0x00,0x00,0x00,0x57,0x00,0x00,0x00,
        0x70,0x00,0x00,0x00,0x3E,0x00,0x03,0x00,0x71,0x00,0x00,0x00,0x6F,0x00,0x00,0x00,
        0x51,0x00,0x05,0x00,0x21,0x00,0x00,0x00,0x72,0x00,0x00,0x00,0x6C,0x00,0x00,0x00,
        0x02,0x00,0x00,0x00,0x41,0x00,0x05,0x00,0x74,0x00,0x00,0x00,0x75,0x00,0x00,0x00,
        0x57,0x00,0x00,0x00,0x73,0x00,0x00,0x00,0x3E,0x00,0x03,0x00,0x75,0x00,0x00,0x00,
        0x72,0x00,0x00,0x00,0x51,0x00,0x05,0x00,0x21,0x00,0x00,0x00,0x76,0x00,0x00,0x00,
        0x6C,0x00,0x00,0x00,0x03,0x00,0x00,0x00,0x41,0x00,0x05,0x00,0x74,0x00,0x00,0x00,
        0x78,0x00,0x00,0x00,0x57,0x00,0x00,0x00,0x77,0x00,0x00,0x00,0x3E,0x00,0x03,0x00,
        0x78,0x00,0x00,0x00,0x76,0x00,0x00,0x00,0x51,0x00,0x05,0x00,0x21,0x00,0x00,0x00,
        0x79,0x00,0x00,0x00,0x6C,0x00,0x00,0x00,0x04,0x00,0x00,0x00,0x41,0x00,0x05,0x00,
        0x74,0x00,0x00,0x00,0x7B,0x00,0x00,0x00,0x57,0x00,0x00,0x00,0x7A,0x00,0x00,0x00,
        0x3E,0x00,0x03,0x00,0x7B,0x00,0x00,0x00,0x79,0x00,0x00,0x00,0x51,0x00,0x05,0x00,
        0x21,0x00,0x00,0x00,0x7C,0x00,0x00,0x00,0x6C,0x00,0x00,0x00,0x05,0x00,0x00,0x00,
        0x41,0x00,0x05,0x00,0x74,0x00,0x00,0x00,0x7E,0x00,0x00,0x00,0x57,0x00,0x00,0x00,
        0x7D,0x00,0x00,0x00,0x3E,0x00,0x03,0x00,0x7E,0x00,0x00,0x00,0x7C,0x00,0x00,0x00,
        0x51,0x00,0x05,0x00,0x54,0x00,0x00,0x00,0x7F,0x00,0x00,0x00,0x6C,0x00,0x00,0x00,
        0x06,0x00,0x00,0x00,0x41,0x00,0x05,0x00,0x81,0x00,0x00,0x00,0x82,0x00,0x00,0x00,
        0x57,0x00,0x00,0x00,0x80,0x00,0x00,0x00,0x3E,0x00,0x03,0x00,0x82,0x00,0x00,0x00,
        0x7F,0x00,0x00,0x00,0x51,0x00,0x05,0x00,0x08,0x00,0x00,0x00,0x83,0x00,0x00,0x00,
        0x6C,0x00,0x00,0x00,0x07,0x00,0x00,0x00,0x41,0x00,0x05,0x00,0x85,0x00,0x00,0x00,
        0x86,0x00,0x00,0x00,0x57,0x00,0x00,0x00,0x84,0x00,0x00,0x00,0x3E,0x00,0x03,0x00,
        0x86,0x00,0x00,0x00,0x83,0x00,0x00,0x00,0x51,0x00,0x05,0x00,0x08,0x00,0x00,0x00,
        0x87,0x00,0x00,0x00,0x6C,0x00,0x00,0x00,0x08,0x00,0x00,0x00,0x41,0x00,0x05,0x00,
        0x85,0x00,0x00,0x00,0x89,0x00,0x00,0x00,0x57,0x00,0x00,0x00,0x88,0x00,0x00,0x00,
        0x3E,0x00,0x03,0x00,0x89,0x00,0x00,0x00,0x87,0x00,0x00,0x00,0x51,0x00,0x05,0x00,
        0x08,0x00,0x00,0x00,0x8A,0x00,0x00,0x00,0x6C,0x00,0x00,0x00,0x09,0x00,0x00,0x00,
        0x41,0x00,0x05,0x00,0x85,0x00,0x00,0x00,0x8B,0x00,0x00,0x00,0x57,0x00,0x00,0x00,
        0x61,0x00,0x00,0x00,0x3E,0x00,0x03,0x00,0x8B,0x00,0x00,0x00,0x8A,0x00,0x00,0x00,
        0x51,0x00,0x05,0x00,0x08,0x00,0x00,0x00,0x8C,0x00,0x00,0x00,0x6C,0x00,0x00,0x00,
        0x0A,0x00,0x00,0x00,0x41,0x00,0x05,0x00,0x85,0x00,0x00,0x00,0x8E,0x00,0x00,0x00,
        0x57,0x00,0x00,0x00,0x8D,0x00,0x00,0x00,0x3E,0x00,0x03,0x00,0x8E,0x00,0x00,0x00,
        0x8C,0x00,0x00,0x00,0x51,0x00,0x05,0x00,0x21,0x00,0x00,0x00,0x8F,0x00,0x00,0x00,
        0x6C,0x00,0x00,0x00,0x0B,0x00,0x00,0x00,0x41,0x00,0x05,0x00,0x74,0x00,0x00,0x00,
        0x91,0x00,0x00,0x00,0x57,0x00,0x00,0x00,0x90,0x00,0x00,0x00,0x3E,0x00,0x03,0x00,
        0x91,0x00,0x00,0x00,0x8F,0x00,0x00,0x00,0x51,0x00,0x05,0x00,0x08,0x00,0x00,0x00,
        0x92,0x00,0x00,0x00,0x6C,0x00,0x00,0x00,0x0C,0x00,0x00,0x00,0x41,0x00,0x05,0x00,
        0x85,0x00,0x00,0x00,0x94,0x00,0x00,0x00,0x57,0x00,0x00,0x00,0x93,0x00,0x00,0x00,
        0x3E,0x00,0x03,0x00,0x94,0x00,0x00,0x00,0x92,0x00,0x00,0x00,0x51,0x00,0x05,0x00,
        0x09,0x00,0x00,0x00,0x95,0x00,0x00,0x00,0x6C,0x00,0x00,0x00,0x0D,0x00,0x00,0x00,
        0x41,0x00,0x05,0x00,0x0A,0x00,0x00,0x00,0x97,0x00,0x00,0x00,0x57,0x00,0x00,0x00,
        0x96,0x00,0x00,0x00,0x3E,0x00,0x03,0x00,0x97,0x00,0x00,0x00,0x95,0x00,0x00,0x00,
        0x51,0x00,0x05,0x00,0x06,0x00,0x00,0x00,0x98,0x00,0x00,0x00,0x6C,0x00,0x00,0x00,
        0x0E,0x00,0x00,0x00,0x41,0x00,0x05,0x00,0x07,0x00,0x00,0x00,0x9A,0x00,0x00,0x00,
        0x57,0x00,0x00,0x00,0x99,0x00,0x00,0x00,0x3E,0x00,0x03,0x00,0x9A,0x00,0x00,0x00,
        0x98,0x00,0x00,0x00,0x41,0x00,0x05,0x00,0x74,0x00,0x00,0x00,0x9D,0x00,0x00,0x00,
        0x57,0x00,0x00,0x00,0x7A,0x00,0x00,0x00,0x3D,0x00,0x04,0x00,0x21,0x00,0x00,0x00,
        0x9E,0x00,0x00,0x00,0x9D,0x00,0x00,0x00,0x3E,0x00,0x03,0x00,0x9C,0x00,0x00,0x00,
        0x9E,0x00,0x00,0x00,0x41,0x00,0x05,0x00,0x07,0x00,0x00,0x00,0xA2,0x00,0x00,0x00,
        0x57,0x00,0x00,0x00,0x99,0x00,0x00,0x00,0x3D,0x00,0x04,0x00,0x06,0x00,0x00,0x00,
        0xA3,0x00,0x00,0x00,0xA2,0x00,0x00,0x00,0xC7,0x00,0x05,0x00,0x06,0x00,0x00,0x00,
        0xA4,0x00,0x00,0x00,0xA3,0x00,0x00,0x00,0x33,0x00,0x00,0x00,0xAB,0x00,0x05,0x00,
        0x9F,0x00,0x00,0x00,0xA5,0x00,0x00,0x00,0xA4,0x00,0x00,0x00,0x24,0x00,0x00,0x00,
        0x3E,0x00,0x03,0x00,0xA1,0x00,0x00,0x00,0xA5,0x00,0x00,0x00,0x3D,0x00,0x04,0x00,
        0x9F,0x00,0x00,0x00,0xA8,0x00,0x00,0x00,0xA1,0x00,0x00,0x00,0xA9,0x00,0x06,0x00,
        0x08,0x00,0x00,0x00,0xAA,0x00,0x00,0x00,0xA8,0x00,0x00,0x00,0x18,0x00,0x00,0x00,
        0xA9,0x00,0x00,0x00,0x3E,0x00,0x03,0x00,0xA7,0x00,0x00,0x00,0xAA,0x00,0x00,0x00,
        0x41,0x00,0x05,0x00,0x07,0x00,0x00,0x00,0xAC,0x00,0x00,0x00,0x57,0x00,0x00,0x00,
        0x99,0x00,0x00,0x00,0x3D,0x00,0x04,0x00,0x06,0x00,0x00,0x00,0xAD,0x00,0x00,0x00,
        0xAC,0x00,0x00,0x00,0xC7,0x00,0x05,0x00,0x06,0x00,0x00,0x00,0xAF,0x00,0x00,0x00,
        0xAD,0x00,0x00,0x00,0xAE,0x00,0x00,0x00,0xAB,0x00,0x05,0x00,0x9F,0x00,0x00,0x00,
        0xB0,0x00,0x00,0x00,0xAF,0x00,0x00,0x00,0x24,0x00,0x00,0x00,0x3E,0x00,0x03,0x00,
        0xAB,0x00,0x00,0x00,0xB0,0x00,0x00,0x00,0x41,0x00,0x05,0x00,0x07,0x00,0x00,0x00,
        0xB2,0x00,0x00,0x00,0x57,0x00,0x00,0x00,0x99,0x00,0x00,0x00,0x3D,0x00,0x04,0x00,
        0x06,0x00,0x00,0x00,0xB3,0x00,0x00,0x00,0xB2,0x00,0x00,0x00,0xC7,0x00,0x05,0x00,
        0x06,0x00,0x00,0x00,0xB4,0x00,0x00,0x00,0xB3,0x00,0x00,0x00,0x2C,0x00,0x00,0x00,
        0xAB,0x00,0x05,0x00,0x9F,0x00,0x00,0x00,0xB5,0x00,0x00,0x00,0xB4,0x00,0x00,0x00,
        0x24,0x00,0x00,0x00,0x3E,0x00,0x03,0x00,0xB1,0x00,0x00,0x00,0xB5,0x00,0x00,0x00,
        0x41,0x00,0x05,0x00,0x07,0x00,0x00,0x00,0xB7,0x00,0x00,0x00,0x57,0x00,0x00,0x00,
        0x99,0x00,0x00,0x00,0x3D,0x00,0x04,0x00,0x06,0x00,0x00,0x00,0xB8,0x00,0x00,0x00,
        0xB7,0x00,0x00,0x00,0xC7,0x00,0x05,0x00,0x06,0x00,0x00,0x00,0xBA,0x00,0x00,0x00,
        0xB8,0x00,0x00,0x00,0xB9,0x00,0x00,0x00,0xAB,0x00,0x05,0x00,0x9F,0x00,0x00,0x00,
        0xBB,0x00,0x00,0x00,0xBA,0x00,0x00,0x00,0x24,0x00,0x00,0x00,0x3E,0x00,0x03,0x00,
        0xB6,0x00,0x00,0x00,0xBB,0x00,0x00,0x00,0x41,0x00,0x05,0x00,0x07,0x00,0x00,0x00,
        0xBD,0x00,0x00,0x00,0x57,0x00,0x00,0x00,0x99,0x00,0x00,0x00,0x3D,0x00,0x04,0x00,
        0x06,0x00,0x00,0x00,0xBE,0x00,0x00,0x00,0xBD,0x00,0x00,0x00,0xC7,0x00,0x05,0x00,
        0x06,0x00,0x00,0x00,0xC0,0x00,0x00,0x00,0xBE,0x00,0x00,0x00,0xBF,0x00,0x00,0x00,
        0xAB,0x00,0x05,0x00,0x9F,0x00,0x00,0x00,0xC1,0x00,0x00,0x00,0xC0,0x00,0x00,0x00,
        0x24,0x00,0x00,0x00,0x3E,0x00,0x03,0x00,0xBC,0x00,0x00,0x00,0xC1,0x00,0x00,0x00,
        0x41,0x00,0x05,0x00,0x07,0x00,0x00,0x00,0xC3,0x00,0x00,0x00,0x57,0x00,0x00,0x00,
        0x99,0x00,0x00,0x00,0x3D,0x00,0x04,0x00,0x06,0x00,0x00,0x00,0xC4,0x00,0x00,0x00,
        0xC3,0x00,0x00,0x00,0xC7,0x00,0x05,0x00,0x06,0x00,0x00,0x00,0xC6,0x00,0x00,0x00,
        0xC4,0x00,0x00,0x00,0xC5,0x00,0x00,0x00,0xAB,0x00,0x05,0x00,0x9F,0x00,0x00,0x00,
        0xC7,0x00,0x00,0x00,0xC6,0x00,0x00,0x00,0x24,0x00,0x00,0x00,0x3E,0x00,0x03,0x00,
        0xC2,0x00,0x00,0x00,0xC7,0x00,0x00,0x00,0x41,0x00,0x05,0x00,0x07,0x00,0x00,0x00,
        0xC9,0x00,0x00,0x00,0x57,0x00,0x00,0x00,0x99,0x00,0x00,0x00,0x3D,0x00,0x04,0x00,
        0x06,0x00,0x00,0x00,0xCA,0x00,0x00,0x00,0xC9,0x00,0x00,0x00,0xC7,0x00,0x05,0x00,
        0x06,0x00,0x00,0x00,0xCC,0x00,0x00,0x00,0xCA,0x00,0x00,0x00,0xCB,0x00,0x00,0x00,
        0xAB,0x00,0x05,0x00,0x9F,0x00,0x00,0x00,0xCD,0x00,0x00,0x00,0xCC,0x00,0x00,0x00,
        0x24,0x00,0x00,0x00,0x3E,0x00,0x03,0x00,0xC8,0x00,0x00,0x00,0xCD,0x00,0x00,0x00,
        0x41,0x00,0x05,0x00,0x07,0x00,0x00,0x00,0xCF,0x00,0x00,0x00,0x57,0x00,0x00,0x00,
        0x99,0x00,0x00,0x00,0x3D,0x00,0x04,0x00,0x06,0x00,0x00,0x00,0xD0,0x00,0x00,0x00,
        0xCF,0x00,0x00,0x00,0xC7,0x00,0x05,0x00,0x06,0x00,0x00,0x00,0xD2,0x00,0x00,0x00,
        0xD0,0x00,0x00,0x00,0xD1,0x00,0x00,0x00,0xAB,0x00,0x05,0x00,0x9F,0x00,0x00,0x00,
        0xD3,0x00,0x00,0x00,0xD2,0x00,0x00,0x00,0x24,0x00,0x00,0x00,0x3E,0x00,0x03,0x00,
        0xCE,0x00,0x00,0x00,0xD3,0x00,0x00,0x00,0x41,0x00,0x05,0x00,0x07,0x00,0x00,0x00,
        0xD5,0x00,0x00,0x00,0x57,0x00,0x00,0x00,0x99,0x00,0x00,0x00,0x3D,0x00,0x04,0x00,
        0x06,0x00,0x00,0x00,0xD6,0x00,0x00,0x00,0xD5,0x00,0x00,0x00,0xC7,0x00,0x05,0x00,
        0x06,0x00,0x00,0x00,0xD8,0x00,0x00,0x00,0xD6,0x00,0x00,0x00,0xD7,0x00,0x00,0x00,
        0xAB,0x00,0x05,0x00,0x9F,0x00,0x00,0x00,0xD9,0x00,0x00,0x00,0xD8,0x00,0x00,0x00,
        0x24,0x00,0x00,0x00,0x3E,0x00,0x03,0x00,0xD4,0x00,0x00,0x00,0xD9,0x00,0x00,0x00,
        0x41,0x00,0x05,0x00,0x74,0x00,0x00,0x00,0xDB,0x00,0x00,0x00,0x57,0x00,0x00,0x00,
        0x73,0x00,0x00,0x00,0x3D,0x00,0x04,0x00,0x21,0x00,0x00,0x00,0xDC,0x00,0x00,0x00,
        0xDB,0x00,0x00,0x00,0x7C,0x00,0x04,0x00,0x06,0x00,0x00,0x00,0xDD,0x00,0x00,0x00,
        0xDC,0x00,0x00,0x00,0x3E,0x00,0x03,0x00,0xDA,0x00,0x00,0x00,0xDD,0x00,0x00,0x00,
        0x41,0x00,0x05,0x00,0x74,0x00,0x00,0x00,0xDF,0x00,0x00,0x00,0x57,0x00,0x00,0x00,
        0x77,0x00,0x00,0x00,0x3D,0x00,0x04,0x00,0x21,0x00,0x00,0x00,0xE0,0x00,0x00,0x00,
        0xDF,0x00,0x00,0x00,0x7C,0x00,0x04,0x00,0x06,0x00,0x00,0x00,0xE1,0x00,0x00,0x00,
        0xE0,0x00,0x00,0x00,0x3E,0x00,0x03,0x00,0xDE,0x00,0x00,0x00,0xE1,0x00,0x00,0x00,
        0x41,0x00,0x05,0x00,0x74,0x00,0x00,0x00,0xE3,0x00,0x00,0x00,0x57,0x00,0x00,0x00,
        0x7D,0x00,0x00,0x00,0x3D,0x00,0x04,0x00,0x21,0x00,0x00,0x00,0xE4,0x00,0x00,0x00,
        0xE3,0x00,0x00,0x00,0x7C,0x00,0x04,0x00,0x06,0x00,0x00,0x00,0xE5,0x00,0x00,0x00,
        0xE4,0x00,0x00,0x00,0x3E,0x00,0x03,0x00,0xE2,0x00,0x00,0x00,0xE5,0x00,0x00,0x00,
        0x41,0x00,0x05,0x00,0x74,0x00,0x00,0x00,0xE7,0x00,0x00,0x00,0x57,0x00,0x00,0x00,
        0x90,0x00,0x00,0x00,0x3D,0x00,0x04,0x00,0x21,0x00,0x00,0x00,0xE8,0x00,0x00,0x00,
        0xE7,0x00,0x00,0x00,0x0C,0x00,0x07,0x00,0x21,0x00,0x00,0x00,0xE9,0x00,0x00,0x00,
        0x01,0x00,0x00,0x00,0x2A,0x00,0x00,0x00,0x22,0x00,0x00,0x00,0xE8,0x00,0x00,0x00,
        0x7C,0x00,0x04,0x00,0x06,0x00,0x00,0x00,0xEA,0x00,0x00,0x00,0xE9,0x00,0x00,0x00,
        0x3E,0x00,0x03,0x00,0xE6,0x00,0x00,0x00,0xEA,0x00,0x00,0x00,0x3D,0x00,0x04,0x00,
        0x06,0x00,0x00,0x00,0xEE,0x00,0x00,0x00,0xED,0x00,0x00,0x00,0xC7,0x00,0x05,0x00,
        0x06,0x00,0x00,0x00,0xF0,0x00,0x00,0x00,0xEE,0x00,0x00,0x00,0xEF,0x00,0x00,0x00,
        0x3E,0x00,0x03,0x00,0xEB,0x00,0x00,0x00,0xF0,0x00,0x00,0x00,0x3D,0x00,0x04,0x00,
        0x06,0x00,0x00,0x00,0xF2,0x00,0x00,0x00,0xED,0x00,0x00,0x00,0xC2,0x00,0x05,0x00,
        0x06,0x00,0x00,0x00,0xF3,0x00,0x00,0x00,0xF2,0x00,0x00,0x00,0xB9,0x00,0x00,0x00,
        0xC7,0x00,0x05,0x00,0x06,0x00,0x00,0x00,0xF4,0x00,0x00,0x00,0xF3,0x00,0x00,0x00,
        0xEF,0x00,0x00,0x00,0x3E,0x00,0x03,0x00,0xF1,0x00,0x00,0x00,0xF4,0x00,0x00,0x00,
        0x3D,0x00,0x04,0x00,0x06,0x00,0x00,0x00,0xF5,0x00,0x00,0x00,0xF1,0x00,0x00,0x00,
        0xAA,0x00,0x05,0x00,0x9F,0x00,0x00,0x00,0xF6,0x00,0x00,0x00,0xF5,0x00,0x00,0x00,
        0x24,0x00,0x00,0x00,0xF7,0x00,0x03,0x00,0xF8,0x00,0x00,0x00,0x00,0x00,0x00,0x00,
        0xFA,0x00,0x04,0x00,0xF6,0x00,0x00,0x00,0xF7,0x00,0x00,0x00,0xF8,0x00,0x00,0x00,
        0xF8,0x00,0x02,0x00,0xF7,0x00,0x00,0x00,0x3D,0x00,0x04,0x00,0x06,0x00,0x00,0x00,
        0xF9,0x00,0x00,0x00,0xEB,0x00,0x00,0x00,0x3E,0x00,0x03,0x00,0xF1,0x00,0x00,0x00,
        0xF9,0x00,0x00,0x00,0xF9,0x00,0x02,0x00,0xF8,0x00,0x00,0x00,0xF8,0x00,0x02,0x00,
        0xF8,0x00,0x00,0x00,0x3D,0x00,0x04,0x00,0x09,0x00,0x00,0x00,0xFD,0x00,0x00,0x00,
        0xFC,0x00,0x00,0x00,0x3E,0x00,0x03,0x00,0xFA,0x00,0x00,0x00,0xFD,0x00,0x00,0x00,
        0x41,0x00,0x05,0x00,0x85,0x00,0x00,0x00,0xFE,0x00,0x00,0x00,0x57,0x00,0x00,0x00,
        0x84,0x00,0x00,0x00,0x3D,0x00,0x04,0x00,0x08,0x00,0x00,0x00,0xFF,0x00,0x00,0x00,
        0xFE,0x00,0x00,0x00,0xBA,0x00,0x05,0x00,0x9F,0x00,0x00,0x00,0x00,0x01,0x00,0x00,
        0xFF,0x00,0x00,0x00,0xA9,0x00,0x00,0x00,0xF7,0x00,0x03,0x00,0x02,0x01,0x00,0x00,
        0x00,0x00,0x00,0x00,0xFA,0x00,0x04,0x00,0x00,0x01,0x00,0x00,0x01,0x01,0x00,0x00,
        0x07,0x01,0x00,0x00,0xF8,0x00,0x02,0x00,0x01,0x01,0x00,0x00,0x41,0x00,0x05,0x00,
        0x85,0x00,0x00,0x00,0x03,0x01,0x00,0x00,0x57,0x00,0x00,0x00,0x84,0x00,0x00,0x00,
        0x3D,0x00,0x04,0x00,0x08,0x00,0x00,0x00,0x04,0x01,0x00,0x00,0x03,0x01,0x00,0x00,
        0x3D,0x00,0x04,0x00,0x09,0x00,0x00,0x00,0x05,0x01,0x00,0x00,0xFA,0x00,0x00,0x00,
        0x8E,0x00,0x05,0x00,0x09,0x00,0x00,0x00,0x06,0x01,0x00,0x00,0x05,0x01,0x00,0x00,
        0x04,0x01,0x00,0x00,0x3E,0x00,0x03,0x00,0xFA,0x00,0x00,0x00,0x06,0x01,0x00,0x00,
        0xF9,0x00,0x02,0x00,0x02,0x01,0x00,0x00,0xF8,0x00,0x02,0x00,0x07,0x01,0x00,0x00,
        0x41,0x00,0x05,0x00,0x85,0x00,0x00,0x00,0x08,0x01,0x00,0x00,0x57,0x00,0x00,0x00,
        0x8D,0x00,0x00,0x00,0x3D,0x00,0x04,0x00,0x08,0x00,0x00,0x00,0x09,0x01,0x00,0x00,
        0x08,0x01,0x00,0x00,0xBA,0x00,0x05,0x00,0x9F,0x00,0x00,0x00,0x0A,0x01,0x00,0x00,
        0x09,0x01,0x00,0x00,0xA9,0x00,0x00,0x00,0xF7,0x00,0x03,0x00,0x0C,0x01,0x00,0x00,
        0x00,0x00,0x00,0x00,0xFA,0x00,0x04,0x00,0x0A,0x01,0x00,0x00,0x0B,0x01,0x00,0x00,
        0x0C,0x01,0x00,0x00,0xF8,0x00,0x02,0x00,0x0B,0x01,0x00,0x00,0x41,0x00,0x05,0x00,
        0x85,0x00,0x00,0x00,0x0D,0x01,0x00,0x00,0x57,0x00,0x00,0x00,0x8D,0x00,0x00,0x00,
        0x3D,0x00,0x04,0x00,0x08,0x00,0x00,0x00,0x0E,0x01,0x00,0x00,0x0D,0x01,0x00,0x00,
        0xB7,0x00,0x05,0x00,0x9F,0x00,0x00,0x00,0x0F,0x01,0x00,0x00,0x0E,0x01,0x00,0x00,
        0x18,0x00,0x00,0x00,0xF9,0x00,0x02,0x00,0x0C,0x01,0x00,0x00,0xF8,0x00,0x02,0x00,
        0x0C,0x01,0x00,0x00,0xF5,0x00,0x07,0x00,0x9F,0x00,0x00,0x00,0x10,0x01,0x00,0x00,
        0x0A,0x01,0x00,0x00,0x07,0x01,0x00,0x00,0x0F,0x01,0x00,0x00,0x0B,0x01,0x00,0x00,
        0xF7,0x00,0x03,0x00,0x12,0x01,0x00,0x00,0x00,0x00,0x00,0x00,0xFA,0x00,0x04,0x00,
        0x10,0x01,0x00,0x00,0x11,0x01,0x00,0x00,0x12,0x01,0x00,0x00,0xF8,0x00,0x02,0x00,
        0x11,0x01,0x00,0x00,0x41,0x00,0x05,0x00,0x85,0x00,0x00,0x00,0x13,0x01,0x00,0x00,
        0x57,0x00,0x00,0x00,0x8D,0x00,0x00,0x00,0x3D,0x00,0x04,0x00,0x08,0x00,0x00,0x00,
        0x14,0x01,0x00,0x00,0x13,0x01,0x00,0x00,0x3D,0x00,0x04,0x00,0x09,0x00,0x00,0x00,
        0x15,0x01,0x00,0x00,0xFA,0x00,0x00,0x00,0x8E,0x00,0x05,0x00,0x09,0x00,0x00,0x00,
        0x16,0x01,0x00,0x00,0x15,0x01,0x00,0x00,0x14,0x01,0x00,0x00,0x3E,0x00,0x03,0x00,
        0xFA,0x00,0x00,0x00,0x16,0x01,0x00,0x00,0xF9,0x00,0x02,0x00,0x12,0x01,0x00,0x00,
        0xF8,0x00,0x02,0x00,0x12,0x01,0x00,0x00,0xF9,0x00,0x02,0x00,0x02,0x01,0x00,0x00,
        0xF8,0x00,0x02,0x00,0x02,0x01,0x00,0x00,0x3D,0x00,0x04,0x00,0x06,0x00,0x00,0x00,
        0x18,0x01,0x00,0x00,0xE6,0x00,0x00,0x00,0x3D,0x00,0x04,0x00,0x06,0x00,0x00,0x00,
        0x19,0x01,0x00,0x00,0xEB,0x00,0x00,0x00,0x80,0x00,0x05,0x00,0x06,0x00,0x00,0x00,
        0x1A,0x01,0x00,0x00,0x18,0x01,0x00,0x00,0x19,0x01,0x00,0x00,0x3E,0x00,0x03,0x00,
        0x1B,0x01,0x00,0x00,0x1A,0x01,0x00,0x00,0x3D,0x00,0x04,0x00,0x09,0x00,0x00,0x00,
        0x1D,0x01,0x00,0x00,0xFA,0x00,0x00,0x00,0x3E,0x00,0x03,0x00,0x1C,0x01,0x00,0x00,
        0x1D,0x01,0x00,0x00,0x39,0x00,0x06,0x00,0x09,0x00,0x00,0x00,0x1E,0x01,0x00,0x00,
        0x0E,0x00,0x00,0x00,0x1B,0x01,0x00,0x00,0x1C,0x01,0x00,0x00,0x3E,0x00,0x03,0x00,
        0x17,0x01,0x00,0x00,0x1E,0x01,0x00,0x00,0x3D,0x00,0x04,0x00,0x06,0x00,0x00,0x00,
        0x20,0x01,0x00,0x00,0xE6,0x00,0x00,0x00,0x3D,0x00,0x04,0x00,0x06,0x00,0x00,0x00,
        0x21,0x01,0x00,0x00,0xF1,0x00,0x00,0x00,0x80,0x00,0x05,0x00,0x06,0x00,0x00,0x00,
        0x22,0x01,0x00,0x00,0x20,0x01,0x00,0x00,0x21,0x01,0x00,0x00,0x3E,0x00,0x03,0x00,
        0x24,0x01,0x00,0x00,0x22,0x01,0x00,0x00,0x3D,0x00,0x04,0x00,0x09,0x00,0x00,0x00,
        0x26,0x01,0x00,0x00,0x23,0x01,0x00,0x00,0x3E,0x00,0x03,0x00,0x25,0x01,0x00,0x00,
        0x26,0x01,0x00,0x00,0x39,0x00,0x06,0x00,0x09,0x00,0x00,0x00,0x27,0x01,0x00,0x00,
        0x12,0x00,0x00,0x00,0x24,0x01,0x00,0x00,0x25,0x01,0x00,0x00,0x0C,0x00,0x06,0x00,
        0x09,0x00,0x00,0x00,0x28,0x01,0x00,0x00,0x01,0x00,0x00,0x00,0x45,0x00,0x00,0x00,
        0x27,0x01,0x00,0x00,0x3E,0x00,0x03,0x00,0x1F,0x01,0x00,0x00,0x28,0x01,0x00,0x00,
        0x41,0x00,0x05,0x00,0x15,0x00,0x00,0x00,0x2A,0x01,0x00,0x00,0x57,0x00,0x00,0x00,
        0x22,0x00,0x00,0x00,0x3D,0x00,0x04,0x00,0x14,0x00,0x00,0x00,0x2B,0x01,0x00,0x00,
        0x2A,0x01,0x00,0x00,0x4F,0x00,0x08,0x00,0x09,0x00,0x00,0x00,0x2C,0x01,0x00,0x00,
        0x2B,0x01,0x00,0x00,0x2B,0x01,0x00,0x00,0x00,0x00,0x00,0x00,0x01,0x00,0x00,0x00,
        0x02,0x00,0x00,0x00,0x3E,0x00,0x03,0x00,0x29,0x01,0x00,0x00,0x2C,0x01,0x00,0x00,
        0x3D,0x00,0x04,0x00,0x9F,0x00,0x00,0x00,0x2D,0x01,0x00,0x00,0xAB,0x00,0x00,0x00,
        0xF7,0x00,0x03,0x00,0x2F,0x01,0x00,0x00,0x00,0x00,0x00,0x00,0xFA,0x00,0x04,0x00,
        0x2D,0x01,0x00,0x00,0x2E,0x01,0x00,0x00,0x2F,0x01,0x00,0x00,0xF8,0x00,0x02,0x00,
        0x2E,0x01,0x00,0x00,0x3D,0x00,0x04,0x00,0x09,0x00,0x00,0x00,0x30,0x01,0x00,0x00,
        0x17,0x01,0x00,0x00,0x41,0x00,0x05,0x00,0x85,0x00,0x00,0x00,0x31,0x01,0x00,0x00,
        0x57,0x00,0x00,0x00,0x61,0x00,0x00,0x00,0x3D,0x00,0x04,0x00,0x08,0x00,0x00,0x00,
        0x32,0x01,0x00,0x00,0x31,0x01,0x00,0x00,0x8E,0x00,0x05,0x00,0x09,0x00,0x00,0x00,
        0x33,0x01,0x00,0x00,0x30,0x01,0x00,0x00,0x32,0x01,0x00,0x00,0x3D,0x00,0x04,0x00,
        0x09,0x00,0x00,0x00,0x34,0x01,0x00,0x00,0x29,0x01,0x00,0x00,0x81,0x00,0x05,0x00,
        0x09,0x00,0x00,0x00,0x35,0x01,0x00,0x00,0x33,0x01,0x00,0x00,0x34,0x01,0x00,0x00,
        0x3E,0x00,0x03,0x00,0x17,0x01,0x00,0x00,0x35,0x01,0x00,0x00,0xF9,0x00,0x02,0x00,
        0x2F,0x01,0x00,0x00,0xF8,0x00,0x02,0x00,0x2F,0x01,0x00,0x00,0x3D,0x00,0x04,0x00,
        0x06,0x00,0x00,0x00,0x36,0x01,0x00,0x00,0xDA,0x00,0x00,0x00,0xAA,0x00,0x05,0x00,
        0x9F,0x00,0x00,0x00,0x37,0x01,0x00,0x00,0x36,0x01,0x00,0x00,0x33,0x00,0x00,0x00,
        0xF7,0x00,0x03,0x00,0x39,0x01,0x00,0x00,0x00,0x00,0x00,0x00,0xFA,0x00,0x04,0x00,
        0x37,0x01,0x00,0x00,0x38,0x01,0x00,0x00,0x39,0x01,0x00,0x00,0xF8,0x00,0x02,0x00,
        0x38,0x01,0x00,0x00,0x3D,0x00,0x04,0x00,0x21,0x00,0x00,0x00,0x3C,0x01,0x00,0x00,
        0x3B,0x01,0x00,0x00,0x41,0x00,0x05,0x00,0x62,0x00,0x00,0x00,0x3D,0x01,0x00,0x00,
        0x60,0x00,0x00,0x00,0x8D,0x00,0x00,0x00,0x3D,0x00,0x04,0x00,0x06,0x00,0x00,0x00,
        0x3E,0x01,0x00,0x00,0x3D,0x01,0x00,0x00,0x7C,0x00,0x04,0x00,0x21,0x00,0x00,0x00,
        0x3F,0x01,0x00,0x00,0x3E,0x01,0x00,0x00,0x82,0x00,0x05,0x00,0x21,0x00,0x00,0x00,
        0x40,0x01,0x00,0x00,0x3C,0x01,0x00,0x00,0x3F,0x01,0x00,0x00,0x6F,0x00,0x04,0x00,
        0x08,0x00,0x00,0x00,0x41,0x01,0x00,0x00,0x40,0x01,0x00,0x00,0x3E,0x00,0x03,0x00,
        0x3A,0x01,0x00,0x00,0x41,0x01,0x00,0x00,0x41,0x00,0x05,0x00,0x43,0x01,0x00,0x00,
        0x44,0x01,0x00,0x00,0x60,0x00,0x00,0x00,0x73,0x00,0x00,0x00,0x3D,0x00,0x04,0x00,
        0x08,0x00,0x00,0x00,0x45,0x01,0x00,0x00,0x44,0x01,0x00,0x00,0x3D,0x00,0x04,0x00,
        0x08,0x00,0x00,0x00,0x46,0x01,0x00,0x00,0x3A,0x01,0x00,0x00,0x85,0x00,0x05,0x00,
        0x08,0x00,0x00,0x00,0x48,0x01,0x00,0x00,0x46,0x01,0x00,0x00,0x47,0x01,0x00,0x00,
        0x81,0x00,0x05,0x00,0x08,0x00,0x00,0x00,0x49,0x01,0x00,0x00,0x45,0x01,0x00,0x00,
        0x48,0x01,0x00,0x00,0x85,0x00,0x05,0x00,0x08,0x00,0x00,0x00,0x4B,0x01,0x00,0x00,
        0x49,0x01,0x00,0x00,0x4A,0x01,0x00,0x00,0x0C,0x00,0x06,0x00,0x08,0x00,0x00,0x00,
        0x4C,0x01,0x00,0x00,0x01,0x00,0x00,0x00,0x0D,0x00,0x00,0x00,0x4B,0x01,0x00,0x00,
        0x85,0x00,0x05,0x00,0x08,0x00,0x00,0x00,0x4E,0x01,0x00,0x00,0x4C,0x01,0x00,0x00,
        0x4D,0x01,0x00,0x00,0x3E,0x00,0x03,0x00,0x42,0x01,0x00,0x00,0x4E,0x01,0x00,0x00,
        0x3D,0x00,0x04,0x00,0x09,0x00,0x00,0x00,0x4F,0x01,0x00,0x00,0x1F,0x01,0x00,0x00,
        0x3D,0x00,0x04,0x00,0x08,0x00,0x00,0x00,0x50,0x01,0x00,0x00,0x42,0x01,0x00,0x00,
        0x8E,0x00,0x05,0x00,0x09,0x00,0x00,0x00,0x51,0x01,0x00,0x00,0x4F,0x01,0x00,0x00,
        0x50,0x01,0x00,0x00,0x3D,0x00,0x04,0x00,0x09,0x00,0x00,0x00,0x52,0x01,0x00,0x00,
        0x17,0x01,0x00,0x00,0x81,0x00,0x05,0x00,0x09,0x00,0x00,0x00,0x53,0x01,0x00,0x00,
        0x52,0x01,0x00,0x00,0x51,0x01,0x00,0x00,0x3E,0x00,0x03,0x00,0x17,0x01,0x00,0x00,
        0x53,0x01,0x00,0x00,0xF9,0x00,0x02,0x00,0x39,0x01,0x00,0x00,0xF8,0x00,0x02,0x00,
        0x39,0x01,0x00,0x00,0x3D,0x00,0x04,0x00,0x06,0x00,0x00,0x00,0x54,0x01,0x00,0x00,
        0xDA,0x00,0x00,0x00,0xAA,0x00,0x05,0x00,0x9F,0x00,0x00,0x00,0x55,0x01,0x00,0x00,
        0x54,0x01,0x00,0x00,0x2C,0x00,0x00,0x00,0xF7,0x00,0x03,0x00,0x57,0x01,0x00,0x00,
        0x00,0x00,0x00,0x00,0xFA,0x00,0x04,0x00,0x55,0x01,0x00,0x00,0x56,0x01,0x00,0x00,
        0x57,0x01,0x00,0x00,0xF8,0x00,0x02,0x00,0x56,0x01,0x00,0x00,0x3D,0x00,0x04,0x00,
        0x9F,0x00,0x00,0x00,0x59,0x01,0x00,0x00,0xCE,0x00,0x00,0x00,0xA9,0x00,0x06,0x00,
        0x08,0x00,0x00,0x00,0x5C,0x01,0x00,0x00,0x59,0x01,0x00,0x00,0x5A,0x01,0x00,0x00,
        0x5B,0x01,0x00,0x00,0x3E,0x00,0x03,0x00,0x58,0x01,0x00,0x00,0x5C,0x01,0x00,0x00,
        0x3D,0x00,0x04,0x00,0x09,0x00,0x00,0x00,0x5E,0x01,0x00,0x00,0x17,0x01,0x00,0x00,
        0x3D,0x00,0x04,0x00,0x09,0x00,0x00,0x00,0x5F,0x01,0x00,0x00,0x29,0x01,0x00,0x00,
        0x83,0x00,0x05,0x00,0x09,0x00,0x00,0x00,0x60,0x01,0x00,0x00,0x5E,0x01,0x00,0x00,
        0x5F,0x01,0x00,0x00,0x3E,0x00,0x03,0x00,0x5D,0x01,0x00,0x00,0x60,0x01,0x00,0x00,
        0x41,0x00,0x05,0x00,0x85,0x00,0x00,0x00,0x62,0x01,0x00,0x00,0x5D,0x01,0x00,0x00,
        0x33,0x00,0x00,0x00,0x3D,0x00,0x04,0x00,0x08,0x00,0x00,0x00,0x63,0x01,0x00,0x00,
        0x62,0x01,0x00,0x00,0x83,0x00,0x05,0x00,0x08,0x00,0x00,0x00,0x65,0x01,0x00,0x00,
        0x63,0x01,0x00,0x00,0x64,0x01,0x00,0x00,0x3E,0x00,0x03,0x00,0x61,0x01,0x00,0x00,
        0x65,0x01,0x00,0x00,0x3D,0x00,0x04,0x00,0x08,0x00,0x00,0x00,0x66,0x01,0x00,0x00,
        0x61,0x01,0x00,0x00,0x0C,0x00,0x06,0x00,0x08,0x00,0x00,0x00,0x67,0x01,0x00,0x00,
        0x01,0x00,0x00,0x00,0x04,0x00,0x00,0x00,0x66,0x01,0x00,0x00,0xBA,0x00,0x05,0x00,
        0x9F,0x00,0x00,0x00,0x69,0x01,0x00,0x00,0x67,0x01,0x00,0x00,0x68,0x01,0x00,0x00,
        0xF7,0x00,0x03,0x00,0x6B,0x01,0x00,0x00,0x00,0x00,0x00,0x00,0xFA,0x00,0x04,0x00,
        0x69,0x01,0x00,0x00,0x6A,0x01,0x00,0x00,0x6B,0x01,0x00,0x00,0xF8,0x00,0x02,0x00,
        0x6A,0x01,0x00,0x00,0x41,0x00,0x05,0x00,0x85,0x00,0x00,0x00,0x6C,0x01,0x00,0x00,
        0x5D,0x01,0x00,0x00,0x33,0x00,0x00,0x00,0x3D,0x00,0x04,0x00,0x08,0x00,0x00,0x00,
        0x6D,0x01,0x00,0x00,0x6C,0x01,0x00,0x00,0x41,0x00,0x05,0x00,0x85,0x00,0x00,0x00,
        0x6E,0x01,0x00,0x00,0x5D,0x01,0x00,0x00,0x24,0x00,0x00,0x00,0x3D,0x00,0x04,0x00,
        0x08,0x00,0x00,0x00,0x6F,0x01,0x00,0x00,0x6E,0x01,0x00,0x00,0x3D,0x00,0x04,0x00,
        0x08,0x00,0x00,0x00,0x70,0x01,0x00,0x00,0x58,0x01,0x00,0x00,0x81,0x00,0x05,0x00,
        0x08,0x00,0x00,0x00,0x71,0x01,0x00,0x00,0x6F,0x01,0x00,0x00,0x70,0x01,0x00,0x00,
        0x85,0x00,0x05,0x00,0x08,0x00,0x00,0x00,0x72,0x01,0x00,0x00,0x6D,0x01,0x00,0x00,
        0x71,0x01,0x00,0x00,0x3D,0x00,0x04,0x00,0x08,0x00,0x00,0x00,0x73,0x01,0x00,0x00,
        0x61,0x01,0x00,0x00,0x88,0x00,0x05,0x00,0x08,0x00,0x00,0x00,0x74,0x01,0x00,0x00,
        0x72,0x01,0x00,0x00,0x73,0x01,0x00,0x00,0x41,0x00,0x05,0x00,0x85,0x00,0x00,0x00,
        0x75,0x01,0x00,0x00,0x5D,0x01,0x00,0x00,0x24,0x00,0x00,0x00,0x3D,0x00,0x04,0x00,
        0x08,0x00,0x00,0x00,0x76,0x01,0x00,0x00,0x75,0x01,0x00,0x00,0x81,0x00,0x05,0x00,
        0x08,0x00,0x00,0x00,0x77,0x01,0x00,0x00,0x76,0x01,0x00,0x00,0x74,0x01,0x00,0x00,
        0x41,0x00,0x05,0x00,0x85,0x00,0x00,0x00,0x78,0x01,0x00,0x00,0x5D,0x01,0x00,0x00,
        0x24,0x00,0x00,0x00,0x3E,0x00,0x03,0x00,0x78,0x01,0x00,0x00,0x77,0x01,0x00,0x00,
        0xF9,0x00,0x02,0x00,0x6B,0x01,0x00,0x00,0xF8,0x00,0x02,0x00,0x6B,0x01,0x00,0x00,
        0x41,0x00,0x05,0x00,0x85,0x00,0x00,0x00,0x7A,0x01,0x00,0x00,0x5D,0x01,0x00,0x00,
        0x33,0x00,0x00,0x00,0x3E,0x00,0x03,0x00,0x7A,0x01,0x00,0x00,0x79,0x01,0x00,0x00,
        0x3D,0x00,0x04,0x00,0x09,0x00,0x00,0x00,0x7B,0x01,0x00,0x00,0x5D,0x01,0x00,0x00,
        0x3D,0x00,0x04,0x00,0x09,0x00,0x00,0x00,0x7C,0x01,0x00,0x00,0x29,0x01,0x00,0x00,
        0x81,0x00,0x05,0x00,0x09,0x00,0x00,0x00,0x7D,0x01,0x00,0x00,0x7B,0x01,0x00,0x00,
        0x7C,0x01,0x00,0x00,0x3E,0x00,0x03,0x00,0x17,0x01,0x00,0x00,0x7D,0x01,0x00,0x00,
        0xF9,0x00,0x02,0x00,0x57,0x01,0x00,0x00,0xF8,0x00,0x02,0x00,0x57,0x01,0x00,0x00,
        0x41,0x00,0x05,0x00,0x82,0x01,0x00,0x00,0x83,0x01,0x00,0x00,0x60,0x00,0x00,0x00,
        0x70,0x00,0x00,0x00,0x3D,0x00,0x04,0x00,0x5D,0x00,0x00,0x00,0x84,0x01,0x00,0x00,
        0x83,0x01,0x00,0x00,0x41,0x00,0x05,0x00,0x82,0x01,0x00,0x00,0x85,0x01,0x00,0x00,
        0x60,0x00,0x00,0x00,0x22,0x00,0x00,0x00,0x3D,0x00,0x04,0x00,0x5D,0x00,0x00,0x00,
        0x86,0x01,0x00,0x00,0x85,0x01,0x00,0x00,0x92,0x00,0x05,0x00,0x5D,0x00,0x00,0x00,
        0x87,0x01,0x00,0x00,0x84,0x01,0x00,0x00,0x86,0x01,0x00,0x00,0x3D,0x00,0x04,0x00,
        0x09,0x00,0x00,0x00,0x88,0x01,0x00,0x00,0x17,0x01,0x00,0x00,0x51,0x00,0x05,0x00,
        0x08,0x00,0x00,0x00,0x89,0x01,0x00,0x00,0x88,0x01,0x00,0x00,0x00,0x00,0x00,0x00,
        0x51,0x00,0x05,0x00,0x08,0x00,0x00,0x00,0x8A,0x01,0x00,0x00,0x88,0x01,0x00,0x00,
        0x01,0x00,0x00,0x00,0x51,0x00,0x05,0x00,0x08,0x00,0x00,0x00,0x8B,0x01,0x00,0x00,
        0x88,0x01,0x00,0x00,0x02,0x00,0x00,0x00,0x50,0x00,0x07,0x00,0x14,0x00,0x00,0x00,
        0x8C,0x01,0x00,0x00,0x89,0x01,0x00,0x00,0x8A,0x01,0x00,0x00,0x8B,0x01,0x00,0x00,
        0x18,0x00,0x00,0x00,0x91,0x00,0x05,0x00,0x14,0x00,0x00,0x00,0x8D,0x01,0x00,0x00,
        0x87,0x01,0x00,0x00,0x8C,0x01,0x00,0x00,0x41,0x00,0x05,0x00,0x8E,0x01,0x00,0x00,
        0x8F,0x01,0x00,0x00,0x81,0x01,0x00,0x00,0x22,0x00,0x00,0x00,0x3E,0x00,0x03,0x00,
        0x8F,0x01,0x00,0x00,0x8D,0x01,0x00,0x00,0x3D,0x00,0x04,0x00,0x9F,0x00,0x00,0x00,
        0x90,0x01,0x00,0x00,0xBC,0x00,0x00,0x00,0xF7,0x00,0x03,0x00,0x92,0x01,0x00,0x00,
        0x00,0x00,0x00,0x00,0xFA,0x00,0x04,0x00,0x90,0x01,0x00,0x00,0x91,0x01,0x00,0x00,
        0xD0,0x01,0x00,0x00,0xF8,0x00,0x02,0x00,0x91,0x01,0x00,0x00,0x41,0x00,0x05,0x00,
        0x26,0x00,0x00,0x00,0x94,0x01,0x00,0x00,0x60,0x00,0x00,0x00,0x88,0x00,0x00,0x00,
        0x3D,0x00,0x04,0x00,0x14,0x00,0x00,0x00,0x95,0x01,0x00,0x00,0x94,0x01,0x00,0x00,
        0x4F,0x00,0x08,0x00,0x09,0x00,0x00,0x00,0x96,0x01,0x00,0x00,0x95,0x01,0x00,0x00,
        0x95,0x01,0x00,0x00,0x00,0x00,0x00,0x00,0x01,0x00,0x00,0x00,0x02,0x00,0x00,0x00,
        0x0C,0x00,0x06,0x00,0x08,0x00,0x00,0x00,0x97,0x01,0x00,0x00,0x01,0x00,0x00,0x00,
        0x42,0x00,0x00,0x00,0x96,0x01,0x00,0x00,0xBA,0x00,0x05,0x00,0x9F,0x00,0x00,0x00,
        0x98,0x01,0x00,0x00,0x97,0x01,0x00,0x00,0x68,0x01,0x00,0x00,0xF7,0x00,0x03,0x00,
        0x9B,0x01,0x00,0x00,0x00,0x00,0x00,0x00,0xFA,0x00,0x04,0x00,0x98,0x01,0x00,0x00,
        0x9A,0x01,0x00,0x00,0xA0,0x01,0x00,0x00,0xF8,0x00,0x02,0x00,0x9A,0x01,0x00,0x00,
        0x41,0x00,0x05,0x00,0x26,0x00,0x00,0x00,0x9C,0x01,0x00,0x00,0x60,0x00,0x00,0x00,
        0x88,0x00,0x00,0x00,0x3D,0x00,0x04,0x00,0x14,0x00,0x00,0x00,0x9D,0x01,0x00,0x00,
        0x9C,0x01,0x00,0x00,0x4F,0x00,0x08,0x00,0x09,0x00,0x00,0x00,0x9E,0x01,0x00,0x00,
        0x9D,0x01,0x00,0x00,0x9D,0x01,0x00,0x00,0x00,0x00,0x00,0x00,0x01,0x00,0x00,0x00,
        0x02,0x00,0x00,0x00,0x0C,0x00,0x06,0x00,0x09,0x00,0x00,0x00,0x9F,0x01,0x00,0x00,
        0x01,0x00,0x00,0x00,0x45,0x00,0x00,0x00,0x9E,0x01,0x00,0x00,0x3E,0x00,0x03,0x00,
        0x99,0x01,0x00,0x00,0x9F,0x01,0x00,0x00,0xF9,0x00,0x02,0x00,0x9B,0x01,0x00,0x00,
        0xF8,0x00,0x02,0x00,0xA0,0x01,0x00,0x00,0x3E,0x00,0x03,0x00,0x99,0x01,0x00,0x00,
        0xA2,0x01,0x00,0x00,0xF9,0x00,0x02,0x00,0x9B,0x01,0x00,0x00,0xF8,0x00,0x02,0x00,
        0x9B,0x01,0x00,0x00,0x3D,0x00,0x04,0x00,0x09,0x00,0x00,0x00,0xA3,0x01,0x00,0x00,
        0x99,0x01,0x00,0x00,0x3E,0x00,0x03,0x00,0x93,0x01,0x00,0x00,0xA3,0x01,0x00,0x00,
        0x41,0x00,0x06,0x00,0x43,0x01,0x00,0x00,0xA6,0x01,0x00,0x00,0x60,0x00,0x00,0x00,
        0x88,0x00,0x00,0x00,0xA5,0x01,0x00,0x00,0x3D,0x00,0x04,0x00,0x08,0x00,0x00,0x00,
        0xA7,0x01,0x00,0x00,0xA6,0x01,0x00,0x00,0xBA,0x00,0x05,0x00,0x9F,0x00,0x00,0x00,
        0xA8,0x01,0x00,0x00,0xA7,0x01,0x00,0x00,0xA9,0x00,0x00,0x00,0xF7,0x00,0x03,0x00,
        0xAB,0x01,0x00,0x00,0x00,0x00,0x00,0x00,0xFA,0x00,0x04,0x00,0xA8,0x01,0x00,0x00,
        0xAA,0x01,0x00,0x00,0xAE,0x01,0x00,0x00,0xF8,0x00,0x02,0x00,0xAA,0x01,0x00,0x00,
        0x41,0x00,0x06,0x00,0x43,0x01,0x00,0x00,0xAC,0x01,0x00,0x00,0x60,0x00,0x00,0x00,
        0x88,0x00,0x00,0x00,0xA5,0x01,0x00,0x00,0x3D,0x00,0x04,0x00,0x08,0x00,0x00,0x00,
        0xAD,0x01,0x00,0x00,0xAC,0x01,0x00,0x00,0x3E,0x00,0x03,0x00,0xA9,0x01,0x00,0x00,
        0xAD,0x01,0x00,0x00,0xF9,0x00,0x02,0x00,0xAB,0x01,0x00,0x00,0xF8,0x00,0x02,0x00,
        0xAE,0x01,0x00,0x00,0x3E,0x00,0x03,0x00,0xA9,0x01,0x00,0x00,0x18,0x00,0x00,0x00,
        0xF9,0x00,0x02,0x00,0xAB,0x01,0x00,0x00,0xF8,0x00,0x02,0x00,0xAB,0x01,0x00,0x00,
        0x3D,0x00,0x04,0x00,0x08,0x00,0x00,0x00,0xAF,0x01,0x00,0x00,0xA9,0x01,0x00,0x00,
        0x3E,0x00,0x03,0x00,0xA4,0x01,0x00,0x00,0xAF,0x01,0x00,0x00,0x3D,0x00,0x04,0x00,
        0x09,0x00,0x00,0x00,0xB1,0x01,0x00,0x00,0x1F,0x01,0x00,0x00,0x3D,0x00,0x04,0x00,
        0x09,0x00,0x00,0x00,0xB2,0x01,0x00,0x00,0x93,0x01,0x00,0x00,0x94,0x00,0x05,0x00,
        0x08,0x00,0x00,0x00,0xB3,0x01,0x00,0x00,0xB1,0x01,0x00,0x00,0xB2,0x01,0x00,0x00,
        0x85,0x00,0x05,0x00,0x08,0x00,0x00,0x00,0xB5,0x01,0x00,0x00,0xB3,0x01,0x00,0x00,
        0xB4,0x01,0x00,0x00,0x81,0x00,0x05,0x00,0x08,0x00,0x00,0x00,0xB7,0x01,0x00,0x00,
        0xB5,0x01,0x00,0x00,0xB6,0x01,0x00,0x00,0x3D,0x00,0x04,0x00,0x08,0x00,0x00,0x00,
        0xB8,0x01,0x00,0x00,0xA4,0x01,0x00,0x00,0x85,0x00,0x05,0x00,0x08,0x00,0x00,0x00,
        0xB9,0x01,0x00,0x00,0xB7,0x01,0x00,0x00,0xB8,0x01,0x00,0x00,0x3D,0x00,0x04,0x00,
        0x08,0x00,0x00,0x00,0xBA,0x01,0x00,0x00,0xA4,0x01,0x00,0x00,0x83,0x00,0x05,0x00,
        0x08,0x00,0x00,0x00,0xBB,0x01,0x00,0x00,0x18,0x00,0x00,0x00,0xBA,0x01,0x00,0x00,
        0x81,0x00,0x05,0x00,0x08,0x00,0x00,0x00,0xBC,0x01,0x00,0x00,0xB9,0x01,0x00,0x00,
        0xBB,0x01,0x00,0x00,0x0C,0x00,0x07,0x00,0x08,0x00,0x00,0x00,0xBE,0x01,0x00,0x00,
        0x01,0x00,0x00,0x00,0x28,0x00,0x00,0x00,0xBC,0x01,0x00,0x00,0xBD,0x01,0x00,0x00,
        0x3E,0x00,0x03,0x00,0xB0,0x01,0x00,0x00,0xBE,0x01,0x00,0x00,0x3D,0x00,0x04,0x00,
        0x9F,0x00,0x00,0x00,0xBF,0x01,0x00,0x00,0xC8,0x00,0x00,0x00,0xF7,0x00,0x03,0x00,
        0xC1,0x01,0x00,0x00,0x00,0x00,0x00,0x00,0xFA,0x00,0x04,0x00,0xBF,0x01,0x00,0x00,
        0xC0,0x01,0x00,0x00,0xC7,0x01,0x00,0x00,0xF8,0x00,0x02,0x00,0xC0,0x01,0x00,0x00,
        0x3D,0x00,0x04,0x00,0x08,0x00,0x00,0x00,0xC2,0x01,0x00,0x00,0xB0,0x01,0x00,0x00,
        0x85,0x00,0x05,0x00,0x08,0x00,0x00,0x00,0xC4,0x01,0x00,0x00,0xC2,0x01,0x00,0x00,
        0xC3,0x01,0x00,0x00,0x81,0x00,0x05,0x00,0x08,0x00,0x00,0x00,0xC6,0x01,0x00,0x00,
        0xC4,0x01,0x00,0x00,0xC5,0x01,0x00,0x00,0x3E,0x00,0x03,0x00,0xB0,0x01,0x00,0x00,
        0xC6,0x01,0x00,0x00,0xF9,0x00,0x02,0x00,0xC1,0x01,0x00,0x00,0xF8,0x00,0x02,0x00,
        0xC7,0x01,0x00,0x00,0x3D,0x00,0x04,0x00,0x9F,0x00,0x00,0x00,0xC8,0x01,0x00,0x00,
        0xCE,0x00,0x00,0x00,0xF7,0x00,0x03,0x00,0xCA,0x01,0x00,0x00,0x00,0x00,0x00,0x00,
        0xFA,0x00,0x04,0x00,0xC8,0x01,0x00,0x00,0xC9,0x01,0x00,0x00,0xCA,0x01,0x00,0x00,
        0xF8,0x00,0x02,0x00,0xC9,0x01,0x00,0x00,0x3D,0x00,0x04,0x00,0x08,0x00,0x00,0x00,
        0xCB,0x01,0x00,0x00,0xB0,0x01,0x00,0x00,0x85,0x00,0x05,0x00,0x08,0x00,0x00,0x00,
        0xCC,0x01,0x00,0x00,0xCB,0x01,0x00,0x00,0xB6,0x01,0x00,0x00,0x3E,0x00,0x03,0x00,
        0xB0,0x01,0x00,0x00,0xCC,0x01,0x00,0x00,0xF9,0x00,0x02,0x00,0xCA,0x01,0x00,0x00,
        0xF8,0x00,0x02,0x00,0xCA,0x01,0x00,0x00,0xF9,0x00,0x02,0x00,0xC1,0x01,0x00,0x00,
        0xF8,0x00,0x02,0x00,0xC1,0x01,0x00,0x00,0x3D,0x00,0x04,0x00,0x08,0x00,0x00,0x00,
        0xCE,0x01,0x00,0x00,0xB0,0x01,0x00,0x00,0x0C,0x00,0x08,0x00,0x08,0x00,0x00,0x00,
        0xCF,0x01,0x00,0x00,0x01,0x00,0x00,0x00,0x2B,0x00,0x00,0x00,0xCE,0x01,0x00,0x00,
        0xBD,0x01,0x00,0x00,0x18,0x00,0x00,0x00,0x3E,0x00,0x03,0x00,0xCD,0x01,0x00,0x00,
        0xCF,0x01,0x00,0x00,0xF9,0x00,0x02,0x00,0x92,0x01,0x00,0x00,0xF8,0x00,0x02,0x00,
        0xD0,0x01,0x00,0x00,0x3E,0x00,0x03,0x00,0xCD,0x01,0x00,0x00,0x18,0x00,0x00,0x00,
        0xF9,0x00,0x02,0x00,0x92,0x01,0x00,0x00,0xF8,0x00,0x02,0x00,0x92,0x01,0x00,0x00,
        0x3D,0x00,0x04,0x00,0x9F,0x00,0x00,0x00,0xD2,0x01,0x00,0x00,0xC2,0x00,0x00,0x00,
        0xF7,0x00,0x03,0x00,0xD5,0x01,0x00,0x00,0x00,0x00,0x00,0x00,0xFA,0x00,0x04,0x00,
        0xD2,0x01,0x00,0x00,0xD4,0x01,0x00,0x00,0xD8,0x01,0x00,0x00,0xF8,0x00,0x02,0x00,
        0xD4,0x01,0x00,0x00,0x41,0x00,0x05,0x00,0x0A,0x00,0x00,0x00,0xD6,0x01,0x00,0x00,
        0x57,0x00,0x00,0x00,0x96,0x00,0x00,0x00,0x3D,0x00,0x04,0x00,0x09,0x00,0x00,0x00,
        0xD7,0x01,0x00,0x00,0xD6,0x01,0x00,0x00,0x3E,0x00,0x03,0x00,0xD3,0x01,0x00,0x00,
        0xD7,0x01,0x00,0x00,0xF9,0x00,0x02,0x00,0xD5,0x01,0x00,0x00,0xF8,0x00,0x02,0x00,
        0xD8,0x01,0x00,0x00,0x41,0x00,0x05,0x00,0x15,0x00,0x00,0x00,0xD9,0x01,0x00,0x00,
        0x57,0x00,0x00,0x00,0x70,0x00,0x00,0x00,0x3D,0x00,0x04,0x00,0x14,0x00,0x00,0x00,
        0xDA,0x01,0x00,0x00,0xD9,0x01,0x00,0x00,0x4F,0x00,0x08,0x00,0x09,0x00,0x00,0x00,
        0xDB,0x01,0x00,0x00,0xDA,0x01,0x00,0x00,0xDA,0x01,0x00,0x00,0x00,0x00,0x00,0x00,
        0x01,0x00,0x00,0x00,0x02,0x00,0x00,0x00,0x3E,0x00,0x03,0x00,0xD3,0x01,0x00,0x00,
        0xDB,0x01,0x00,0x00,0xF9,0x00,0x02,0x00,0xD5,0x01,0x00,0x00,0xF8,0x00,0x02,0x00,
        0xD5,0x01,0x00,0x00,0x3D,0x00,0x04,0x00,0x09,0x00,0x00,0x00,0xDC,0x01,0x00,0x00,
        0xD3,0x01,0x00,0x00,0x50,0x00,0x06,0x00,0x09,0x00,0x00,0x00,0xDD,0x01,0x00,0x00,
        0xA9,0x00,0x00,0x00,0xA9,0x00,0x00,0x00,0xA9,0x00,0x00,0x00,0x50,0x00,0x06,0x00,
        0x09,0x00,0x00,0x00,0xDE,0x01,0x00,0x00,0x18,0x00,0x00,0x00,0x18,0x00,0x00,0x00,
        0x18,0x00,0x00,0x00,0x0C,0x00,0x08,0x00,0x09,0x00,0x00,0x00,0xDF,0x01,0x00,0x00,
        0x01,0x00,0x00,0x00,0x2B,0x00,0x00,0x00,0xDC,0x01,0x00,0x00,0xDD,0x01,0x00,0x00,
        0xDE,0x01,0x00,0x00,0x3E,0x00,0x03,0x00,0xD1,0x01,0x00,0x00,0xDF,0x01,0x00,0x00,
        0x3D,0x00,0x04,0x00,0x9F,0x00,0x00,0x00,0xE2,0x01,0x00,0x00,0xBC,0x00,0x00,0x00,
        0x3D,0x00,0x04,0x00,0x9F,0x00,0x00,0x00,0xE3,0x01,0x00,0x00,0xB6,0x00,0x00,0x00,
        0xA8,0x00,0x04,0x00,0x9F,0x00,0x00,0x00,0xE4,0x01,0x00,0x00,0xE3,0x01,0x00,0x00,
        0xA7,0x00,0x05,0x00,0x9F,0x00,0x00,0x00,0xE5,0x01,0x00,0x00,0xE2,0x01,0x00,0x00,
        0xE4,0x01,0x00,0x00,0xF7,0x00,0x03,0x00,0xE8,0x01,0x00,0x00,0x00,0x00,0x00,0x00,
        0xFA,0x00,0x04,0x00,0xE5,0x01,0x00,0x00,0xE7,0x01,0x00,0x00,0xEF,0x01,0x00,0x00,
        0xF8,0x00,0x02,0x00,0xE7,0x01,0x00,0x00,0x3D,0x00,0x04,0x00,0x09,0x00,0x00,0x00,
        0xE9,0x01,0x00,0x00,0xD1,0x01,0x00,0x00,0x3D,0x00,0x04,0x00,0x08,0x00,0x00,0x00,
        0xEA,0x01,0x00,0x00,0xCD,0x01,0x00,0x00,0x8E,0x00,0x05,0x00,0x09,0x00,0x00,0x00,
        0xEB,0x01,0x00,0x00,0xE9,0x01,0x00,0x00,0xEA,0x01,0x00,0x00,0x50,0x00,0x06,0x00,
        0x09,0x00,0x00,0x00,0xEC,0x01,0x00,0x00,0xA9,0x00,0x00,0x00,0xA9,0x00,0x00,0x00,
        0xA9,0x00,0x00,0x00,0x50,0x00,0x06,0x00,0x09,0x00,0x00,0x00,0xED,0x01,0x00,0x00,
        0x18,0x00,0x00,0x00,0x18,0x00,0x00,0x00,0x18,0x00,0x00,0x00,0x0C,0x00,0x08,0x00,
        0x09,0x00,0x00,0x00,0xEE,0x01,0x00,0x00,0x01,0x00,0x00,0x00,0x2B,0x00,0x00,0x00,
        0xEB,0x01,0x00,0x00,0xEC,0x01,0x00,0x00,0xED,0x01,0x00,0x00,0x3E,0x00,0x03,0x00,
        0xE6,0x01,0x00,0x00,0xEE,0x01,0x00,0x00,0xF9,0x00,0x02,0x00,0xE8,0x01,0x00,0x00,
        0xF8,0x00,0x02,0x00,0xEF,0x01,0x00,0x00,0x3D,0x00,0x04,0x00,0x09,0x00,0x00,0x00,
        0xF0,0x01,0x00,0x00,0xD1,0x01,0x00,0x00,0x3E,0x00,0x03,0x00,0xE6,0x01,0x00,0x00,
        0xF0,0x01,0x00,0x00,0xF9,0x00,0x02,0x00,0xE8,0x01,0x00,0x00,0xF8,0x00,0x02,0x00,
        0xE8,0x01,0x00,0x00,0x3D,0x00,0x04,0x00,0x09,0x00,0x00,0x00,0xF1,0x01,0x00,0x00,
        0xE6,0x01,0x00,0x00,0x3E,0x00,0x03,0x00,0xE1,0x01,0x00,0x00,0xF1,0x01,0x00,0x00,
        0x3D,0x00,0x04,0x00,0x9F,0x00,0x00,0x00,0xF3,0x01,0x00,0x00,0xC2,0x00,0x00,0x00,
        0xF7,0x00,0x03,0x00,0xF6,0x01,0x00,0x00,0x00,0x00,0x00,0x00,0xFA,0x00,0x04,0x00,
        0xF3,0x01,0x00,0x00,0xF5,0x01,0x00,0x00,0xF9,0x01,0x00,0x00,0xF8,0x00,0x02,0x00,
        0xF5,0x01,0x00,0x00,0x41,0x00,0x05,0x00,0x85,0x00,0x00,0x00,0xF7,0x01,0x00,0x00,
        0x57,0x00,0x00,0x00,0x88,0x00,0x00,0x00,0x3D,0x00,0x04,0x00,0x08,0x00,0x00,0x00,
        0xF8,0x01,0x00,0x00,0xF7,0x01,0x00,0x00,0x3E,0x00,0x03,0x00,0xF4,0x01,0x00,0x00,
        0xF8,0x01,0x00,0x00,0xF9,0x00,0x02,0x00,0xF6,0x01,0x00,0x00,0xF8,0x00,0x02,0x00,
        0xF9,0x01,0x00,0x00,0x41,0x00,0x06,0x00,0x85,0x00,0x00,0x00,0xFA,0x01,0x00,0x00,
        0x57,0x00,0x00,0x00,0x70,0x00,0x00,0x00,0xA5,0x01,0x00,0x00,0x3D,0x00,0x04,0x00,
        0x08,0x00,0x00,0x00,0xFB,0x01,0x00,0x00,0xFA,0x01,0x00,0x00,0x3E,0x00,0x03,0x00,
        0xF4,0x01,0x00,0x00,0xFB,0x01,0x00,0x00,0xF9,0x00,0x02,0x00,0xF6,0x01,0x00,0x00,
        0xF8,0x00,0x02,0x00,0xF6,0x01,0x00,0x00,0x3D,0x00,0x04,0x00,0x08,0x00,0x00,0x00,
        0xFC,0x01,0x00,0x00,0xF4,0x01,0x00,0x00,0x3E,0x00,0x03,0x00,0xF2,0x01,0x00,0x00,
        0xFC,0x01,0x00,0x00,0x3D,0x00,0x04,0x00,0x9F,0x00,0x00,0x00,0xFE,0x01,0x00,0x00,
        0xD4,0x00,0x00,0x00,0xA9,0x00,0x06,0x00,0x08,0x00,0x00,0x00,0xFF,0x01,0x00,0x00,
        0xFE,0x01,0x00,0x00,0x18,0x00,0x00,0x00,0xA9,0x00,0x00,0x00,0x3E,0x00,0x03,0x00,
        0xFD,0x01,0x00,0x00,0xFF,0x01,0x00,0x00,0x3D,0x00,0x04,0x00,0x54,0x00,0x00,0x00,
        0x03,0x02,0x00,0x00,0x02,0x02,0x00,0x00,0x3E,0x00,0x03,0x00,0x00,0x02,0x00,0x00,
        0x03,0x02,0x00,0x00,0x3E,0x00,0x03,0x00,0x04,0x02,0x00,0x00,0x05,0x02,0x00,0x00,
        0x3D,0x00,0x04,0x00,0x9F,0x00,0x00,0x00,0x06,0x02,0x00,0x00,0xB6,0x00,0x00,0x00,
        0xF7,0x00,0x03,0x00,0x08,0x02,0x00,0x00,0x00,0x00,0x00,0x00,0xFA,0x00,0x04,0x00,
        0x06,0x02,0x00,0x00,0x07,0x02,0x00,0x00,0x08,0x02,0x00,0x00,0xF8,0x00,0x02,0x00,
        0x07,0x02,0x00,0x00,0x41,0x00,0x05,0x00,0x43,0x01,0x00,0x00,0x0A,0x02,0x00,0x00,
        0x60,0x00,0x00,0x00,0x73,0x00,0x00,0x00,0x3D,0x00,0x04,0x00,0x08,0x00,0x00,0x00,
        0x0B,0x02,0x00,0x00,0x0A,0x02,0x00,0x00,0x8D,0x00,0x05,0x00,0x08,0x00,0x00,0x00,
        0x0D,0x02,0x00,0x00,0x0B,0x02,0x00,0x00,0x0C,0x02,0x00,0x00,0x85,0x00,0x05,0x00,
        0x08,0x00,0x00,0x00,0x0F,0x02,0x00,0x00,0x0D,0x02,0x00,0x00,0x0E,0x02,0x00,0x00,
        0x3E,0x00,0x03,0x00,0x09,0x02,0x00,0x00,0x0F,0x02,0x00,0x00,0x41,0x00,0x05,0x00,
        0x43,0x01,0x00,0x00,0x11,0x02,0x00,0x00,0x60,0x00,0x00,0x00,0x73,0x00,0x00,0x00,
        0x3D,0x00,0x04,0x00,0x08,0x00,0x00,0x00,0x12,0x02,0x00,0x00,0x11,0x02,0x00,0x00,
        0x8D,0x00,0x05,0x00,0x08,0x00,0x00,0x00,0x13,0x02,0x00,0x00,0x12,0x02,0x00,0x00,
        0x64,0x01,0x00,0x00,0x85,0x00,0x05,0x00,0x08,0x00,0x00,0x00,0x15,0x02,0x00,0x00,
        0x13,0x02,0x00,0x00,0x14,0x02,0x00,0x00,0x83,0x00,0x05,0x00,0x08,0x00,0x00,0x00,
        0x17,0x02,0x00,0x00,0x15,0x02,0x00,0x00,0x16,0x02,0x00,0x00,0x3E,0x00,0x03,0x00,
        0x10,0x02,0x00,0x00,0x17,0x02,0x00,0x00,0x41,0x00,0x05,0x00,0x43,0x01,0x00,0x00,
        0x19,0x02,0x00,0x00,0x60,0x00,0x00,0x00,0x73,0x00,0x00,0x00,0x3D,0x00,0x04,0x00,
        0x08,0x00,0x00,0x00,0x1A,0x02,0x00,0x00,0x19,0x02,0x00,0x00,0x85,0x00,0x05,0x00,
        0x08,0x00,0x00,0x00,0x1B,0x02,0x00,0x00,0x1A,0x02,0x00,0x00,0x68,0x01,0x00,0x00,
        0x0C,0x00,0x06,0x00,0x08,0x00,0x00,0x00,0x1C,0x02,0x00,0x00,0x01,0x00,0x00,0x00,
        0x0E,0x00,0x00,0x00,0x1B,0x02,0x00,0x00,0x41,0x00,0x05,0x00,0x43,0x01,0x00,0x00,
        0x1D,0x02,0x00,0x00,0x60,0x00,0x00,0x00,0x73,0x00,0x00,0x00,0x3D,0x00,0x04,0x00,
        0x08,0x00,0x00,0x00,0x1E,0x02,0x00,0x00,0x1D,0x02,0x00,0x00,0x85,0x00,0x05,0x00,
        0x08,0x00,0x00,0x00,0x20,0x02,0x00,0x00,0x1E,0x02,0x00,0x00,0x1F,0x02,0x00,0x00,
        0x0C,0x00,0x06,0x00,0x08,0x00,0x00,0x00,0x21,0x02,0x00,0x00,0x01,0x00,0x00,0x00,
        0x0D,0x00,0x00,0x00,0x20,0x02,0x00,0x00,0x50,0x00,0x06,0x00,0x09,0x00,0x00,0x00,
        0x22,0x02,0x00,0x00,0x1C,0x02,0x00,0x00,0x21,0x02,0x00,0x00,0x18,0x00,0x00,0x00,
        0x0C,0x00,0x06,0x00,0x09,0x00,0x00,0x00,0x23,0x02,0x00,0x00,0x01,0x00,0x00,0x00,
        0x45,0x00,0x00,0x00,0x22,0x02,0x00,0x00,0x3E,0x00,0x03,0x00,0x18,0x02,0x00,0x00,
        0x23,0x02,0x00,0x00,0x3D,0x00,0x04,0x00,0x06,0x00,0x00,0x00,0x24,0x02,0x00,0x00,
        0xE2,0x00,0x00,0x00,0xF7,0x00,0x03,0x00,0x2F,0x02,0x00,0x00,0x00,0x00,0x00,0x00,
        0xFB,0x00,0x15,0x00,0x24,0x02,0x00,0x00,0x2E,0x02,0x00,0x00,0x00,0x00,0x00,0x00,
        0x25,0x02,0x00,0x00,0x01,0x00,0x00,0x00,0x26,0x02,0x00,0x00,0x02,0x00,0x00,0x00,
        0x27,0x02,0x00,0x00,0x03,0x00,0x00,0x00,0x28,0x02,0x00,0x00,0x04,0x00,0x00,0x00,
        0x29,0x02,0x00,0x00,0x05,0x00,0x00,0x00,0x2A,0x02,0x00,0x00,0x06,0x00,0x00,0x00,
        0x2B,0x02,0x00,0x00,0x07,0x00,0x00,0x00,0x2C,0x02,0x00,0x00,0x08,0x00,0x00,0x00,
        0x2D,0x02,0x00,0x00,0xF8,0x00,0x02,0x00,0x2E,0x02,0x00,0x00,0x41,0x00,0x05,0x00,
        0x85,0x00,0x00,0x00,0xBF,0x02,0x00,0x00,0x1F,0x01,0x00,0x00,0x33,0x00,0x00,0x00,
        0x3D,0x00,0x04,0x00,0x08,0x00,0x00,0x00,0xC0,0x02,0x00,0x00,0xBF,0x02,0x00,0x00,
        0x85,0x00,0x05,0x00,0x08,0x00,0x00,0x00,0xC1,0x02,0x00,0x00,0xC0,0x02,0x00,0x00,
        0x32,0x02,0x00,0x00,0x81,0x00,0x05,0x00,0x08,0x00,0x00,0x00,0xC2,0x02,0x00,0x00,
        0xC1,0x02,0x00,0x00,0x42,0x02,0x00,0x00,0x41,0x00,0x05,0x00,0x85,0x00,0x00,0x00,
        0xC3,0x02,0x00,0x00,0x1F,0x01,0x00,0x00,0x2C,0x00,0x00,0x00,0x3D,0x00,0x04,0x00,
        0x08,0x00,0x00,0x00,0xC4,0x02,0x00,0x00,0xC3,0x02,0x00,0x00,0x85,0x00,0x05,0x00,
        0x08,0x00,0x00,0x00,0xC5,0x02,0x00,0x00,0xC4,0x02,0x00,0x00,0x32,0x02,0x00,0x00,
        0x81,0x00,0x05,0x00,0x08,0x00,0x00,0x00,0xC6,0x02,0x00,0x00,0xC5,0x02,0x00,0x00,
        0x32,0x02,0x00,0x00,0x50,0x00,0x05,0x00,0x54,0x00,0x00,0x00,0xC7,0x02,0x00,0x00,
        0xC2,0x02,0x00,0x00,0xC6,0x02,0x00,0x00,0x3E,0x00,0x03,0x00,0x04,0x02,0x00,0x00,
        0xC7,0x02,0x00,0x00,0xF9,0x00,0x02,0x00,0x2F,0x02,0x00,0x00,0xF8,0x00,0x02,0x00,
        0x25,0x02,0x00,0x00,0x41,0x00,0x05,0x00,0x85,0x00,0x00,0x00,0x30,0x02,0x00,0x00,
        0x1F,0x01,0x00,0x00,0x33,0x00,0x00,0x00,0x3D,0x00,0x04,0x00,0x08,0x00,0x00,0x00,
        0x31,0x02,0x00,0x00,0x30,0x02,0x00,0x00,0x85,0x00,0x05,0x00,0x08,0x00,0x00,0x00,
        0x33,0x02,0x00,0x00,0x31,0x02,0x00,0x00,0x32,0x02,0x00,0x00,0x3D,0x00,0x04,0x00,
        0x08,0x00,0x00,0x00,0x34,0x02,0x00,0x00,0x09,0x02,0x00,0x00,0x81,0x00,0x05,0x00,
        0x08,0x00,0x00,0x00,0x35,0x02,0x00,0x00,0x33,0x02,0x00,0x00,0x34,0x02,0x00,0x00,
        0x41,0x00,0x05,0x00,0x85,0x00,0x00,0x00,0x36,0x02,0x00,0x00,0x1F,0x01,0x00,0x00,
        0x2C,0x00,0x00,0x00,0x3D,0x00,0x04,0x00,0x08,0x00,0x00,0x00,0x37,0x02,0x00,0x00,
        0x36,0x02,0x00,0x00,0x85,0x00,0x05,0x00,0x08,0x00,0x00,0x00,0x38,0x02,0x00,0x00,
        0x37,0x02,0x00,0x00,0x32,0x02,0x00,0x00,0x3D,0x00,0x04,0x00,0x08,0x00,0x00,0x00,
        0x39,0x02,0x00,0x00,0x09,0x02,0x00,0x00,0x85,0x00,0x05,0x00,0x08,0x00,0x00,0x00,
        0x3B,0x02,0x00,0x00,0x39,0x02,0x00,0x00,0x3A,0x02,0x00,0x00,0x81,0x00,0x05,0x00,
        0x08,0x00,0x00,0x00,0x3C,0x02,0x00,0x00,0x38,0x02,0x00,0x00,0x3B,0x02,0x00,0x00,
        0x50,0x00,0x05,0x00,0x54,0x00,0x00,0x00,0x3D,0x02,0x00,0x00,0x35,0x02,0x00,0x00,
        0x3C,0x02,0x00,0x00,0x3E,0x00,0x03,0x00,0x04,0x02,0x00,0x00,0x3D,0x02,0x00,0x00,
        0xF9,0x00,0x02,0x00,0x2F,0x02,0x00,0x00,0xF8,0x00,0x02,0x00,0x26,0x02,0x00,0x00,
        0x41,0x00,0x05,0x00,0x85,0x00,0x00,0x00,0x3F,0x02,0x00,0x00,0x1F,0x01,0x00,0x00,
        0x33,0x00,0x00,0x00,0x3D,0x00,0x04,0x00,0x08,0x00,0x00,0x00,0x40,0x02,0x00,0x00,
        0x3F,0x02,0x00,0x00,0x85,0x00,0x05,0x00,0x08,0x00,0x00,0x00,0x41,0x02,0x00,0x00,
        0x40,0x02,0x00,0x00,0x32,0x02,0x00,0x00,0x81,0x00,0x05,0x00,0x08,0x00,0x00,0x00,
        0x43,0x02,0x00,0x00,0x41,0x02,0x00,0x00,0x42,0x02,0x00,0x00,0x41,0x00,0x05,0x00,
        0x85,0x00,0x00,0x00,0x44,0x02,0x00,0x00,0x1F,0x01,0x00,0x00,0x2C,0x00,0x00,0x00,
        0x3D,0x00,0x04,0x00,0x08,0x00,0x00,0x00,0x45,0x02,0x00,0x00,0x44,0x02,0x00,0x00,
        0x85,0x00,0x05,0x00,0x08,0x00,0x00,0x00,0x46,0x02,0x00,0x00,0x45,0x02,0x00,0x00,
        0x32,0x02,0x00,0x00,0x81,0x00,0x05,0x00,0x08,0x00,0x00,0x00,0x47,0x02,0x00,0x00,
        0x46,0x02,0x00,0x00,0x32,0x02,0x00,0x00,0x50,0x00,0x05,0x00,0x54,0x00,0x00,0x00,
        0x48,0x02,0x00,0x00,0x43,0x02,0x00,0x00,0x47,0x02,0x00,0x00,0x3E,0x00,0x03,0x00,
        0x04,0x02,0x00,0x00,0x48,0x02,0x00,0x00,0xF9,0x00,0x02,0x00,0x2F,0x02,0x00,0x00,
        0xF8,0x00,0x02,0x00,0x27,0x02,0x00,0x00,0x41,0x00,0x05,0x00,0x85,0x00,0x00,0x00,
        0x4A,0x02,0x00,0x00,0x1F,0x01,0x00,0x00,0x33,0x00,0x00,0x00,0x3D,0x00,0x04,0x00,
        0x08,0x00,0x00,0x00,0x4B,0x02,0x00,0x00,0x4A,0x02,0x00,0x00,0x41,0x00,0x05,0x00,
        0x85,0x00,0x00,0x00,0x4C,0x02,0x00,0x00,0x1F,0x01,0x00,0x00,0x24,0x00,0x00,0x00,
        0x3D,0x00,0x04,0x00,0x08,0x00,0x00,0x00,0x4D,0x02,0x00,0x00,0x4C,0x02,0x00,0x00,
        0x81,0x00,0x05,0x00,0x08,0x00,0x00,0x00,0x4E,0x02,0x00,0x00,0x4B,0x02,0x00,0x00,
        0x4D,0x02,0x00,0x00,0x85,0x00,0x05,0x00,0x08,0x00,0x00,0x00,0x50,0x02,0x00,0x00,
        0x4E,0x02,0x00,0x00,0x4F,0x02,0x00,0x00,0x3D,0x00,0x04,0x00,0x08,0x00,0x00,0x00,
        0x51,0x02,0x00,0x00,0x10,0x02,0x00,0x00,0x85,0x00,0x05,0x00,0x08,0x00,0x00,0x00,
        0x52,0x02,0x00,0x00,0x51,0x02,0x00,0x00,0x3A,0x02,0x00,0x00,0x81,0x00,0x05,0x00,
        0x08,0x00,0x00,0x00,0x53,0x02,0x00,0x00,0x50,0x02,0x00,0x00,0x52,0x02,0x00,0x00,
        0x41,0x00,0x05,0x00,0x85,0x00,0x00,0x00,0x54,0x02,0x00,0x00,0x1F,0x01,0x00,0x00,
        0x2C,0x00,0x00,0x00,0x3D,0x00,0x04,0x00,0x08,0x00,0x00,0x00,0x55,0x02,0x00,0x00,
        0x54,0x02,0x00,0x00,0x41,0x00,0x05,0x00,0x85,0x00,0x00,0x00,0x56,0x02,0x00,0x00,
        0x1F,0x01,0x00,0x00,0x24,0x00,0x00,0x00,0x3D,0x00,0x04,0x00,0x08,0x00,0x00,0x00,
        0x57,0x02,0x00,0x00,0x56,0x02,0x00,0x00,0x81,0x00,0x05,0x00,0x08,0x00,0x00,0x00,
        0x58,0x02,0x00,0x00,0x55,0x02,0x00,0x00,0x57,0x02,0x00,0x00,0x85,0x00,0x05,0x00,
        0x08,0x00,0x00,0x00,0x59,0x02,0x00,0x00,0x58,0x02,0x00,0x00,0x18,0x00,0x00,0x00,
        0x3D,0x00,0x04,0x00,0x08,0x00,0x00,0x00,0x5A,0x02,0x00,0x00,0x10,0x02,0x00,0x00,
        0x85,0x00,0x05,0x00,0x08,0x00,0x00,0x00,0x5C,0x02,0x00,0x00,0x5A,0x02,0x00,0x00,
        0x5B,0x02,0x00,0x00,0x81,0x00,0x05,0x00,0x08,0x00,0x00,0x00,0x5D,0x02,0x00,0x00,
        0x59,0x02,0x00,0x00,0x5C,0x02,0x00,0x00,0x50,0x00,0x05,0x00,0x54,0x00,0x00,0x00,
        0x5E,0x02,0x00,0x00,0x53,0x02,0x00,0x00,0x5D,0x02,0x00,0x00,0x3E,0x00,0x03,0x00,
        0x04,0x02,0x00,0x00,0x5E,0x02,0x00,0x00,0xF9,0x00,0x02,0x00,0x2F,0x02,0x00,0x00,
        0xF8,0x00,0x02,0x00,0x28,0x02,0x00,0x00,0x3D,0x00,0x04,0x00,0x09,0x00,0x00,0x00,
        0x61,0x02,0x00,0x00,0x1F,0x01,0x00,0x00,0x41,0x00,0x05,0x00,0x26,0x00,0x00,0x00,
        0x62,0x02,0x00,0x00,0x60,0x00,0x00,0x00,0x88,0x00,0x00,0x00,0x3D,0x00,0x04,0x00,
        0x14,0x00,0x00,0x00,0x63,0x02,0x00,0x00,0x62,0x02,0x00,0x00,0x4F,0x00,0x08,0x00,
        0x09,0x00,0x00,0x00,0x64,0x02,0x00,0x00,0x63,0x02,0x00,0x00,0x63,0x02,0x00,0x00,
        0x00,0x00,0x00,0x00,0x01,0x00,0x00,0x00,0x02,0x00,0x00,0x00,0x94,0x00,0x05,0x00,
        0x08,0x00,0x00,0x00,0x65,0x02,0x00,0x00,0x61,0x02,0x00,0x00,0x64,0x02,0x00,0x00,
        0x3E,0x00,0x03,0x00,0x60,0x02,0x00,0x00,0x65,0x02,0x00,0x00,0x3D,0x00,0x04,0x00,
        0x08,0x00,0x00,0x00,0x66,0x02,0x00,0x00,0x60,0x02,0x00,0x00,0x3D,0x00,0x04,0x00,
        0x08,0x00,0x00,0x00,0x67,0x02,0x00,0x00,0x60,0x02,0x00,0x00,0x83,0x00,0x05,0x00,
        0x08,0x00,0x00,0x00,0x68,0x02,0x00,0x00,0x18,0x00,0x00,0x00,0x67,0x02,0x00,0x00,
        0x50,0x00,0x05,0x00,0x54,0x00,0x00,0x00,0x69,0x02,0x00,0x00,0x66,0x02,0x00,0x00,
        0x68,0x02,0x00,0x00,0x3E,0x00,0x03,0x00,0x04,0x02,0x00,0x00,0x69,0x02,0x00,0x00,
        0xF9,0x00,0x02,0x00,0x2F,0x02,0x00,0x00,0xF8,0x00,0x02,0x00,0x29,0x02,0x00,0x00,
        0x3D,0x00,0x04,0x00,0x09,0x00,0x00,0x00,0x6C,0x02,0x00,0x00,0x1F,0x01,0x00,0x00,
        0x3D,0x00,0x04,0x00,0x09,0x00,0x00,0x00,0x6D,0x02,0x00,0x00,0x18,0x02,0x00,0x00,
        0x94,0x00,0x05,0x00,0x08,0x00,0x00,0x00,0x6E,0x02,0x00,0x00,0x6C,0x02,0x00,0x00,
        0x6D,0x02,0x00,0x00,0x3E,0x00,0x03,0x00,0x6B,0x02,0x00,0x00,0x6E,0x02,0x00,0x00,
        0x3D,0x00,0x04,0x00,0x08,0x00,0x00,0x00,0x6F,0x02,0x00,0x00,0x6B,0x02,0x00,0x00,
        0x41,0x00,0x05,0x00,0x85,0x00,0x00,0x00,0x70,0x02,0x00,0x00,0x1F,0x01,0x00,0x00,
        0x2C,0x00,0x00,0x00,0x3D,0x00,0x04,0x00,0x08,0x00,0x00,0x00,0x71,0x02,0x00,0x00,
        0x70,0x02,0x00,0x00,0x85,0x00,0x05,0x00,0x08,0x00,0x00,0x00,0x72,0x02,0x00,0x00,
        0x71,0x02,0x00,0x00,0x32,0x02,0x00,0x00,0x81,0x00,0x05,0x00,0x08,0x00,0x00,0x00,
        0x73,0x02,0x00,0x00,0x6F,0x02,0x00,0x00,0x72,0x02,0x00,0x00,0x41,0x00,0x05,0x00,
        0x85,0x00,0x00,0x00,0x74,0x02,0x00,0x00,0x18,0x02,0x00,0x00,0x2C,0x00,0x00,0x00,
        0x3D,0x00,0x04,0x00,0x08,0x00,0x00,0x00,0x75,0x02,0x00,0x00,0x74,0x02,0x00,0x00,
        0x85,0x00,0x05,0x00,0x08,0x00,0x00,0x00,0x76,0x02,0x00,0x00,0x75,0x02,0x00,0x00,
        0x5B,0x02,0x00,0x00,0x81,0x00,0x05,0x00,0x08,0x00,0x00,0x00,0x77,0x02,0x00,0x00,
        0x73,0x02,0x00,0x00,0x76,0x02,0x00,0x00,0x41,0x00,0x05,0x00,0x85,0x00,0x00,0x00,
        0x78,0x02,0x00,0x00,0x04,0x02,0x00,0x00,0x24,0x00,0x00,0x00,0x3E,0x00,0x03,0x00,
        0x78,0x02,0x00,0x00,0x77,0x02,0x00,0x00,0x3D,0x00,0x04,0x00,0x08,0x00,0x00,0x00,
        0x79,0x02,0x00,0x00,0x6B,0x02,0x00,0x00,0x83,0x00,0x05,0x00,0x08,0x00,0x00,0x00,
        0x7A,0x02,0x00,0x00,0x18,0x00,0x00,0x00,0x79,0x02,0x00,0x00,0x41,0x00,0x05,0x00,
        0x85,0x00,0x00,0x00,0x7B,0x02,0x00,0x00,0x1F,0x01,0x00,0x00,0x33,0x00,0x00,0x00,
        0x3D,0x00,0x04,0x00,0x08,0x00,0x00,0x00,0x7C,0x02,0x00,0x00,0x7B,0x02,0x00,0x00,
        0x85,0x00,0x05,0x00,0x08,0x00,0x00,0x00,0x7D,0x02,0x00,0x00,0x7C,0x02,0x00,0x00,
        0x32,0x02,0x00,0x00,0x83,0x00,0x05,0x00,0x08,0x00,0x00,0x00,0x7E,0x02,0x00,0x00,
        0x7A,0x02,0x00,0x00,0x7D,0x02,0x00,0x00,0x3D,0x00,0x04,0x00,0x08,0x00,0x00,0x00,
        0x7F,0x02,0x00,0x00,0x09,0x02,0x00,0x00,0x85,0x00,0x05,0x00,0x08,0x00,0x00,0x00,
        0x80,0x02,0x00,0x00,0x7F,0x02,0x00,0x00,0x5B,0x02,0x00,0x00,0x83,0x00,0x05,0x00,
        0x08,0x00,0x00,0x00,0x81,0x02,0x00,0x00,0x7E,0x02,0x00,0x00,0x80,0x02,0x00,0x00,
        0x41,0x00,0x05,0x00,0x85,0x00,0x00,0x00,0x82,0x02,0x00,0x00,0x04,0x02,0x00,0x00,
        0x2C,0x00,0x00,0x00,0x3E,0x00,0x03,0x00,0x82,0x02,0x00,0x00,0x81,0x02,0x00,0x00,
        0xF9,0x00,0x02,0x00,0x2F,0x02,0x00,0x00,0xF8,0x00,0x02,0x00,0x2A,0x02,0x00,0x00,
        0x3D,0x00,0x04,0x00,0x09,0x00,0x00,0x00,0x85,0x02,0x00,0x00,0x1F,0x01,0x00,0x00,
        0x3D,0x00,0x04,0x00,0x09,0x00,0x00,0x00,0x86,0x02,0x00,0x00,0x18,0x02,0x00,0x00,
        0x94,0x00,0x05,0x00,0x08,0x00,0x00,0x00,0x87,0x02,0x00,0x00,0x85,0x02,0x00,0x00,
        0x86,0x02,0x00,0x00,0x3E,0x00,0x03,0x00,0x84,0x02,0x00,0x00,0x87,0x02,0x00,0x00,
        0x3D,0x00,0x04,0x00,0x08,0x00,0x00,0x00,0x88,0x02,0x00,0x00,0x84,0x02,0x00,0x00,
        0x41,0x00,0x05,0x00,0x85,0x00,0x00,0x00,0x89,0x02,0x00,0x00,0x1F,0x01,0x00,0x00,
        0x2C,0x00,0x00,0x00,0x3D,0x00,0x04,0x00,0x08,0x00,0x00,0x00,0x8A,0x02,0x00,0x00,
        0x89,0x02,0x00,0x00,0x85,0x00,0x05,0x00,0x08,0x00,0x00,0x00,0x8B,0x02,0x00,0x00,
        0x8A,0x02,0x00,0x00,0x5B,0x02,0x00,0x00,0x81,0x00,0x05,0x00,0x08,0x00,0x00,0x00,
        0x8C,0x02,0x00,0x00,0x88,0x02,0x00,0x00,0x8B,0x02,0x00,0x00,0x41,0x00,0x05,0x00,
        0x85,0x00,0x00,0x00,0x8D,0x02,0x00,0x00,0x18,0x02,0x00,0x00,0x2C,0x00,0x00,0x00,
        0x3D,0x00,0x04,0x00,0x08,0x00,0x00,0x00,0x8E,0x02,0x00,0x00,0x8D,0x02,0x00,0x00,
        0x85,0x00,0x05,0x00,0x08,0x00,0x00,0x00,0x8F,0x02,0x00,0x00,0x8E,0x02,0x00,0x00,
        0x79,0x01,0x00,0x00,0x81,0x00,0x05,0x00,0x08,0x00,0x00,0x00,0x90,0x02,0x00,0x00,
        0x8C,0x02,0x00,0x00,0x8F,0x02,0x00,0x00,0x41,0x00,0x05,0x00,0x85,0x00,0x00,0x00,
        0x91,0x02,0x00,0x00,0x04,0x02,0x00,0x00,0x24,0x00,0x00,0x00,0x3E,0x00,0x03,0x00,
        0x91,0x02,0x00,0x00,0x90,0x02,0x00,0x00,0x3D,0x00,0x04,0x00,0x08,0x00,0x00,0x00,
        0x92,0x02,0x00,0x00,0x84,0x02,0x00,0x00,0x83,0x00,0x05,0x00,0x08,0x00,0x00,0x00,
        0x93,0x02,0x00,0x00,0x18,0x00,0x00,0x00,0x92,0x02,0x00,0x00,0x41,0x00,0x05,0x00,
        0x85,0x00,0x00,0x00,0x94,0x02,0x00,0x00,0x1F,0x01,0x00,0x00,0x33,0x00,0x00,0x00,
        0x3D,0x00,0x04,0x00,0x08,0x00,0x00,0x00,0x95,0x02,0x00,0x00,0x94,0x02,0x00,0x00,
        0x85,0x00,0x05,0x00,0x08,0x00,0x00,0x00,0x97,0x02,0x00,0x00,0x95,0x02,0x00,0x00,
        0x96,0x02,0x00,0x00,0x83,0x00,0x05,0x00,0x08,0x00,0x00,0x00,0x98,0x02,0x00,0x00,
        0x93,0x02,0x00,0x00,0x97,0x02,0x00,0x00,0x3D,0x00,0x04,0x00,0x08,0x00,0x00,0x00,
        0x99,0x02,0x00,0x00,0x09,0x02,0x00,0x00,0x83,0x00,0x05,0x00,0x08,0x00,0x00,0x00,
        0x9A,0x02,0x00,0x00,0x98,0x02,0x00,0x00,0x99,0x02,0x00,0x00,0x41,0x00,0x05,0x00,
        0x85,0x00,0x00,0x00,0x9B,0x02,0x00,0x00,0x04,0x02,0x00,0x00,0x2C,0x00,0x00,0x00,
        0x3E,0x00,0x03,0x00,0x9B,0x02,0x00,0x00,0x9A,0x02,0x00,0x00,0xF9,0x00,0x02,0x00,
        0x2F,0x02,0x00,0x00,0xF8,0x00,0x02,0x00,0x2B,0x02,0x00,0x00,0x41,0x00,0x05,0x00,
        0x85,0x00,0x00,0x00,0x9E,0x02,0x00,0x00,0x1F,0x01,0x00,0x00,0x33,0x00,0x00,0x00,
        0x3D,0x00,0x04,0x00,0x08,0x00,0x00,0x00,0x9F,0x02,0x00,0x00,0x9E,0x02,0x00,0x00,
        0x41,0x00,0x05,0x00,0x85,0x00,0x00,0x00,0xA0,0x02,0x00,0x00,0x1F,0x01,0x00,0x00,
        0x24,0x00,0x00,0x00,0x3D,0x00,0x04,0x00,0x08,0x00,0x00,0x00,0xA1,0x02,0x00,0x00,
        0xA0,0x02,0x00,0x00,0x81,0x00,0x05,0x00,0x08,0x00,0x00,0x00,0xA2,0x02,0x00,0x00,
        0x9F,0x02,0x00,0x00,0xA1,0x02,0x00,0x00,0x85,0x00,0x05,0x00,0x08,0x00,0x00,0x00,
        0xA3,0x02,0x00,0x00,0xA2,0x02,0x00,0x00,0x4F,0x02,0x00,0x00,0x3D,0x00,0x04,0x00,
        0x08,0x00,0x00,0x00,0xA4,0x02,0x00,0x00,0x10,0x02,0x00,0x00,0x85,0x00,0x05,0x00,
        0x08,0x00,0x00,0x00,0xA5,0x02,0x00,0x00,0xA4,0x02,0x00,0x00,0x3A,0x02,0x00,0x00,
        0x81,0x00,0x05,0x00,0x08,0x00,0x00,0x00,0xA6,0x02,0x00,0x00,0xA3,0x02,0x00,0x00,
        0xA5,0x02,0x00,0x00,0x3E,0x00,0x03,0x00,0x9D,0x02,0x00,0x00,0xA6,0x02,0x00,0x00,
        0x3D,0x00,0x04,0x00,0x08,0x00,0x00,0x00,0xA7,0x02,0x00,0x00,0x9D,0x02,0x00,0x00,
        0x50,0x00,0x05,0x00,0x54,0x00,0x00,0x00,0xA8,0x02,0x00,0x00,0xA7,0x02,0x00,0x00,
        0xA7,0x02,0x00,0x00,0x3E,0x00,0x03,0x00,0x04,0x02,0x00,0x00,0xA8,0x02,0x00,0x00,
        0xF9,0x00,0x02,0x00,0x2F,0x02,0x00,0x00,0xF8,0x00,0x02,0x00,0x2C,0x02,0x00,0x00,
        0x41,0x00,0x05,0x00,0x85,0x00,0x00,0x00,0xAB,0x02,0x00,0x00,0x1F,0x01,0x00,0x00,
        0x33,0x00,0x00,0x00,0x3D,0x00,0x04,0x00,0x08,0x00,0x00,0x00,0xAC,0x02,0x00,0x00,
        0xAB,0x02,0x00,0x00,0x41,0x00,0x05,0x00,0x85,0x00,0x00,0x00,0xAD,0x02,0x00,0x00,
        0x1F,0x01,0x00,0x00,0x24,0x00,0x00,0x00,0x3D,0x00,0x04,0x00,0x08,0x00,0x00,0x00,
        0xAE,0x02,0x00,0x00,0xAD,0x02,0x00,0x00,0x81,0x00,0x05,0x00,0x08,0x00,0x00,0x00,
        0xAF,0x02,0x00,0x00,0xAC,0x02,0x00,0x00,0xAE,0x02,0x00,0x00,0x85,0x00,0x05,0x00,
        0x08,0x00,0x00,0x00,0xB0,0x02,0x00,0x00,0xAF,0x02,0x00,0x00,0x4F,0x02,0x00,0x00,
        0x41,0x00,0x05,0x00,0x43,0x01,0x00,0x00,0xB1,0x02,0x00,0x00,0x60,0x00,0x00,0x00,
        0x73,0x00,0x00,0x00,0x3D,0x00,0x04,0x00,0x08,0x00,0x00,0x00,0xB2,0x02,0x00,0x00,
        0xB1,0x02,0x00,0x00,0x85,0x00,0x05,0x00,0x08,0x00,0x00,0x00,0xB4,0x02,0x00,0x00,
        0xB2,0x02,0x00,0x00,0xB3,0x02,0x00,0x00,0x81,0x00,0x05,0x00,0x08,0x00,0x00,0x00,
        0xB5,0x02,0x00,0x00,0xB0,0x02,0x00,0x00,0xB4,0x02,0x00,0x00,0x3E,0x00,0x03,0x00,
        0xAA,0x02,0x00,0x00,0xB5,0x02,0x00,0x00,0x3D,0x00,0x04,0x00,0x08,0x00,0x00,0x00,
        0xB6,0x02,0x00,0x00,0xAA,0x02,0x00,0x00,0x50,0x00,0x05,0x00,0x54,0x00,0x00,0x00,
        0xB7,0x02,0x00,0x00,0xB6,0x02,0x00,0x00,0xB6,0x02,0x00,0x00,0x3E,0x00,0x03,0x00,
        0x04,0x02,0x00,0x00,0xB7,0x02,0x00,0x00,0xF9,0x00,0x02,0x00,0x2F,0x02,0x00,0x00,
        0xF8,0x00,0x02,0x00,0x2D,0x02,0x00,0x00,0x41,0x00,0x05,0x00,0x85,0x00,0x00,0x00,
        0xB9,0x02,0x00,0x00,0x1F,0x01,0x00,0x00,0x24,0x00,0x00,0x00,0x3D,0x00,0x04,0x00,
        0x08,0x00,0x00,0x00,0xBA,0x02,0x00,0x00,0xB9,0x02,0x00,0x00,0x41,0x00,0x05,0x00,
        0x85,0x00,0x00,0x00,0xBB,0x02,0x00,0x00,0x1F,0x01,0x00,0x00,0x2C,0x00,0x00,0x00,
        0x3D,0x00,0x04,0x00,0x08,0x00,0x00,0x00,0xBC,0x02,0x00,0x00,0xBB,0x02,0x00,0x00,
        0x50,0x00,0x05,0x00,0x54,0x00,0x00,0x00,0xBD,0x02,0x00,0x00,0xBA,0x02,0x00,0x00,
        0xBC,0x02,0x00,0x00,0x3E,0x00,0x03,0x00,0x04,0x02,0x00,0x00,0xBD,0x02,0x00,0x00,
        0xF9,0x00,0x02,0x00,0x2F,0x02,0x00,0x00,0xF8,0x00,0x02,0x00,0x2F,0x02,0x00,0x00,
        0xF9,0x00,0x02,0x00,0x08,0x02,0x00,0x00,0xF8,0x00,0x02,0x00,0x08,0x02,0x00,0x00,
        0x3D,0x00,0x04,0x00,0x06,0x00,0x00,0x00,0xCA,0x02,0x00,0x00,0xDE,0x00,0x00,0x00,
        0xF7,0x00,0x03,0x00,0xCF,0x02,0x00,0x00,0x00,0x00,0x00,0x00,0xFB,0x00,0x09,0x00,
        0xCA,0x02,0x00,0x00,0xCE,0x02,0x00,0x00,0x02,0x00,0x00,0x00,0xCB,0x02,0x00,0x00,
        0x03,0x00,0x00,0x00,0xCC,0x02,0x00,0x00,0x04,0x00,0x00,0x00,0xCD,0x02,0x00,0x00,
        0xF8,0x00,0x02,0x00,0xCE,0x02,0x00,0x00,0x3D,0x00,0x04,0x00,0x54,0x00,0x00,0x00,
        0xE0,0x02,0x00,0x00,0x00,0x02,0x00,0x00,0x3E,0x00,0x03,0x00,0xD1,0x02,0x00,0x00,
        0xE0,0x02,0x00,0x00,0x3D,0x00,0x04,0x00,0x9F,0x00,0x00,0x00,0xE1,0x02,0x00,0x00,
        0xB1,0x00,0x00,0x00,0xF7,0x00,0x03,0x00,0xE3,0x02,0x00,0x00,0x00,0x00,0x00,0x00,
        0xFA,0x00,0x04,0x00,0xE1,0x02,0x00,0x00,0xE2,0x02,0x00,0x00,0xE3,0x02,0x00,0x00,
        0xF8,0x00,0x02,0x00,0xE2,0x02,0x00,0x00,0x41,0x00,0x05,0x00,0x81,0x00,0x00,0x00,
        0xE4,0x02,0x00,0x00,0x57,0x00,0x00,0x00,0x80,0x00,0x00,0x00,0x3D,0x00,0x04,0x00,
        0x54,0x00,0x00,0x00,0xE5,0x02,0x00,0x00,0xE4,0x02,0x00,0x00,0x3D,0x00,0x04,0x00,
        0x54,0x00,0x00,0x00,0xE6,0x02,0x00,0x00,0xD1,0x02,0x00,0x00,0x81,0x00,0x05,0x00,
        0x54,0x00,0x00,0x00,0xE7,0x02,0x00,0x00,0xE6,0x02,0x00,0x00,0xE5,0x02,0x00,0x00,
        0x3E,0x00,0x03,0x00,0xD1,0x02,0x00,0x00,0xE7,0x02,0x00,0x00,0xF9,0x00,0x02,0x00,
        0xE3,0x02,0x00,0x00,0xF8,0x00,0x02,0x00,0xE3,0x02,0x00,0x00,0xF9,0x00,0x02,0x00,
        0xCF,0x02,0x00,0x00,0xF8,0x00,0x02,0x00,0xCB,0x02,0x00,0x00,0x3D,0x00,0x04,0x00,
        0x54,0x00,0x00,0x00,0xD2,0x02,0x00,0x00,0x04,0x02,0x00,0x00,0x3E,0x00,0x03,0x00,
        0xD1,0x02,0x00,0x00,0xD2,0x02,0x00,0x00,0xF9,0x00,0x02,0x00,0xCF,0x02,0x00,0x00,
        0xF8,0x00,0x02,0x00,0xCC,0x02,0x00,0x00,0x3D,0x00,0x04,0x00,0x54,0x00,0x00,0x00,
        0xD4,0x02,0x00,0x00,0x04,0x02,0x00,0x00,0x41,0x00,0x05,0x00,0x81,0x00,0x00,0x00,
        0xD5,0x02,0x00,0x00,0x57,0x00,0x00,0x00,0x80,0x00,0x00,0x00,0x3D,0x00,0x04,0x00,
        0x54,0x00,0x00,0x00,0xD6,0x02,0x00,0x00,0xD5,0x02,0x00,0x00,0x81,0x00,0x05,0x00,
        0x54,0x00,0x00,0x00,0xD7,0x02,0x00,0x00,0xD4,0x02,0x00,0x00,0xD6,0x02,0x00,0x00,
        0x3E,0x00,0x03,0x00,0xD1,0x02,0x00,0x00,0xD7,0x02,0x00,0x00,0xF9,0x00,0x02,0x00,
        0xCF,0x02,0x00,0x00,0xF8,0x00,0x02,0x00,0xCD,0x02,0x00,0x00,0x3D,0x00,0x04,0x00,
        0x54,0x00,0x00,0x00,0xD9,0x02,0x00,0x00,0x04,0x02,0x00,0x00,0x3D,0x00,0x04,0x00,
        0x54,0x00,0x00,0x00,0xDA,0x02,0x00,0x00,0x00,0x02,0x00,0x00,0x85,0x00,0x05,0x00,
        0x54,0x00,0x00,0x00,0xDB,0x02,0x00,0x00,0xD9,0x02,0x00,0x00,0xDA,0x02,0x00,0x00,
        0x41,0x00,0x05,0x00,0x81,0x00,0x00,0x00,0xDC,0x02,0x00,0x00,0x57,0x00,0x00,0x00,
        0x80,0x00,0x00,0x00,0x3D,0x00,0x04,0x00,0x54,0x00,0x00,0x00,0xDD,0x02,0x00,0x00,
        0xDC,0x02,0x00,0x00,0x81,0x00,0x05,0x00,0x54,0x00,0x00,0x00,0xDE,0x02,0x00,0x00,
        0xDB,0x02,0x00,0x00,0xDD,0x02,0x00,0x00,0x3E,0x00,0x03,0x00,0xD1,0x02,0x00,0x00,
        0xDE,0x02,0x00,0x00,0xF9,0x00,0x02,0x00,0xCF,0x02,0x00,0x00,0xF8,0x00,0x02,0x00,
        0xCF,0x02,0x00,0x00,0x41,0x00,0x05,0x00,0x85,0x00,0x00,0x00,0xEB,0x02,0x00,0x00,
        0x57,0x00,0x00,0x00,0x93,0x00,0x00,0x00,0x3D,0x00,0x04,0x00,0x08,0x00,0x00,0x00,
        0xEC,0x02,0x00,0x00,0xEB,0x02,0x00,0x00,0x3E,0x00,0x03,0x00,0xEA,0x02,0x00,0x00,
        0xEC,0x02,0x00,0x00,0xFD,0x00,0x01,0x00,0x38,0x00,0x01,0x00,0x36,0x00,0x05,0x00,
        0x09,0x00,0x00,0x00,0x0E,0x00,0x00,0x00,0x00,0x00,0x00,0x00,0x0B,0x00,0x00,0x00,
        0x37,0x00,0x03,0x00,0x07,0x00,0x00,0x00,0x0C,0x00,0x00,0x00,0x37,0x00,0x03,0x00,
        0x0A,0x00,0x00,0x00,0x0D,0x00,0x00,0x00,0xF8,0x00,0x02,0x00,0x0F,0x00,0x00,0x00,
        0x3B,0x00,0x04,0x00,0x15,0x00,0x00,0x00,0x16,0x00,0x00,0x00,0x07,0x00,0x00,0x00,
        0x3D,0x00,0x04,0x00,0x09,0x00,0x00,0x00,0x17,0x00,0x00,0x00,0x0D,0x00,0x00,0x00,
        0x51,0x00,0x05,0x00,0x08,0x00,0x00,0x00,0x19,0x00,0x00,0x00,0x17,0x00,0x00,0x00,
        0x00,0x00,0x00,0x00,0x51,0x00,0x05,0x00,0x08,0x00,0x00,0x00,0x1A,0x00,0x00,0x00,
        0x17,0x00,0x00,0x00,0x01,0x00,0x00,0x00,0x51,0x00,0x05,0x00,0x08,0x00,0x00,0x00,
        0x1B,0x00,0x00,0x00,0x17,0x00,0x00,0x00,0x02,0x00,0x00,0x00,0x50,0x00,0x07,0x00,
        0x14,0x00,0x00,0x00,0x1C,0x00,0x00,0x00,0x19,0x00,0x00,0x00,0x1A,0x00,0x00,0x00,
        0x1B,0x00,0x00,0x00,0x18,0x00,0x00,0x00,0x3E,0x00,0x03,0x00,0x16,0x00,0x00,0x00,
        0x1C,0x00,0x00,0x00,0x3D,0x00,0x04,0x00,0x06,0x00,0x00,0x00,0x23,0x00,0x00,0x00,
        0x0C,0x00,0x00,0x00,0x80,0x00,0x05,0x00,0x06,0x00,0x00,0x00,0x25,0x00,0x00,0x00,
        0x23,0x00,0x00,0x00,0x24,0x00,0x00,0x00,0x41,0x00,0x06,0x00,0x26,0x00,0x00,0x00,
        0x27,0x00,0x00,0x00,0x20,0x00,0x00,0x00,0x22,0x00,0x00,0x00,0x25,0x00,0x00,0x00,
        0x3D,0x00,0x04,0x00,0x14,0x00,0x00,0x00,0x28,0x00,0x00,0x00,0x27,0x00,0x00,0x00,
        0x3D,0x00,0x04,0x00,0x14,0x00,0x00,0x00,0x29,0x00,0x00,0x00,0x16,0x00,0x00,0x00,
        0x94,0x00,0x05,0x00,0x08,0x00,0x00,0x00,0x2A,0x00,0x00,0x00,0x28,0x00,0x00,0x00,
        0x29,0x00,0x00,0x00,0x3D,0x00,0x04,0x00,0x06,0x00,0x00,0x00,0x2B,0x00,0x00,0x00,
        0x0C,0x00,0x00,0x00,0x80,0x00,0x05,0x00,0x06,0x00,0x00,0x00,0x2D,0x00,0x00,0x00,
        0x2B,0x00,0x00,0x00,0x2C,0x00,0x00,0x00,0x41,0x00,0x06,0x00,0x26,0x00,0x00,0x00,
        0x2E,0x00,0x00,0x00,0x20,0x00,0x00,0x00,0x22,0x00,0x00,0x00,0x2D,0x00,0x00,0x00,
        0x3D,0x00,0x04,0x00,0x14,0x00,0x00,0x00,0x2F,0x00,0x00,0x00,0x2E,0x00,0x00,0x00,
        0x3D,0x00,0x04,0x00,0x14,0x00,0x00,0x00,0x30,0x00,0x00,0x00,0x16,0x00,0x00,0x00,
        0x94,0x00,0x05,0x00,0x08,0x00,0x00,0x00,0x31,0x00,0x00,0x00,0x2F,0x00,0x00,0x00,
        0x30,0x00,0x00,0x00,0x3D,0x00,0x04,0x00,0x06,0x00,0x00,0x00,0x32,0x00,0x00,0x00,
        0x0C,0x00,0x00,0x00,0x80,0x00,0x05,0x00,0x06,0x00,0x00,0x00,0x34,0x00,0x00,0x00,
        0x32,0x00,0x00,0x00,0x33,0x00,0x00,0x00,0x41,0x00,0x06,0x00,0x26,0x00,0x00,0x00,
        0x35,0x00,0x00,0x00,0x20,0x00,0x00,0x00,0x22,0x00,0x00,0x00,0x34,0x00,0x00,0x00,
        0x3D,0x00,0x04,0x00,0x14,0x00,0x00,0x00,0x36,0x00,0x00,0x00,0x35,0x00,0x00,0x00,
        0x3D,0x00,0x04,0x00,0x14,0x00,0x00,0x00,0x37,0x00,0x00,0x00,0x16,0x00,0x00,0x00,
        0x94,0x00,0x05,0x00,0x08,0x00,0x00,0x00,0x38,0x00,0x00,0x00,0x36,0x00,0x00,0x00,
        0x37,0x00,0x00,0x00,0x50,0x00,0x06,0x00,0x09,0x00,0x00,0x00,0x39,0x00,0x00,0x00,
        0x2A,0x00,0x00,0x00,0x31,0x00,0x00,0x00,0x38,0x00,0x00,0x00,0xFE,0x00,0x02,0x00,
        0x39,0x00,0x00,0x00,0x38,0x00,0x01,0x00,0x36,0x00,0x05,0x00,0x09,0x00,0x00,0x00,
        0x12,0x00,0x00,0x00,0x00,0x00,0x00,0x00,0x0B,0x00,0x00,0x00,0x37,0x00,0x03,0x00,
        0x07,0x00,0x00,0x00,0x10,0x00,0x00,0x00,0x37,0x00,0x03,0x00,0x0A,0x00,0x00,0x00,
        0x11,0x00,0x00,0x00,0xF8,0x00,0x02,0x00,0x13,0x00,0x00,0x00,0x3D,0x00,0x04,0x00,
        0x06,0x00,0x00,0x00,0x3C,0x00,0x00,0x00,0x10,0x00,0x00,0x00,0x80,0x00,0x05,0x00,
        0x06,0x00,0x00,0x00,0x3D,0x00,0x00,0x00,0x3C,0x00,0x00,0x00,0x24,0x00,0x00,0x00,
        0x41,0x00,0x06,0x00,0x26,0x00,0x00,0x00,0x3E,0x00,0x00,0x00,0x20,0x00,0x00,0x00,
        0x22,0x00,0x00,0x00,0x3D,0x00,0x00,0x00,0x3D,0x00,0x04,0x00,0x14,0x00,0x00,0x00,
        0x3F,0x00,0x00,0x00,0x3E,0x00,0x00,0x00,0x4F,0x00,0x08,0x00,0x09,0x00,0x00,0x00,
        0x40,0x00,0x00,0x00,0x3F,0x00,0x00,0x00,0x3F,0x00,0x00,0x00,0x00,0x00,0x00,0x00,
        0x01,0x00,0x00,0x00,0x02,0x00,0x00,0x00,0x3D,0x00,0x04,0x00,0x09,0x00,0x00,0x00,
        0x41,0x00,0x00,0x00,0x11,0x00,0x00,0x00,0x94,0x00,0x05,0x00,0x08,0x00,0x00,0x00,
        0x42,0x00,0x00,0x00,0x40,0x00,0x00,0x00,0x41,0x00,0x00,0x00,0x3D,0x00,0x04,0x00,
        0x06,0x00,0x00,0x00,0x43,0x00,0x00,0x00,0x10,0x00,0x00,0x00,0x80,0x00,0x05,0x00,
        0x06,0x00,0x00,0x00,0x44,0x00,0x00,0x00,0x43,0x00,0x00,0x00,0x2C,0x00,0x00,0x00,
        0x41,0x00,0x06,0x00,0x26,0x00,0x00,0x00,0x45,0x00,0x00,0x00,0x20,0x00,0x00,0x00,
        0x22,0x00,0x00,0x00,0x44,0x00,0x00,0x00,0x3D,0x00,0x04,0x00,0x14,0x00,0x00,0x00,
        0x46,0x00,0x00,0x00,0x45,0x00,0x00,0x00,0x4F,0x00,0x08,0x00,0x09,0x00,0x00,0x00,
        0x47,0x00,0x00,0x00,0x46,0x00,0x00,0x00,0x46,0x00,0x00,0x00,0x00,0x00,0x00,0x00,
        0x01,0x00,0x00,0x00,0x02,0x00,0x00,0x00,0x3D,0x00,0x04,0x00,0x09,0x00,0x00,0x00,
        0x48,0x00,0x00,0x00,0x11,0x00,0x00,0x00,0x94,0x00,0x05,0x00,0x08,0x00,0x00,0x00,
        0x49,0x00,0x00,0x00,0x47,0x00,0x00,0x00,0x48,0x00,0x00,0x00,0x3D,0x00,0x04,0x00,
        0x06,0x00,0x00,0x00,0x4A,0x00,0x00,0x00,0x10,0x00,0x00,0x00,0x80,0x00,0x05,0x00,
        0x06,0x00,0x00,0x00,0x4B,0x00,0x00,0x00,0x4A,0x00,0x00,0x00,0x33,0x00,0x00,0x00,
        0x41,0x00,0x06,0x00,0x26,0x00,0x00,0x00,0x4C,0x00,0x00,0x00,0x20,0x00,0x00,0x00,
        0x22,0x00,0x00,0x00,0x4B,0x00,0x00,0x00,0x3D,0x00,0x04,0x00,0x14,0x00,0x00,0x00,
        0x4D,0x00,0x00,0x00,0x4C,0x00,0x00,0x00,0x4F,0x00,0x08,0x00,0x09,0x00,0x00,0x00,
        0x4E,0x00,0x00,0x00,0x4D,0x00,0x00,0x00,0x4D,0x00,0x00,0x00,0x00,0x00,0x00,0x00,
        0x01,0x00,0x00,0x00,0x02,0x00,0x00,0x00,0x3D,0x00,0x04,0x00,0x09,0x00,0x00,0x00,
        0x4F,0x00,0x00,0x00,0x11,0x00,0x00,0x00,0x94,0x00,0x05,0x00,0x08,0x00,0x00,0x00,
        0x50,0x00,0x00,0x00,0x4E,0x00,0x00,0x00,0x4F,0x00,0x00,0x00,0x50,0x00,0x06,0x00,
        0x09,0x00,0x00,0x00,0x51,0x00,0x00,0x00,0x42,0x00,0x00,0x00,0x49,0x00,0x00,0x00,
        0x50,0x00,0x00,0x00,0xFE,0x00,0x02,0x00,0x51,0x00,0x00,0x00,0x38,0x00,0x01,0x00,
    };
    inline const size_t g_spv_general_vert_spv_size = sizeof(g_spv_general_vert_spv);

    // image.frag.spv (2944 bytes)
    alignas(4) inline const uint8_t g_spv_image_frag_spv[] = {
        0x03,0x02,0x23,0x07,0x00,0x00,0x01,0x00,0x0B,0x00,0x0D,0x00,0x6A,0x00,0x00,0x00,
        0x00,0x00,0x00,0x00,0x11,0x00,0x02,0x00,0x01,0x00,0x00,0x00,0x0B,0x00,0x06,0x00,
        0x01,0x00,0x00,0x00,0x47,0x4C,0x53,0x4C,0x2E,0x73,0x74,0x64,0x2E,0x34,0x35,0x30,
        0x00,0x00,0x00,0x00,0x0E,0x00,0x03,0x00,0x00,0x00,0x00,0x00,0x01,0x00,0x00,0x00,
        0x0F,0x00,0x0B,0x00,0x04,0x00,0x00,0x00,0x04,0x00,0x00,0x00,0x6D,0x61,0x69,0x6E,
        0x00,0x00,0x00,0x00,0x09,0x00,0x00,0x00,0x15,0x00,0x00,0x00,0x1C,0x00,0x00,0x00,
        0x1F,0x00,0x00,0x00,0x2D,0x00,0x00,0x00,0x4A,0x00,0x00,0x00,0x10,0x00,0x03,0x00,
        0x04,0x00,0x00,0x00,0x07,0x00,0x00,0x00,0x03,0x00,0x03,0x00,0x02,0x00,0x00,0x00,
        0xC2,0x01,0x00,0x00,0x04,0x00,0x0A,0x00,0x47,0x4C,0x5F,0x47,0x4F,0x4F,0x47,0x4C,
        0x45,0x5F,0x63,0x70,0x70,0x5F,0x73,0x74,0x79,0x6C,0x65,0x5F,0x6C,0x69,0x6E,0x65,
        0x5F,0x64,0x69,0x72,0x65,0x63,0x74,0x69,0x76,0x65,0x00,0x00,0x04,0x00,0x08,0x00,
        0x47,0x4C,0x5F,0x47,0x4F,0x4F,0x47,0x4C,0x45,0x5F,0x69,0x6E,0x63,0x6C,0x75,0x64,
        0x65,0x5F,0x64,0x69,0x72,0x65,0x63,0x74,0x69,0x76,0x65,0x00,0x05,0x00,0x04,0x00,
        0x04,0x00,0x00,0x00,0x6D,0x61,0x69,0x6E,0x00,0x00,0x00,0x00,0x05,0x00,0x05,0x00,
        0x09,0x00,0x00,0x00,0x76,0x73,0x5F,0x63,0x6F,0x6C,0x6F,0x72,0x00,0x00,0x00,0x00,
        0x05,0x00,0x06,0x00,0x15,0x00,0x00,0x00,0x76,0x73,0x5F,0x75,0x6E,0x74,0x65,0x78,
        0x74,0x75,0x72,0x65,0x64,0x00,0x00,0x00,0x05,0x00,0x05,0x00,0x1C,0x00,0x00,0x00,
        0x46,0x72,0x61,0x67,0x43,0x6F,0x6C,0x6F,0x72,0x00,0x00,0x00,0x05,0x00,0x06,0x00,
        0x1F,0x00,0x00,0x00,0x76,0x73,0x5F,0x61,0x6C,0x70,0x68,0x61,0x4F,0x6E,0x6C,0x79,
        0x00,0x00,0x00,0x00,0x05,0x00,0x03,0x00,0x25,0x00,0x00,0x00,0x61,0x00,0x00,0x00,
        0x05,0x00,0x05,0x00,0x29,0x00,0x00,0x00,0x75,0x54,0x65,0x78,0x74,0x75,0x72,0x65,
        0x00,0x00,0x00,0x00,0x05,0x00,0x04,0x00,0x2D,0x00,0x00,0x00,0x76,0x73,0x5F,0x75,
        0x76,0x00,0x00,0x00,0x05,0x00,0x04,0x00,0x46,0x00,0x00,0x00,0x74,0x65,0x78,0x65,
        0x6C,0x00,0x00,0x00,0x05,0x00,0x06,0x00,0x4A,0x00,0x00,0x00,0x76,0x73,0x5F,0x67,
        0x72,0x61,0x79,0x73,0x63,0x61,0x6C,0x65,0x00,0x00,0x00,0x00,0x05,0x00,0x03,0x00,
        0x4F,0x00,0x00,0x00,0x67,0x00,0x00,0x00,0x47,0x00,0x03,0x00,0x09,0x00,0x00,0x00,
        0x00,0x00,0x00,0x00,0x47,0x00,0x04,0x00,0x09,0x00,0x00,0x00,0x1E,0x00,0x00,0x00,
        0x01,0x00,0x00,0x00,0x47,0x00,0x03,0x00,0x0E,0x00,0x00,0x00,0x00,0x00,0x00,0x00,
        0x47,0x00,0x03,0x00,0x15,0x00,0x00,0x00,0x00,0x00,0x00,0x00,0x47,0x00,0x03,0x00,
        0x15,0x00,0x00,0x00,0x0E,0x00,0x00,0x00,0x47,0x00,0x04,0x00,0x15,0x00,0x00,0x00,
        0x1E,0x00,0x00,0x00,0x02,0x00,0x00,0x00,0x47,0x00,0x03,0x00,0x16,0x00,0x00,0x00,
        0x00,0x00,0x00,0x00,0x47,0x00,0x03,0x00,0x1C,0x00,0x00,0x00,0x00,0x00,0x00,0x00,
        0x47,0x00,0x04,0x00,0x1C,0x00,0x00,0x00,0x1E,0x00,0x00,0x00,0x00,0x00,0x00,0x00,
        0x47,0x00,0x03,0x00,0x1D,0x00,0x00,0x00,0x00,0x00,0x00,0x00,0x47,0x00,0x03,0x00,
        0x1F,0x00,0x00,0x00,0x00,0x00,0x00,0x00,0x47,0x00,0x03,0x00,0x1F,0x00,0x00,0x00,
        0x0E,0x00,0x00,0x00,0x47,0x00,0x04,0x00,0x1F,0x00,0x00,0x00,0x1E,0x00,0x00,0x00,
        0x03,0x00,0x00,0x00,0x47,0x00,0x03,0x00,0x20,0x00,0x00,0x00,0x00,0x00,0x00,0x00,
        0x47,0x00,0x03,0x00,0x25,0x00,0x00,0x00,0x00,0x00,0x00,0x00,0x47,0x00,0x04,0x00,
        0x29,0x00,0x00,0x00,0x21,0x00,0x00,0x00,0x00,0x00,0x00,0x00,0x47,0x00,0x04,0x00,
        0x29,0x00,0x00,0x00,0x22,0x00,0x00,0x00,0x02,0x00,0x00,0x00,0x47,0x00,0x04,0x00,
        0x2D,0x00,0x00,0x00,0x1E,0x00,0x00,0x00,0x00,0x00,0x00,0x00,0x47,0x00,0x03,0x00,
        0x33,0x00,0x00,0x00,0x00,0x00,0x00,0x00,0x47,0x00,0x03,0x00,0x34,0x00,0x00,0x00,
        0x00,0x00,0x00,0x00,0x47,0x00,0x03,0x00,0x36,0x00,0x00,0x00,0x00,0x00,0x00,0x00,
        0x47,0x00,0x03,0x00,0x37,0x00,0x00,0x00,0x00,0x00,0x00,0x00,0x47,0x00,0x03,0x00,
        0x38,0x00,0x00,0x00,0x00,0x00,0x00,0x00,0x47,0x00,0x03,0x00,0x39,0x00,0x00,0x00,
        0x00,0x00,0x00,0x00,0x47,0x00,0x03,0x00,0x3A,0x00,0x00,0x00,0x00,0x00,0x00,0x00,
        0x47,0x00,0x03,0x00,0x3B,0x00,0x00,0x00,0x00,0x00,0x00,0x00,0x47,0x00,0x03,0x00,
        0x3C,0x00,0x00,0x00,0x00,0x00,0x00,0x00,0x47,0x00,0x03,0x00,0x3F,0x00,0x00,0x00,
        0x00,0x00,0x00,0x00,0x47,0x00,0x03,0x00,0x46,0x00,0x00,0x00,0x00,0x00,0x00,0x00,
        0x47,0x00,0x03,0x00,0x4A,0x00,0x00,0x00,0x00,0x00,0x00,0x00,0x47,0x00,0x03,0x00,
        0x4A,0x00,0x00,0x00,0x0E,0x00,0x00,0x00,0x47,0x00,0x04,0x00,0x4A,0x00,0x00,0x00,
        0x1E,0x00,0x00,0x00,0x04,0x00,0x00,0x00,0x47,0x00,0x03,0x00,0x4B,0x00,0x00,0x00,
        0x00,0x00,0x00,0x00,0x47,0x00,0x03,0x00,0x4F,0x00,0x00,0x00,0x00,0x00,0x00,0x00,
        0x47,0x00,0x03,0x00,0x50,0x00,0x00,0x00,0x00,0x00,0x00,0x00,0x47,0x00,0x03,0x00,
        0x51,0x00,0x00,0x00,0x00,0x00,0x00,0x00,0x47,0x00,0x03,0x00,0x56,0x00,0x00,0x00,
        0x00,0x00,0x00,0x00,0x47,0x00,0x03,0x00,0x57,0x00,0x00,0x00,0x00,0x00,0x00,0x00,
        0x47,0x00,0x03,0x00,0x58,0x00,0x00,0x00,0x00,0x00,0x00,0x00,0x47,0x00,0x03,0x00,
        0x61,0x00,0x00,0x00,0x00,0x00,0x00,0x00,0x47,0x00,0x03,0x00,0x62,0x00,0x00,0x00,
        0x00,0x00,0x00,0x00,0x47,0x00,0x03,0x00,0x63,0x00,0x00,0x00,0x00,0x00,0x00,0x00,
        0x47,0x00,0x03,0x00,0x65,0x00,0x00,0x00,0x00,0x00,0x00,0x00,0x13,0x00,0x02,0x00,
        0x02,0x00,0x00,0x00,0x21,0x00,0x03,0x00,0x03,0x00,0x00,0x00,0x02,0x00,0x00,0x00,
        0x16,0x00,0x03,0x00,0x06,0x00,0x00,0x00,0x20,0x00,0x00,0x00,0x17,0x00,0x04,0x00,
        0x07,0x00,0x00,0x00,0x06,0x00,0x00,0x00,0x04,0x00,0x00,0x00,0x20,0x00,0x04,0x00,
        0x08,0x00,0x00,0x00,0x01,0x00,0x00,0x00,0x07,0x00,0x00,0x00,0x3B,0x00,0x04,0x00,
        0x08,0x00,0x00,0x00,0x09,0x00,0x00,0x00,0x01,0x00,0x00,0x00,0x15,0x00,0x04,0x00,
        0x0A,0x00,0x00,0x00,0x20,0x00,0x00,0x00,0x00,0x00,0x00,0x00,0x2B,0x00,0x04,0x00,
        0x0A,0x00,0x00,0x00,0x0B,0x00,0x00,0x00,0x03,0x00,0x00,0x00,0x20,0x00,0x04,0x00,
        0x0C,0x00,0x00,0x00,0x01,0x00,0x00,0x00,0x06,0x00,0x00,0x00,0x2B,0x00,0x04,0x00,
        0x06,0x00,0x00,0x00,0x0F,0x00,0x00,0x00,0x0A,0xD7,0x23,0x3C,0x14,0x00,0x02,0x00,
        0x10,0x00,0x00,0x00,0x3B,0x00,0x04,0x00,0x0C,0x00,0x00,0x00,0x15,0x00,0x00,0x00,
        0x01,0x00,0x00,0x00,0x2B,0x00,0x04,0x00,0x06,0x00,0x00,0x00,0x17,0x00,0x00,0x00,
        0x00,0x00,0x00,0x3F,0x20,0x00,0x04,0x00,0x1B,0x00,0x00,0x00,0x03,0x00,0x00,0x00,
        0x07,0x00,0x00,0x00,0x3B,0x00,0x04,0x00,0x1B,0x00,0x00,0x00,0x1C,0x00,0x00,0x00,
        0x03,0x00,0x00,0x00,0x3B,0x00,0x04,0x00,0x0C,0x00,0x00,0x00,0x1F,0x00,0x00,0x00,
        0x01,0x00,0x00,0x00,0x20,0x00,0x04,0x00,0x24,0x00,0x00,0x00,0x07,0x00,0x00,0x00,
        0x06,0x00,0x00,0x00,0x19,0x00,0x09,0x00,0x26,0x00,0x00,0x00,0x06,0x00,0x00,0x00,
        0x01,0x00,0x00,0x00,0x00,0x00,0x00,0x00,0x00,0x00,0x00,0x00,0x00,0x00,0x00,0x00,
        0x01,0x00,0x00,0x00,0x00,0x00,0x00,0x00,0x1B,0x00,0x03,0x00,0x27,0x00,0x00,0x00,
        0x26,0x00,0x00,0x00,0x20,0x00,0x04,0x00,0x28,0x00,0x00,0x00,0x00,0x00,0x00,0x00,
        0x27,0x00,0x00,0x00,0x3B,0x00,0x04,0x00,0x28,0x00,0x00,0x00,0x29,0x00,0x00,0x00,
        0x00,0x00,0x00,0x00,0x17,0x00,0x04,0x00,0x2B,0x00,0x00,0x00,0x06,0x00,0x00,0x00,
        0x02,0x00,0x00,0x00,0x20,0x00,0x04,0x00,0x2C,0x00,0x00,0x00,0x01,0x00,0x00,0x00,
        0x2B,0x00,0x00,0x00,0x3B,0x00,0x04,0x00,0x2C,0x00,0x00,0x00,0x2D,0x00,0x00,0x00,
        0x01,0x00,0x00,0x00,0x2B,0x00,0x04,0x00,0x0A,0x00,0x00,0x00,0x30,0x00,0x00,0x00,
        0x00,0x00,0x00,0x00,0x17,0x00,0x04,0x00,0x32,0x00,0x00,0x00,0x06,0x00,0x00,0x00,
        0x03,0x00,0x00,0x00,0x20,0x00,0x04,0x00,0x3D,0x00,0x00,0x00,0x03,0x00,0x00,0x00,
        0x06,0x00,0x00,0x00,0x20,0x00,0x04,0x00,0x45,0x00,0x00,0x00,0x07,0x00,0x00,0x00,
        0x07,0x00,0x00,0x00,0x3B,0x00,0x04,0x00,0x0C,0x00,0x00,0x00,0x4A,0x00,0x00,0x00,
        0x01,0x00,0x00,0x00,0x2B,0x00,0x04,0x00,0x06,0x00,0x00,0x00,0x52,0x00,0x00,0x00,
        0x87,0x16,0x99,0x3E,0x2B,0x00,0x04,0x00,0x06,0x00,0x00,0x00,0x53,0x00,0x00,0x00,
        0xA2,0x45,0x16,0x3F,0x2B,0x00,0x04,0x00,0x06,0x00,0x00,0x00,0x54,0x00,0x00,0x00,
        0xD5,0x78,0xE9,0x3D,0x2C,0x00,0x06,0x00,0x32,0x00,0x00,0x00,0x55,0x00,0x00,0x00,
        0x52,0x00,0x00,0x00,0x53,0x00,0x00,0x00,0x54,0x00,0x00,0x00,0x2B,0x00,0x04,0x00,
        0x0A,0x00,0x00,0x00,0x5B,0x00,0x00,0x00,0x01,0x00,0x00,0x00,0x2B,0x00,0x04,0x00,
        0x0A,0x00,0x00,0x00,0x5E,0x00,0x00,0x00,0x02,0x00,0x00,0x00,0x36,0x00,0x05,0x00,
        0x02,0x00,0x00,0x00,0x04,0x00,0x00,0x00,0x00,0x00,0x00,0x00,0x03,0x00,0x00,0x00,
        0xF8,0x00,0x02,0x00,0x05,0x00,0x00,0x00,0x3B,0x00,0x04,0x00,0x24,0x00,0x00,0x00,
        0x25,0x00,0x00,0x00,0x07,0x00,0x00,0x00,0x3B,0x00,0x04,0x00,0x45,0x00,0x00,0x00,
        0x46,0x00,0x00,0x00,0x07,0x00,0x00,0x00,0x3B,0x00,0x04,0x00,0x24,0x00,0x00,0x00,
        0x4F,0x00,0x00,0x00,0x07,0x00,0x00,0x00,0x41,0x00,0x05,0x00,0x0C,0x00,0x00,0x00,
        0x0D,0x00,0x00,0x00,0x09,0x00,0x00,0x00,0x0B,0x00,0x00,0x00,0x3D,0x00,0x04,0x00,
        0x06,0x00,0x00,0x00,0x0E,0x00,0x00,0x00,0x0D,0x00,0x00,0x00,0xB8,0x00,0x05,0x00,
        0x10,0x00,0x00,0x00,0x11,0x00,0x00,0x00,0x0E,0x00,0x00,0x00,0x0F,0x00,0x00,0x00,
        0xF7,0x00,0x03,0x00,0x13,0x00,0x00,0x00,0x00,0x00,0x00,0x00,0xFA,0x00,0x04,0x00,
        0x11,0x00,0x00,0x00,0x12,0x00,0x00,0x00,0x13,0x00,0x00,0x00,0xF8,0x00,0x02,0x00,
        0x12,0x00,0x00,0x00,0xFC,0x00,0x01,0x00,0xF8,0x00,0x02,0x00,0x13,0x00,0x00,0x00,
        0x3D,0x00,0x04,0x00,0x06,0x00,0x00,0x00,0x16,0x00,0x00,0x00,0x15,0x00,0x00,0x00,
        0xBA,0x00,0x05,0x00,0x10,0x00,0x00,0x00,0x18,0x00,0x00,0x00,0x16,0x00,0x00,0x00,
        0x17,0x00,0x00,0x00,0xF7,0x00,0x03,0x00,0x1A,0x00,0x00,0x00,0x00,0x00,0x00,0x00,
        0xFA,0x00,0x04,0x00,0x18,0x00,0x00,0x00,0x19,0x00,0x00,0x00,0x1E,0x00,0x00,0x00,
        0xF8,0x00,0x02,0x00,0x19,0x00,0x00,0x00,0x3D,0x00,0x04,0x00,0x07,0x00,0x00,0x00,
        0x1D,0x00,0x00,0x00,0x09,0x00,0x00,0x00,0x3E,0x00,0x03,0x00,0x1C,0x00,0x00,0x00,
        0x1D,0x00,0x00,0x00,0xF9,0x00,0x02,0x00,0x1A,0x00,0x00,0x00,0xF8,0x00,0x02,0x00,
        0x1E,0x00,0x00,0x00,0x3D,0x00,0x04,0x00,0x06,0x00,0x00,0x00,0x20,0x00,0x00,0x00,
        0x1F,0x00,0x00,0x00,0xBA,0x00,0x05,0x00,0x10,0x00,0x00,0x00,0x21,0x00,0x00,0x00,
        0x20,0x00,0x00,0x00,0x17,0x00,0x00,0x00,0xF7,0x00,0x03,0x00,0x23,0x00,0x00,0x00,
        0x00,0x00,0x00,0x00,0xFA,0x00,0x04,0x00,0x21,0x00,0x00,0x00,0x22,0x00,0x00,0x00,
        0x44,0x00,0x00,0x00,0xF8,0x00,0x02,0x00,0x22,0x00,0x00,0x00,0x3D,0x00,0x04,0x00,
        0x27,0x00,0x00,0x00,0x2A,0x00,0x00,0x00,0x29,0x00,0x00,0x00,0x3D,0x00,0x04,0x00,
        0x2B,0x00,0x00,0x00,0x2E,0x00,0x00,0x00,0x2D,0x00,0x00,0x00,0x57,0x00,0x05,0x00,
        0x07,0x00,0x00,0x00,0x2F,0x00,0x00,0x00,0x2A,0x00,0x00,0x00,0x2E,0x00,0x00,0x00,
        0x51,0x00,0x05,0x00,0x06,0x00,0x00,0x00,0x31,0x00,0x00,0x00,0x2F,0x00,0x00,0x00,
        0x00,0x00,0x00,0x00,0x3E,0x00,0x03,0x00,0x25,0x00,0x00,0x00,0x31,0x00,0x00,0x00,
        0x3D,0x00,0x04,0x00,0x07,0x00,0x00,0x00,0x33,0x00,0x00,0x00,0x09,0x00,0x00,0x00,
        0x4F,0x00,0x08,0x00,0x32,0x00,0x00,0x00,0x34,0x00,0x00,0x00,0x33,0x00,0x00,0x00,
        0x33,0x00,0x00,0x00,0x00,0x00,0x00,0x00,0x01,0x00,0x00,0x00,0x02,0x00,0x00,0x00,
        0x41,0x00,0x05,0x00,0x0C,0x00,0x00,0x00,0x35,0x00,0x00,0x00,0x09,0x00,0x00,0x00,
        0x0B,0x00,0x00,0x00,0x3D,0x00,0x04,0x00,0x06,0x00,0x00,0x00,0x36,0x00,0x00,0x00,
        0x35,0x00,0x00,0x00,0x3D,0x00,0x04,0x00,0x06,0x00,0x00,0x00,0x37,0x00,0x00,0x00,
        0x25,0x00,0x00,0x00,0x85,0x00,0x05,0x00,0x06,0x00,0x00,0x00,0x38,0x00,0x00,0x00,
        0x36,0x00,0x00,0x00,0x37,0x00,0x00,0x00,0x51,0x00,0x05,0x00,0x06,0x00,0x00,0x00,
        0x39,0x00,0x00,0x00,0x34,0x00,0x00,0x00,0x00,0x00,0x00,0x00,0x51,0x00,0x05,0x00,
        0x06,0x00,0x00,0x00,0x3A,0x00,0x00,0x00,0x34,0x00,0x00,0x00,0x01,0x00,0x00,0x00,
        0x51,0x00,0x05,0x00,0x06,0x00,0x00,0x00,0x3B,0x00,0x00,0x00,0x34,0x00,0x00,0x00,
        0x02,0x00,0x00,0x00,0x50,0x00,0x07,0x00,0x07,0x00,0x00,0x00,0x3C,0x00,0x00,0x00,
        0x39,0x00,0x00,0x00,0x3A,0x00,0x00,0x00,0x3B,0x00,0x00,0x00,0x38,0x00,0x00,0x00,
        0x3E,0x00,0x03,0x00,0x1C,0x00,0x00,0x00,0x3C,0x00,0x00,0x00,0x41,0x00,0x05,0x00,
        0x3D,0x00,0x00,0x00,0x3E,0x00,0x00,0x00,0x1C,0x00,0x00,0x00,0x0B,0x00,0x00,0x00,
        0x3D,0x00,0x04,0x00,0x06,0x00,0x00,0x00,0x3F,0x00,0x00,0x00,0x3E,0x00,0x00,0x00,
        0xB8,0x00,0x05,0x00,0x10,0x00,0x00,0x00,0x40,0x00,0x00,0x00,0x3F,0x00,0x00,0x00,
        0x0F,0x00,0x00,0x00,0xF7,0x00,0x03,0x00,0x42,0x00,0x00,0x00,0x00,0x00,0x00,0x00,
        0xFA,0x00,0x04,0x00,0x40,0x00,0x00,0x00,0x41,0x00,0x00,0x00,0x42,0x00,0x00,0x00,
        0xF8,0x00,0x02,0x00,0x41,0x00,0x00,0x00,0xFC,0x00,0x01,0x00,0xF8,0x00,0x02,0x00,
        0x42,0x00,0x00,0x00,0xF9,0x00,0x02,0x00,0x23,0x00,0x00,0x00,0xF8,0x00,0x02,0x00,
        0x44,0x00,0x00,0x00,0x3D,0x00,0x04,0x00,0x27,0x00,0x00,0x00,0x47,0x00,0x00,0x00,
        0x29,0x00,0x00,0x00,0x3D,0x00,0x04,0x00,0x2B,0x00,0x00,0x00,0x48,0x00,0x00,0x00,
        0x2D,0x00,0x00,0x00,0x57,0x00,0x05,0x00,0x07,0x00,0x00,0x00,0x49,0x00,0x00,0x00,
        0x47,0x00,0x00,0x00,0x48,0x00,0x00,0x00,0x3E,0x00,0x03,0x00,0x46,0x00,0x00,0x00,
        0x49,0x00,0x00,0x00,0x3D,0x00,0x04,0x00,0x06,0x00,0x00,0x00,0x4B,0x00,0x00,0x00,
        0x4A,0x00,0x00,0x00,0xBA,0x00,0x05,0x00,0x10,0x00,0x00,0x00,0x4C,0x00,0x00,0x00,
        0x4B,0x00,0x00,0x00,0x17,0x00,0x00,0x00,0xF7,0x00,0x03,0x00,0x4E,0x00,0x00,0x00,
        0x00,0x00,0x00,0x00,0xFA,0x00,0x04,0x00,0x4C,0x00,0x00,0x00,0x4D,0x00,0x00,0x00,
        0x4E,0x00,0x00,0x00,0xF8,0x00,0x02,0x00,0x4D,0x00,0x00,0x00,0x3D,0x00,0x04,0x00,
        0x07,0x00,0x00,0x00,0x50,0x00,0x00,0x00,0x46,0x00,0x00,0x00,0x4F,0x00,0x08,0x00,
        0x32,0x00,0x00,0x00,0x51,0x00,0x00,0x00,0x50,0x00,0x00,0x00,0x50,0x00,0x00,0x00,
        0x00,0x00,0x00,0x00,0x01,0x00,0x00,0x00,0x02,0x00,0x00,0x00,0x94,0x00,0x05,0x00,
        0x06,0x00,0x00,0x00,0x56,0x00,0x00,0x00,0x51,0x00,0x00,0x00,0x55,0x00,0x00,0x00,
        0x3E,0x00,0x03,0x00,0x4F,0x00,0x00,0x00,0x56,0x00,0x00,0x00,0x3D,0x00,0x04,0x00,
        0x06,0x00,0x00,0x00,0x57,0x00,0x00,0x00,0x4F,0x00,0x00,0x00,0x50,0x00,0x06,0x00,
        0x32,0x00,0x00,0x00,0x58,0x00,0x00,0x00,0x57,0x00,0x00,0x00,0x57,0x00,0x00,0x00,
        0x57,0x00,0x00,0x00,0x41,0x00,0x05,0x00,0x24,0x00,0x00,0x00,0x59,0x00,0x00,0x00,
        0x46,0x00,0x00,0x00,0x30,0x00,0x00,0x00,0x51,0x00,0x05,0x00,0x06,0x00,0x00,0x00,
        0x5A,0x00,0x00,0x00,0x58,0x00,0x00,0x00,0x00,0x00,0x00,0x00,0x3E,0x00,0x03,0x00,
        0x59,0x00,0x00,0x00,0x5A,0x00,0x00,0x00,0x41,0x00,0x05,0x00,0x24,0x00,0x00,0x00,
        0x5C,0x00,0x00,0x00,0x46,0x00,0x00,0x00,0x5B,0x00,0x00,0x00,0x51,0x00,0x05,0x00,
        0x06,0x00,0x00,0x00,0x5D,0x00,0x00,0x00,0x58,0x00,0x00,0x00,0x01,0x00,0x00,0x00,
        0x3E,0x00,0x03,0x00,0x5C,0x00,0x00,0x00,0x5D,0x00,0x00,0x00,0x41,0x00,0x05,0x00,
        0x24,0x00,0x00,0x00,0x5F,0x00,0x00,0x00,0x46,0x00,0x00,0x00,0x5E,0x00,0x00,0x00,
        0x51,0x00,0x05,0x00,0x06,0x00,0x00,0x00,0x60,0x00,0x00,0x00,0x58,0x00,0x00,0x00,
        0x02,0x00,0x00,0x00,0x3E,0x00,0x03,0x00,0x5F,0x00,0x00,0x00,0x60,0x00,0x00,0x00,
        0xF9,0x00,0x02,0x00,0x4E,0x00,0x00,0x00,0xF8,0x00,0x02,0x00,0x4E,0x00,0x00,0x00,
        0x3D,0x00,0x04,0x00,0x07,0x00,0x00,0x00,0x61,0x00,0x00,0x00,0x46,0x00,0x00,0x00,
        0x3D,0x00,0x04,0x00,0x07,0x00,0x00,0x00,0x62,0x00,0x00,0x00,0x09,0x00,0x00,0x00,
        0x85,0x00,0x05,0x00,0x07,0x00,0x00,0x00,0x63,0x00,0x00,0x00,0x61,0x00,0x00,0x00,
        0x62,0x00,0x00,0x00,0x3E,0x00,0x03,0x00,0x1C,0x00,0x00,0x00,0x63,0x00,0x00,0x00,
        0x41,0x00,0x05,0x00,0x3D,0x00,0x00,0x00,0x64,0x00,0x00,0x00,0x1C,0x00,0x00,0x00,
        0x0B,0x00,0x00,0x00,0x3D,0x00,0x04,0x00,0x06,0x00,0x00,0x00,0x65,0x00,0x00,0x00,
        0x64,0x00,0x00,0x00,0xB8,0x00,0x05,0x00,0x10,0x00,0x00,0x00,0x66,0x00,0x00,0x00,
        0x65,0x00,0x00,0x00,0x0F,0x00,0x00,0x00,0xF7,0x00,0x03,0x00,0x68,0x00,0x00,0x00,
        0x00,0x00,0x00,0x00,0xFA,0x00,0x04,0x00,0x66,0x00,0x00,0x00,0x67,0x00,0x00,0x00,
        0x68,0x00,0x00,0x00,0xF8,0x00,0x02,0x00,0x67,0x00,0x00,0x00,0xFC,0x00,0x01,0x00,
        0xF8,0x00,0x02,0x00,0x68,0x00,0x00,0x00,0xF9,0x00,0x02,0x00,0x23,0x00,0x00,0x00,
        0xF8,0x00,0x02,0x00,0x23,0x00,0x00,0x00,0xF9,0x00,0x02,0x00,0x1A,0x00,0x00,0x00,
        0xF8,0x00,0x02,0x00,0x1A,0x00,0x00,0x00,0xFD,0x00,0x01,0x00,0x38,0x00,0x01,0x00,
    };
    inline const size_t g_spv_image_frag_spv_size = sizeof(g_spv_image_frag_spv);

    // image.vert.spv (4836 bytes)
    alignas(4) inline const uint8_t g_spv_image_vert_spv[] = {
        0x03,0x02,0x23,0x07,0x00,0x00,0x01,0x00,0x0B,0x00,0x0D,0x00,0xAB,0x00,0x00,0x00,
        0x00,0x00,0x00,0x00,0x11,0x00,0x02,0x00,0x01,0x00,0x00,0x00,0x0B,0x00,0x06,0x00,
        0x01,0x00,0x00,0x00,0x47,0x4C,0x53,0x4C,0x2E,0x73,0x74,0x64,0x2E,0x34,0x35,0x30,
        0x00,0x00,0x00,0x00,0x0E,0x00,0x03,0x00,0x00,0x00,0x00,0x00,0x01,0x00,0x00,0x00,
        0x0F,0x00,0x0D,0x00,0x00,0x00,0x00,0x00,0x04,0x00,0x00,0x00,0x6D,0x61,0x69,0x6E,
        0x00,0x00,0x00,0x00,0x1C,0x00,0x00,0x00,0x40,0x00,0x00,0x00,0x89,0x00,0x00,0x00,
        0x92,0x00,0x00,0x00,0x9C,0x00,0x00,0x00,0xA0,0x00,0x00,0x00,0xA3,0x00,0x00,0x00,
        0xA7,0x00,0x00,0x00,0x03,0x00,0x03,0x00,0x02,0x00,0x00,0x00,0xC2,0x01,0x00,0x00,
        0x04,0x00,0x0A,0x00,0x47,0x4C,0x5F,0x47,0x4F,0x4F,0x47,0x4C,0x45,0x5F,0x63,0x70,
        0x70,0x5F,0x73,0x74,0x79,0x6C,0x65,0x5F,0x6C,0x69,0x6E,0x65,0x5F,0x64,0x69,0x72,
        0x65,0x63,0x74,0x69,0x76,0x65,0x00,0x00,0x04,0x00,0x08,0x00,0x47,0x4C,0x5F,0x47,
        0x4F,0x4F,0x47,0x4C,0x45,0x5F,0x69,0x6E,0x63,0x6C,0x75,0x64,0x65,0x5F,0x64,0x69,
        0x72,0x65,0x63,0x74,0x69,0x76,0x65,0x00,0x05,0x00,0x04,0x00,0x04,0x00,0x00,0x00,
        0x6D,0x61,0x69,0x6E,0x00,0x00,0x00,0x00,0x05,0x00,0x05,0x00,0x08,0x00,0x00,0x00,
        0x49,0x6E,0x73,0x74,0x61,0x6E,0x63,0x65,0x00,0x00,0x00,0x00,0x06,0x00,0x05,0x00,
        0x08,0x00,0x00,0x00,0x00,0x00,0x00,0x00,0x78,0x79,0x77,0x68,0x00,0x00,0x00,0x00,
        0x06,0x00,0x05,0x00,0x08,0x00,0x00,0x00,0x01,0x00,0x00,0x00,0x75,0x76,0x77,0x68,
        0x00,0x00,0x00,0x00,0x06,0x00,0x05,0x00,0x08,0x00,0x00,0x00,0x02,0x00,0x00,0x00,
        0x63,0x6F,0x6C,0x6F,0x72,0x00,0x00,0x00,0x06,0x00,0x05,0x00,0x08,0x00,0x00,0x00,
        0x03,0x00,0x00,0x00,0x65,0x78,0x74,0x72,0x61,0x00,0x00,0x00,0x05,0x00,0x03,0x00,
        0x0A,0x00,0x00,0x00,0x49,0x00,0x00,0x00,0x05,0x00,0x05,0x00,0x0B,0x00,0x00,0x00,
        0x49,0x6E,0x73,0x74,0x61,0x6E,0x63,0x65,0x00,0x00,0x00,0x00,0x06,0x00,0x05,0x00,
        0x0B,0x00,0x00,0x00,0x00,0x00,0x00,0x00,0x78,0x79,0x77,0x68,0x00,0x00,0x00,0x00,
        0x06,0x00,0x05,0x00,0x0B,0x00,0x00,0x00,0x01,0x00,0x00,0x00,0x75,0x76,0x77,0x68,
        0x00,0x00,0x00,0x00,0x06,0x00,0x05,0x00,0x0B,0x00,0x00,0x00,0x02,0x00,0x00,0x00,
        0x63,0x6F,0x6C,0x6F,0x72,0x00,0x00,0x00,0x06,0x00,0x05,0x00,0x0B,0x00,0x00,0x00,
        0x03,0x00,0x00,0x00,0x65,0x78,0x74,0x72,0x61,0x00,0x00,0x00,0x05,0x00,0x05,0x00,
        0x0D,0x00,0x00,0x00,0x49,0x6E,0x73,0x74,0x61,0x6E,0x63,0x65,0x73,0x00,0x00,0x00,
        0x06,0x00,0x05,0x00,0x0D,0x00,0x00,0x00,0x00,0x00,0x00,0x00,0x69,0x6E,0x73,0x74,
        0x00,0x00,0x00,0x00,0x05,0x00,0x03,0x00,0x0F,0x00,0x00,0x00,0x00,0x00,0x00,0x00,
        0x05,0x00,0x06,0x00,0x14,0x00,0x00,0x00,0x56,0x65,0x72,0x74,0x55,0x6E,0x69,0x66,
        0x6F,0x72,0x6D,0x73,0x00,0x00,0x00,0x00,0x06,0x00,0x06,0x00,0x14,0x00,0x00,0x00,
        0x00,0x00,0x00,0x00,0x75,0x53,0x63,0x72,0x65,0x65,0x6E,0x53,0x69,0x7A,0x65,0x00,
        0x06,0x00,0x07,0x00,0x14,0x00,0x00,0x00,0x01,0x00,0x00,0x00,0x75,0x49,0x6E,0x73,
        0x74,0x61,0x6E,0x63,0x65,0x42,0x61,0x73,0x65,0x00,0x00,0x00,0x06,0x00,0x05,0x00,
        0x14,0x00,0x00,0x00,0x02,0x00,0x00,0x00,0x5F,0x70,0x61,0x64,0x00,0x00,0x00,0x00,
        0x05,0x00,0x03,0x00,0x16,0x00,0x00,0x00,0x00,0x00,0x00,0x00,0x05,0x00,0x07,0x00,
        0x1C,0x00,0x00,0x00,0x67,0x6C,0x5F,0x49,0x6E,0x73,0x74,0x61,0x6E,0x63,0x65,0x49,
        0x6E,0x64,0x65,0x78,0x00,0x00,0x00,0x00,0x05,0x00,0x03,0x00,0x2F,0x00,0x00,0x00,
        0x72,0x6F,0x74,0x00,0x05,0x00,0x04,0x00,0x34,0x00,0x00,0x00,0x63,0x65,0x6E,0x74,
        0x65,0x72,0x00,0x00,0x05,0x00,0x04,0x00,0x3E,0x00,0x00,0x00,0x6F,0x66,0x66,0x73,
        0x65,0x74,0x00,0x00,0x05,0x00,0x04,0x00,0x40,0x00,0x00,0x00,0x61,0x50,0x6F,0x73,
        0x30,0x31,0x00,0x00,0x05,0x00,0x03,0x00,0x4F,0x00,0x00,0x00,0x63,0x00,0x00,0x00,
        0x05,0x00,0x03,0x00,0x52,0x00,0x00,0x00,0x73,0x00,0x00,0x00,0x05,0x00,0x03,0x00,
        0x69,0x00,0x00,0x00,0x70,0x6F,0x73,0x00,0x05,0x00,0x03,0x00,0x6D,0x00,0x00,0x00,
        0x69,0x6E,0x76,0x00,0x05,0x00,0x03,0x00,0x74,0x00,0x00,0x00,0x6E,0x64,0x63,0x00,
        0x05,0x00,0x06,0x00,0x87,0x00,0x00,0x00,0x67,0x6C,0x5F,0x50,0x65,0x72,0x56,0x65,
        0x72,0x74,0x65,0x78,0x00,0x00,0x00,0x00,0x06,0x00,0x06,0x00,0x87,0x00,0x00,0x00,
        0x00,0x00,0x00,0x00,0x67,0x6C,0x5F,0x50,0x6F,0x73,0x69,0x74,0x69,0x6F,0x6E,0x00,
        0x06,0x00,0x07,0x00,0x87,0x00,0x00,0x00,0x01,0x00,0x00,0x00,0x67,0x6C,0x5F,0x50,
        0x6F,0x69,0x6E,0x74,0x53,0x69,0x7A,0x65,0x00,0x00,0x00,0x00,0x06,0x00,0x07,0x00,
        0x87,0x00,0x00,0x00,0x02,0x00,0x00,0x00,0x67,0x6C,0x5F,0x43,0x6C,0x69,0x70,0x44,
        0x69,0x73,0x74,0x61,0x6E,0x63,0x65,0x00,0x06,0x00,0x07,0x00,0x87,0x00,0x00,0x00,
        0x03,0x00,0x00,0x00,0x67,0x6C,0x5F,0x43,0x75,0x6C,0x6C,0x44,0x69,0x73,0x74,0x61,
        0x6E,0x63,0x65,0x00,0x05,0x00,0x03,0x00,0x89,0x00,0x00,0x00,0x00,0x00,0x00,0x00,
        0x05,0x00,0x04,0x00,0x92,0x00,0x00,0x00,0x76,0x73,0x5F,0x75,0x76,0x00,0x00,0x00,
        0x05,0x00,0x05,0x00,0x9C,0x00,0x00,0x00,0x76,0x73,0x5F,0x63,0x6F,0x6C,0x6F,0x72,
        0x00,0x00,0x00,0x00,0x05,0x00,0x06,0x00,0xA0,0x00,0x00,0x00,0x76,0x73,0x5F,0x75,
        0x6E,0x74,0x65,0x78,0x74,0x75,0x72,0x65,0x64,0x00,0x00,0x00,0x05,0x00,0x06,0x00,
        0xA3,0x00,0x00,0x00,0x76,0x73,0x5F,0x61,0x6C,0x70,0x68,0x61,0x4F,0x6E,0x6C,0x79,
        0x00,0x00,0x00,0x00,0x05,0x00,0x06,0x00,0xA7,0x00,0x00,0x00,0x76,0x73,0x5F,0x67,
        0x72,0x61,0x79,0x73,0x63,0x61,0x6C,0x65,0x00,0x00,0x00,0x00,0x48,0x00,0x05,0x00,
        0x0B,0x00,0x00,0x00,0x00,0x00,0x00,0x00,0x23,0x00,0x00,0x00,0x00,0x00,0x00,0x00,
        0x48,0x00,0x05,0x00,0x0B,0x00,0x00,0x00,0x01,0x00,0x00,0x00,0x23,0x00,0x00,0x00,
        0x10,0x00,0x00,0x00,0x48,0x00,0x05,0x00,0x0B,0x00,0x00,0x00,0x02,0x00,0x00,0x00,
        0x23,0x00,0x00,0x00,0x20,0x00,0x00,0x00,0x48,0x00,0x05,0x00,0x0B,0x00,0x00,0x00,
        0x03,0x00,0x00,0x00,0x23,0x00,0x00,0x00,0x30,0x00,0x00,0x00,0x47,0x00,0x04,0x00,
        0x0C,0x00,0x00,0x00,0x06,0x00,0x00,0x00,0x40,0x00,0x00,0x00,0x47,0x00,0x03,0x00,
        0x0D,0x00,0x00,0x00,0x03,0x00,0x00,0x00,0x48,0x00,0x04,0x00,0x0D,0x00,0x00,0x00,
        0x00,0x00,0x00,0x00,0x18,0x00,0x00,0x00,0x48,0x00,0x05,0x00,0x0D,0x00,0x00,0x00,
        0x00,0x00,0x00,0x00,0x23,0x00,0x00,0x00,0x00,0x00,0x00,0x00,0x47,0x00,0x03,0x00,
        0x0F,0x00,0x00,0x00,0x18,0x00,0x00,0x00,0x47,0x00,0x04,0x00,0x0F,0x00,0x00,0x00,
        0x21,0x00,0x00,0x00,0x00,0x00,0x00,0x00,0x47,0x00,0x04,0x00,0x0F,0x00,0x00,0x00,
        0x22,0x00,0x00,0x00,0x00,0x00,0x00,0x00,0x47,0x00,0x03,0x00,0x14,0x00,0x00,0x00,
        0x02,0x00,0x00,0x00,0x48,0x00,0x05,0x00,0x14,0x00,0x00,0x00,0x00,0x00,0x00,0x00,
        0x23,0x00,0x00,0x00,0x00,0x00,0x00,0x00,0x48,0x00,0x05,0x00,0x14,0x00,0x00,0x00,
        0x01,0x00,0x00,0x00,0x23,0x00,0x00,0x00,0x08,0x00,0x00,0x00,0x48,0x00,0x05,0x00,
        0x14,0x00,0x00,0x00,0x02,0x00,0x00,0x00,0x23,0x00,0x00,0x00,0x0C,0x00,0x00,0x00,
        0x47,0x00,0x04,0x00,0x16,0x00,0x00,0x00,0x21,0x00,0x00,0x00,0x00,0x00,0x00,0x00,
        0x47,0x00,0x04,0x00,0x16,0x00,0x00,0x00,0x22,0x00,0x00,0x00,0x01,0x00,0x00,0x00,
        0x47,0x00,0x04,0x00,0x1C,0x00,0x00,0x00,0x0B,0x00,0x00,0x00,0x2B,0x00,0x00,0x00,
        0x47,0x00,0x04,0x00,0x40,0x00,0x00,0x00,0x1E,0x00,0x00,0x00,0x00,0x00,0x00,0x00,
        0x47,0x00,0x03,0x00,0x87,0x00,0x00,0x00,0x02,0x00,0x00,0x00,0x48,0x00,0x05,0x00,
        0x87,0x00,0x00,0x00,0x00,0x00,0x00,0x00,0x0B,0x00,0x00,0x00,0x00,0x00,0x00,0x00,
        0x48,0x00,0x05,0x00,0x87,0x00,0x00,0x00,0x01,0x00,0x00,0x00,0x0B,0x00,0x00,0x00,
        0x01,0x00,0x00,0x00,0x48,0x00,0x05,0x00,0x87,0x00,0x00,0x00,0x02,0x00,0x00,0x00,
        0x0B,0x00,0x00,0x00,0x03,0x00,0x00,0x00,0x48,0x00,0x05,0x00,0x87,0x00,0x00,0x00,
        0x03,0x00,0x00,0x00,0x0B,0x00,0x00,0x00,0x04,0x00,0x00,0x00,0x47,0x00,0x04,0x00,
        0x92,0x00,0x00,0x00,0x1E,0x00,0x00,0x00,0x00,0x00,0x00,0x00,0x47,0x00,0x04,0x00,
        0x9C,0x00,0x00,0x00,0x1E,0x00,0x00,0x00,0x01,0x00,0x00,0x00,0x47,0x00,0x03,0x00,
        0xA0,0x00,0x00,0x00,0x0E,0x00,0x00,0x00,0x47,0x00,0x04,0x00,0xA0,0x00,0x00,0x00,
        0x1E,0x00,0x00,0x00,0x02,0x00,0x00,0x00,0x47,0x00,0x03,0x00,0xA3,0x00,0x00,0x00,
        0x0E,0x00,0x00,0x00,0x47,0x00,0x04,0x00,0xA3,0x00,0x00,0x00,0x1E,0x00,0x00,0x00,
        0x03,0x00,0x00,0x00,0x47,0x00,0x03,0x00,0xA7,0x00,0x00,0x00,0x0E,0x00,0x00,0x00,
        0x47,0x00,0x04,0x00,0xA7,0x00,0x00,0x00,0x1E,0x00,0x00,0x00,0x04,0x00,0x00,0x00,
        0x13,0x00,0x02,0x00,0x02,0x00,0x00,0x00,0x21,0x00,0x03,0x00,0x03,0x00,0x00,0x00,
        0x02,0x00,0x00,0x00,0x16,0x00,0x03,0x00,0x06,0x00,0x00,0x00,0x20,0x00,0x00,0x00,
        0x17,0x00,0x04,0x00,0x07,0x00,0x00,0x00,0x06,0x00,0x00,0x00,0x04,0x00,0x00,0x00,
        0x1E,0x00,0x06,0x00,0x08,0x00,0x00,0x00,0x07,0x00,0x00,0x00,0x07,0x00,0x00,0x00,
        0x07,0x00,0x00,0x00,0x07,0x00,0x00,0x00,0x20,0x00,0x04,0x00,0x09,0x00,0x00,0x00,
        0x07,0x00,0x00,0x00,0x08,0x00,0x00,0x00,0x1E,0x00,0x06,0x00,0x0B,0x00,0x00,0x00,
        0x07,0x00,0x00,0x00,0x07,0x00,0x00,0x00,0x07,0x00,0x00,0x00,0x07,0x00,0x00,0x00,
        0x1D,0x00,0x03,0x00,0x0C,0x00,0x00,0x00,0x0B,0x00,0x00,0x00,0x1E,0x00,0x03,0x00,
        0x0D,0x00,0x00,0x00,0x0C,0x00,0x00,0x00,0x20,0x00,0x04,0x00,0x0E,0x00,0x00,0x00,
        0x02,0x00,0x00,0x00,0x0D,0x00,0x00,0x00,0x3B,0x00,0x04,0x00,0x0E,0x00,0x00,0x00,
        0x0F,0x00,0x00,0x00,0x02,0x00,0x00,0x00,0x15,0x00,0x04,0x00,0x10,0x00,0x00,0x00,
        0x20,0x00,0x00,0x00,0x01,0x00,0x00,0x00,0x2B,0x00,0x04,0x00,0x10,0x00,0x00,0x00,
        0x11,0x00,0x00,0x00,0x00,0x00,0x00,0x00,0x17,0x00,0x04,0x00,0x12,0x00,0x00,0x00,
        0x06,0x00,0x00,0x00,0x02,0x00,0x00,0x00,0x15,0x00,0x04,0x00,0x13,0x00,0x00,0x00,
        0x20,0x00,0x00,0x00,0x00,0x00,0x00,0x00,0x1E,0x00,0x05,0x00,0x14,0x00,0x00,0x00,
        0x12,0x00,0x00,0x00,0x13,0x00,0x00,0x00,0x06,0x00,0x00,0x00,0x20,0x00,0x04,0x00,
        0x15,0x00,0x00,0x00,0x02,0x00,0x00,0x00,0x14,0x00,0x00,0x00,0x3B,0x00,0x04,0x00,
        0x15,0x00,0x00,0x00,0x16,0x00,0x00,0x00,0x02,0x00,0x00,0x00,0x2B,0x00,0x04,0x00,
        0x10,0x00,0x00,0x00,0x17,0x00,0x00,0x00,0x01,0x00,0x00,0x00,0x20,0x00,0x04,0x00,
        0x18,0x00,0x00,0x00,0x02,0x00,0x00,0x00,0x13,0x00,0x00,0x00,0x20,0x00,0x04,0x00,
        0x1B,0x00,0x00,0x00,0x01,0x00,0x00,0x00,0x10,0x00,0x00,0x00,0x3B,0x00,0x04,0x00,
        0x1B,0x00,0x00,0x00,0x1C,0x00,0x00,0x00,0x01,0x00,0x00,0x00,0x20,0x00,0x04,0x00,
        0x20,0x00,0x00,0x00,0x02,0x00,0x00,0x00,0x0B,0x00,0x00,0x00,0x20,0x00,0x04,0x00,
        0x24,0x00,0x00,0x00,0x07,0x00,0x00,0x00,0x07,0x00,0x00,0x00,0x2B,0x00,0x04,0x00,
        0x10,0x00,0x00,0x00,0x29,0x00,0x00,0x00,0x02,0x00,0x00,0x00,0x2B,0x00,0x04,0x00,
        0x10,0x00,0x00,0x00,0x2C,0x00,0x00,0x00,0x03,0x00,0x00,0x00,0x20,0x00,0x04,0x00,
        0x2E,0x00,0x00,0x00,0x07,0x00,0x00,0x00,0x06,0x00,0x00,0x00,0x2B,0x00,0x04,0x00,
        0x13,0x00,0x00,0x00,0x30,0x00,0x00,0x00,0x00,0x00,0x00,0x00,0x20,0x00,0x04,0x00,
        0x33,0x00,0x00,0x00,0x07,0x00,0x00,0x00,0x12,0x00,0x00,0x00,0x2B,0x00,0x04,0x00,
        0x06,0x00,0x00,0x00,0x3B,0x00,0x00,0x00,0x00,0x00,0x00,0x3F,0x20,0x00,0x04,0x00,
        0x3F,0x00,0x00,0x00,0x01,0x00,0x00,0x00,0x12,0x00,0x00,0x00,0x3B,0x00,0x04,0x00,
        0x3F,0x00,0x00,0x00,0x40,0x00,0x00,0x00,0x01,0x00,0x00,0x00,0x2C,0x00,0x05,0x00,
        0x12,0x00,0x00,0x00,0x42,0x00,0x00,0x00,0x3B,0x00,0x00,0x00,0x3B,0x00,0x00,0x00,
        0x2B,0x00,0x04,0x00,0x06,0x00,0x00,0x00,0x4A,0x00,0x00,0x00,0x17,0xB7,0xD1,0x38,
        0x14,0x00,0x02,0x00,0x4B,0x00,0x00,0x00,0x2B,0x00,0x04,0x00,0x13,0x00,0x00,0x00,
        0x59,0x00,0x00,0x00,0x01,0x00,0x00,0x00,0x2B,0x00,0x04,0x00,0x06,0x00,0x00,0x00,
        0x6E,0x00,0x00,0x00,0x00,0x00,0x80,0x3F,0x20,0x00,0x04,0x00,0x6F,0x00,0x00,0x00,
        0x02,0x00,0x00,0x00,0x12,0x00,0x00,0x00,0x2B,0x00,0x04,0x00,0x06,0x00,0x00,0x00,
        0x77,0x00,0x00,0x00,0x00,0x00,0x00,0x40,0x1C,0x00,0x04,0x00,0x86,0x00,0x00,0x00,
        0x06,0x00,0x00,0x00,0x59,0x00,0x00,0x00,0x1E,0x00,0x06,0x00,0x87,0x00,0x00,0x00,
        0x07,0x00,0x00,0x00,0x06,0x00,0x00,0x00,0x86,0x00,0x00,0x00,0x86,0x00,0x00,0x00,
        0x20,0x00,0x04,0x00,0x88,0x00,0x00,0x00,0x03,0x00,0x00,0x00,0x87,0x00,0x00,0x00,
        0x3B,0x00,0x04,0x00,0x88,0x00,0x00,0x00,0x89,0x00,0x00,0x00,0x03,0x00,0x00,0x00,
        0x2B,0x00,0x04,0x00,0x06,0x00,0x00,0x00,0x8B,0x00,0x00,0x00,0x00,0x00,0x00,0x00,
        0x20,0x00,0x04,0x00,0x8F,0x00,0x00,0x00,0x03,0x00,0x00,0x00,0x07,0x00,0x00,0x00,
        0x20,0x00,0x04,0x00,0x91,0x00,0x00,0x00,0x03,0x00,0x00,0x00,0x12,0x00,0x00,0x00,
        0x3B,0x00,0x04,0x00,0x91,0x00,0x00,0x00,0x92,0x00,0x00,0x00,0x03,0x00,0x00,0x00,
        0x3B,0x00,0x04,0x00,0x8F,0x00,0x00,0x00,0x9C,0x00,0x00,0x00,0x03,0x00,0x00,0x00,
        0x20,0x00,0x04,0x00,0x9F,0x00,0x00,0x00,0x03,0x00,0x00,0x00,0x06,0x00,0x00,0x00,
        0x3B,0x00,0x04,0x00,0x9F,0x00,0x00,0x00,0xA0,0x00,0x00,0x00,0x03,0x00,0x00,0x00,
        0x3B,0x00,0x04,0x00,0x9F,0x00,0x00,0x00,0xA3,0x00,0x00,0x00,0x03,0x00,0x00,0x00,
        0x2B,0x00,0x04,0x00,0x13,0x00,0x00,0x00,0xA4,0x00,0x00,0x00,0x02,0x00,0x00,0x00,
        0x3B,0x00,0x04,0x00,0x9F,0x00,0x00,0x00,0xA7,0x00,0x00,0x00,0x03,0x00,0x00,0x00,
        0x2B,0x00,0x04,0x00,0x13,0x00,0x00,0x00,0xA8,0x00,0x00,0x00,0x03,0x00,0x00,0x00,
        0x36,0x00,0x05,0x00,0x02,0x00,0x00,0x00,0x04,0x00,0x00,0x00,0x00,0x00,0x00,0x00,
        0x03,0x00,0x00,0x00,0xF8,0x00,0x02,0x00,0x05,0x00,0x00,0x00,0x3B,0x00,0x04,0x00,
        0x09,0x00,0x00,0x00,0x0A,0x00,0x00,0x00,0x07,0x00,0x00,0x00,0x3B,0x00,0x04,0x00,
        0x2E,0x00,0x00,0x00,0x2F,0x00,0x00,0x00,0x07,0x00,0x00,0x00,0x3B,0x00,0x04,0x00,
        0x33,0x00,0x00,0x00,0x34,0x00,0x00,0x00,0x07,0x00,0x00,0x00,0x3B,0x00,0x04,0x00,
        0x33,0x00,0x00,0x00,0x3E,0x00,0x00,0x00,0x07,0x00,0x00,0x00,0x3B,0x00,0x04,0x00,
        0x2E,0x00,0x00,0x00,0x4F,0x00,0x00,0x00,0x07,0x00,0x00,0x00,0x3B,0x00,0x04,0x00,
        0x2E,0x00,0x00,0x00,0x52,0x00,0x00,0x00,0x07,0x00,0x00,0x00,0x3B,0x00,0x04,0x00,
        0x33,0x00,0x00,0x00,0x69,0x00,0x00,0x00,0x07,0x00,0x00,0x00,0x3B,0x00,0x04,0x00,
        0x33,0x00,0x00,0x00,0x6D,0x00,0x00,0x00,0x07,0x00,0x00,0x00,0x3B,0x00,0x04,0x00,
        0x33,0x00,0x00,0x00,0x74,0x00,0x00,0x00,0x07,0x00,0x00,0x00,0x41,0x00,0x05,0x00,
        0x18,0x00,0x00,0x00,0x19,0x00,0x00,0x00,0x16,0x00,0x00,0x00,0x17,0x00,0x00,0x00,
        0x3D,0x00,0x04,0x00,0x13,0x00,0x00,0x00,0x1A,0x00,0x00,0x00,0x19,0x00,0x00,0x00,
        0x3D,0x00,0x04,0x00,0x10,0x00,0x00,0x00,0x1D,0x00,0x00,0x00,0x1C,0x00,0x00,0x00,
        0x7C,0x00,0x04,0x00,0x13,0x00,0x00,0x00,0x1E,0x00,0x00,0x00,0x1D,0x00,0x00,0x00,
        0x80,0x00,0x05,0x00,0x13,0x00,0x00,0x00,0x1F,0x00,0x00,0x00,0x1A,0x00,0x00,0x00,
        0x1E,0x00,0x00,0x00,0x41,0x00,0x06,0x00,0x20,0x00,0x00,0x00,0x21,0x00,0x00,0x00,
        0x0F,0x00,0x00,0x00,0x11,0x00,0x00,0x00,0x1F,0x00,0x00,0x00,0x3D,0x00,0x04,0x00,
        0x0B,0x00,0x00,0x00,0x22,0x00,0x00,0x00,0x21,0x00,0x00,0x00,0x51,0x00,0x05,0x00,
        0x07,0x00,0x00,0x00,0x23,0x00,0x00,0x00,0x22,0x00,0x00,0x00,0x00,0x00,0x00,0x00,
        0x41,0x00,0x05,0x00,0x24,0x00,0x00,0x00,0x25,0x00,0x00,0x00,0x0A,0x00,0x00,0x00,
        0x11,0x00,0x00,0x00,0x3E,0x00,0x03,0x00,0x25,0x00,0x00,0x00,0x23,0x00,0x00,0x00,
        0x51,0x00,0x05,0x00,0x07,0x00,0x00,0x00,0x26,0x00,0x00,0x00,0x22,0x00,0x00,0x00,
        0x01,0x00,0x00,0x00,0x41,0x00,0x05,0x00,0x24,0x00,0x00,0x00,0x27,0x00,0x00,0x00,
        0x0A,0x00,0x00,0x00,0x17,0x00,0x00,0x00,0x3E,0x00,0x03,0x00,0x27,0x00,0x00,0x00,
        0x26,0x00,0x00,0x00,0x51,0x00,0x05,0x00,0x07,0x00,0x00,0x00,0x28,0x00,0x00,0x00,
        0x22,0x00,0x00,0x00,0x02,0x00,0x00,0x00,0x41,0x00,0x05,0x00,0x24,0x00,0x00,0x00,
        0x2A,0x00,0x00,0x00,0x0A,0x00,0x00,0x00,0x29,0x00,0x00,0x00,0x3E,0x00,0x03,0x00,
        0x2A,0x00,0x00,0x00,0x28,0x00,0x00,0x00,0x51,0x00,0x05,0x00,0x07,0x00,0x00,0x00,
        0x2B,0x00,0x00,0x00,0x22,0x00,0x00,0x00,0x03,0x00,0x00,0x00,0x41,0x00,0x05,0x00,
        0x24,0x00,0x00,0x00,0x2D,0x00,0x00,0x00,0x0A,0x00,0x00,0x00,0x2C,0x00,0x00,0x00,
        0x3E,0x00,0x03,0x00,0x2D,0x00,0x00,0x00,0x2B,0x00,0x00,0x00,0x41,0x00,0x06,0x00,
        0x2E,0x00,0x00,0x00,0x31,0x00,0x00,0x00,0x0A,0x00,0x00,0x00,0x2C,0x00,0x00,0x00,
        0x30,0x00,0x00,0x00,0x3D,0x00,0x04,0x00,0x06,0x00,0x00,0x00,0x32,0x00,0x00,0x00,
        0x31,0x00,0x00,0x00,0x3E,0x00,0x03,0x00,0x2F,0x00,0x00,0x00,0x32,0x00,0x00,0x00,
        0x41,0x00,0x05,0x00,0x24,0x00,0x00,0x00,0x35,0x00,0x00,0x00,0x0A,0x00,0x00,0x00,
        0x11,0x00,0x00,0x00,0x3D,0x00,0x04,0x00,0x07,0x00,0x00,0x00,0x36,0x00,0x00,0x00,
        0x35,0x00,0x00,0x00,0x4F,0x00,0x07,0x00,0x12,0x00,0x00,0x00,0x37,0x00,0x00,0x00,
        0x36,0x00,0x00,0x00,0x36,0x00,0x00,0x00,0x00,0x00,0x00,0x00,0x01,0x00,0x00,0x00,
        0x41,0x00,0x05,0x00,0x24,0x00,0x00,0x00,0x38,0x00,0x00,0x00,0x0A,0x00,0x00,0x00,
        0x11,0x00,0x00,0x00,0x3D,0x00,0x04,0x00,0x07,0x00,0x00,0x00,0x39,0x00,0x00,0x00,
        0x38,0x00,0x00,0x00,0x4F,0x00,0x07,0x00,0x12,0x00,0x00,0x00,0x3A,0x00,0x00,0x00,
        0x39,0x00,0x00,0x00,0x39,0x00,0x00,0x00,0x02,0x00,0x00,0x00,0x03,0x00,0x00,0x00,
        0x8E,0x00,0x05,0x00,0x12,0x00,0x00,0x00,0x3C,0x00,0x00,0x00,0x3A,0x00,0x00,0x00,
        0x3B,0x00,0x00,0x00,0x81,0x00,0x05,0x00,0x12,0x00,0x00,0x00,0x3D,0x00,0x00,0x00,
        0x37,0x00,0x00,0x00,0x3C,0x00,0x00,0x00,0x3E,0x00,0x03,0x00,0x34,0x00,0x00,0x00,
        0x3D,0x00,0x00,0x00,0x3D,0x00,0x04,0x00,0x12,0x00,0x00,0x00,0x41,0x00,0x00,0x00,
        0x40,0x00,0x00,0x00,0x83,0x00,0x05,0x00,0x12,0x00,0x00,0x00,0x43,0x00,0x00,0x00,
        0x41,0x00,0x00,0x00,0x42,0x00,0x00,0x00,0x41,0x00,0x05,0x00,0x24,0x00,0x00,0x00,
        0x44,0x00,0x00,0x00,0x0A,0x00,0x00,0x00,0x11,0x00,0x00,0x00,0x3D,0x00,0x04,0x00,
        0x07,0x00,0x00,0x00,0x45,0x00,0x00,0x00,0x44,0x00,0x00,0x00,0x4F,0x00,0x07,0x00,
        0x12,0x00,0x00,0x00,0x46,0x00,0x00,0x00,0x45,0x00,0x00,0x00,0x45,0x00,0x00,0x00,
        0x02,0x00,0x00,0x00,0x03,0x00,0x00,0x00,0x85,0x00,0x05,0x00,0x12,0x00,0x00,0x00,
        0x47,0x00,0x00,0x00,0x43,0x00,0x00,0x00,0x46,0x00,0x00,0x00,0x3E,0x00,0x03,0x00,
        0x3E,0x00,0x00,0x00,0x47,0x00,0x00,0x00,0x3D,0x00,0x04,0x00,0x06,0x00,0x00,0x00,
        0x48,0x00,0x00,0x00,0x2F,0x00,0x00,0x00,0x0C,0x00,0x06,0x00,0x06,0x00,0x00,0x00,
        0x49,0x00,0x00,0x00,0x01,0x00,0x00,0x00,0x04,0x00,0x00,0x00,0x48,0x00,0x00,0x00,
        0xBA,0x00,0x05,0x00,0x4B,0x00,0x00,0x00,0x4C,0x00,0x00,0x00,0x49,0x00,0x00,0x00,
        0x4A,0x00,0x00,0x00,0xF7,0x00,0x03,0x00,0x4E,0x00,0x00,0x00,0x00,0x00,0x00,0x00,
        0xFA,0x00,0x04,0x00,0x4C,0x00,0x00,0x00,0x4D,0x00,0x00,0x00,0x4E,0x00,0x00,0x00,
        0xF8,0x00,0x02,0x00,0x4D,0x00,0x00,0x00,0x3D,0x00,0x04,0x00,0x06,0x00,0x00,0x00,
        0x50,0x00,0x00,0x00,0x2F,0x00,0x00,0x00,0x0C,0x00,0x06,0x00,0x06,0x00,0x00,0x00,
        0x51,0x00,0x00,0x00,0x01,0x00,0x00,0x00,0x0E,0x00,0x00,0x00,0x50,0x00,0x00,0x00,
        0x3E,0x00,0x03,0x00,0x4F,0x00,0x00,0x00,0x51,0x00,0x00,0x00,0x3D,0x00,0x04,0x00,
        0x06,0x00,0x00,0x00,0x53,0x00,0x00,0x00,0x2F,0x00,0x00,0x00,0x0C,0x00,0x06,0x00,
        0x06,0x00,0x00,0x00,0x54,0x00,0x00,0x00,0x01,0x00,0x00,0x00,0x0D,0x00,0x00,0x00,
        0x53,0x00,0x00,0x00,0x3E,0x00,0x03,0x00,0x52,0x00,0x00,0x00,0x54,0x00,0x00,0x00,
        0x41,0x00,0x05,0x00,0x2E,0x00,0x00,0x00,0x55,0x00,0x00,0x00,0x3E,0x00,0x00,0x00,
        0x30,0x00,0x00,0x00,0x3D,0x00,0x04,0x00,0x06,0x00,0x00,0x00,0x56,0x00,0x00,0x00,
        0x55,0x00,0x00,0x00,0x3D,0x00,0x04,0x00,0x06,0x00,0x00,0x00,0x57,0x00,0x00,0x00,
        0x4F,0x00,0x00,0x00,0x85,0x00,0x05,0x00,0x06,0x00,0x00,0x00,0x58,0x00,0x00,0x00,
        0x56,0x00,0x00,0x00,0x57,0x00,0x00,0x00,0x41,0x00,0x05,0x00,0x2E,0x00,0x00,0x00,
        0x5A,0x00,0x00,0x00,0x3E,0x00,0x00,0x00,0x59,0x00,0x00,0x00,0x3D,0x00,0x04,0x00,
        0x06,0x00,0x00,0x00,0x5B,0x00,0x00,0x00,0x5A,0x00,0x00,0x00,0x3D,0x00,0x04,0x00,
        0x06,0x00,0x00,0x00,0x5C,0x00,0x00,0x00,0x52,0x00,0x00,0x00,0x85,0x00,0x05,0x00,
        0x06,0x00,0x00,0x00,0x5D,0x00,0x00,0x00,0x5B,0x00,0x00,0x00,0x5C,0x00,0x00,0x00,
        0x83,0x00,0x05,0x00,0x06,0x00,0x00,0x00,0x5E,0x00,0x00,0x00,0x58,0x00,0x00,0x00,
        0x5D,0x00,0x00,0x00,0x41,0x00,0x05,0x00,0x2E,0x00,0x00,0x00,0x5F,0x00,0x00,0x00,
        0x3E,0x00,0x00,0x00,0x30,0x00,0x00,0x00,0x3D,0x00,0x04,0x00,0x06,0x00,0x00,0x00,
        0x60,0x00,0x00,0x00,0x5F,0x00,0x00,0x00,0x3D,0x00,0x04,0x00,0x06,0x00,0x00,0x00,
        0x61,0x00,0x00,0x00,0x52,0x00,0x00,0x00,0x85,0x00,0x05,0x00,0x06,0x00,0x00,0x00,
        0x62,0x00,0x00,0x00,0x60,0x00,0x00,0x00,0x61,0x00,0x00,0x00,0x41,0x00,0x05,0x00,
        0x2E,0x00,0x00,0x00,0x63,0x00,0x00,0x00,0x3E,0x00,0x00,0x00,0x59,0x00,0x00,0x00,
        0x3D,0x00,0x04,0x00,0x06,0x00,0x00,0x00,0x64,0x00,0x00,0x00,0x63,0x00,0x00,0x00,
        0x3D,0x00,0x04,0x00,0x06,0x00,0x00,0x00,0x65,0x00,0x00,0x00,0x4F,0x00,0x00,0x00,
        0x85,0x00,0x05,0x00,0x06,0x00,0x00,0x00,0x66,0x00,0x00,0x00,0x64,0x00,0x00,0x00,
        0x65,0x00,0x00,0x00,0x81,0x00,0x05,0x00,0x06,0x00,0x00,0x00,0x67,0x00,0x00,0x00,
        0x62,0x00,0x00,0x00,0x66,0x00,0x00,0x00,0x50,0x00,0x05,0x00,0x12,0x00,0x00,0x00,
        0x68,0x00,0x00,0x00,0x5E,0x00,0x00,0x00,0x67,0x00,0x00,0x00,0x3E,0x00,0x03,0x00,
        0x3E,0x00,0x00,0x00,0x68,0x00,0x00,0x00,0xF9,0x00,0x02,0x00,0x4E,0x00,0x00,0x00,
        0xF8,0x00,0x02,0x00,0x4E,0x00,0x00,0x00,0x3D,0x00,0x04,0x00,0x12,0x00,0x00,0x00,
        0x6A,0x00,0x00,0x00,0x34,0x00,0x00,0x00,0x3D,0x00,0x04,0x00,0x12,0x00,0x00,0x00,
        0x6B,0x00,0x00,0x00,0x3E,0x00,0x00,0x00,0x81,0x00,0x05,0x00,0x12,0x00,0x00,0x00,
        0x6C,0x00,0x00,0x00,0x6A,0x00,0x00,0x00,0x6B,0x00,0x00,0x00,0x3E,0x00,0x03,0x00,
        0x69,0x00,0x00,0x00,0x6C,0x00,0x00,0x00,0x41,0x00,0x05,0x00,0x6F,0x00,0x00,0x00,
        0x70,0x00,0x00,0x00,0x16,0x00,0x00,0x00,0x11,0x00,0x00,0x00,0x3D,0x00,0x04,0x00,
        0x12,0x00,0x00,0x00,0x71,0x00,0x00,0x00,0x70,0x00,0x00,0x00,0x50,0x00,0x05,0x00,
        0x12,0x00,0x00,0x00,0x72,0x00,0x00,0x00,0x6E,0x00,0x00,0x00,0x6E,0x00,0x00,0x00,
        0x88,0x00,0x05,0x00,0x12,0x00,0x00,0x00,0x73,0x00,0x00,0x00,0x72,0x00,0x00,0x00,
        0x71,0x00,0x00,0x00,0x3E,0x00,0x03,0x00,0x6D,0x00,0x00,0x00,0x73,0x00,0x00,0x00,
        0x41,0x00,0x05,0x00,0x2E,0x00,0x00,0x00,0x75,0x00,0x00,0x00,0x69,0x00,0x00,0x00,
        0x30,0x00,0x00,0x00,0x3D,0x00,0x04,0x00,0x06,0x00,0x00,0x00,0x76,0x00,0x00,0x00,
        0x75,0x00,0x00,0x00,0x85,0x00,0x05,0x00,0x06,0x00,0x00,0x00,0x78,0x00,0x00,0x00,
        0x76,0x00,0x00,0x00,0x77,0x00,0x00,0x00,0x41,0x00,0x05,0x00,0x2E,0x00,0x00,0x00,
        0x79,0x00,0x00,0x00,0x6D,0x00,0x00,0x00,0x30,0x00,0x00,0x00,0x3D,0x00,0x04,0x00,
        0x06,0x00,0x00,0x00,0x7A,0x00,0x00,0x00,0x79,0x00,0x00,0x00,0x85,0x00,0x05,0x00,
        0x06,0x00,0x00,0x00,0x7B,0x00,0x00,0x00,0x78,0x00,0x00,0x00,0x7A,0x00,0x00,0x00,
        0x83,0x00,0x05,0x00,0x06,0x00,0x00,0x00,0x7C,0x00,0x00,0x00,0x7B,0x00,0x00,0x00,
        0x6E,0x00,0x00,0x00,0x41,0x00,0x05,0x00,0x2E,0x00,0x00,0x00,0x7D,0x00,0x00,0x00,
        0x74,0x00,0x00,0x00,0x30,0x00,0x00,0x00,0x3E,0x00,0x03,0x00,0x7D,0x00,0x00,0x00,
        0x7C,0x00,0x00,0x00,0x41,0x00,0x05,0x00,0x2E,0x00,0x00,0x00,0x7E,0x00,0x00,0x00,
        0x69,0x00,0x00,0x00,0x59,0x00,0x00,0x00,0x3D,0x00,0x04,0x00,0x06,0x00,0x00,0x00,
        0x7F,0x00,0x00,0x00,0x7E,0x00,0x00,0x00,0x85,0x00,0x05,0x00,0x06,0x00,0x00,0x00,
        0x80,0x00,0x00,0x00,0x7F,0x00,0x00,0x00,0x77,0x00,0x00,0x00,0x41,0x00,0x05,0x00,
        0x2E,0x00,0x00,0x00,0x81,0x00,0x00,0x00,0x6D,0x00,0x00,0x00,0x59,0x00,0x00,0x00,
        0x3D,0x00,0x04,0x00,0x06,0x00,0x00,0x00,0x82,0x00,0x00,0x00,0x81,0x00,0x00,0x00,
        0x85,0x00,0x05,0x00,0x06,0x00,0x00,0x00,0x83,0x00,0x00,0x00,0x80,0x00,0x00,0x00,
        0x82,0x00,0x00,0x00,0x83,0x00,0x05,0x00,0x06,0x00,0x00,0x00,0x84,0x00,0x00,0x00,
        0x83,0x00,0x00,0x00,0x6E,0x00,0x00,0x00,0x41,0x00,0x05,0x00,0x2E,0x00,0x00,0x00,
        0x85,0x00,0x00,0x00,0x74,0x00,0x00,0x00,0x59,0x00,0x00,0x00,0x3E,0x00,0x03,0x00,
        0x85,0x00,0x00,0x00,0x84,0x00,0x00,0x00,0x3D,0x00,0x04,0x00,0x12,0x00,0x00,0x00,
        0x8A,0x00,0x00,0x00,0x74,0x00,0x00,0x00,0x51,0x00,0x05,0x00,0x06,0x00,0x00,0x00,
        0x8C,0x00,0x00,0x00,0x8A,0x00,0x00,0x00,0x00,0x00,0x00,0x00,0x51,0x00,0x05,0x00,
        0x06,0x00,0x00,0x00,0x8D,0x00,0x00,0x00,0x8A,0x00,0x00,0x00,0x01,0x00,0x00,0x00,
        0x50,0x00,0x07,0x00,0x07,0x00,0x00,0x00,0x8E,0x00,0x00,0x00,0x8C,0x00,0x00,0x00,
        0x8D,0x00,0x00,0x00,0x8B,0x00,0x00,0x00,0x6E,0x00,0x00,0x00,0x41,0x00,0x05,0x00,
        0x8F,0x00,0x00,0x00,0x90,0x00,0x00,0x00,0x89,0x00,0x00,0x00,0x11,0x00,0x00,0x00,
        0x3E,0x00,0x03,0x00,0x90,0x00,0x00,0x00,0x8E,0x00,0x00,0x00,0x41,0x00,0x05,0x00,
        0x24,0x00,0x00,0x00,0x93,0x00,0x00,0x00,0x0A,0x00,0x00,0x00,0x17,0x00,0x00,0x00,
        0x3D,0x00,0x04,0x00,0x07,0x00,0x00,0x00,0x94,0x00,0x00,0x00,0x93,0x00,0x00,0x00,
        0x4F,0x00,0x07,0x00,0x12,0x00,0x00,0x00,0x95,0x00,0x00,0x00,0x94,0x00,0x00,0x00,
        0x94,0x00,0x00,0x00,0x00,0x00,0x00,0x00,0x01,0x00,0x00,0x00,0x3D,0x00,0x04,0x00,
        0x12,0x00,0x00,0x00,0x96,0x00,0x00,0x00,0x40,0x00,0x00,0x00,0x41,0x00,0x05,0x00,
        0x24,0x00,0x00,0x00,0x97,0x00,0x00,0x00,0x0A,0x00,0x00,0x00,0x17,0x00,0x00,0x00,
        0x3D,0x00,0x04,0x00,0x07,0x00,0x00,0x00,0x98,0x00,0x00,0x00,0x97,0x00,0x00,0x00,
        0x4F,0x00,0x07,0x00,0x12,0x00,0x00,0x00,0x99,0x00,0x00,0x00,0x98,0x00,0x00,0x00,
        0x98,0x00,0x00,0x00,0x02,0x00,0x00,0x00,0x03,0x00,0x00,0x00,0x85,0x00,0x05,0x00,
        0x12,0x00,0x00,0x00,0x9A,0x00,0x00,0x00,0x96,0x00,0x00,0x00,0x99,0x00,0x00,0x00,
        0x81,0x00,0x05,0x00,0x12,0x00,0x00,0x00,0x9B,0x00,0x00,0x00,0x95,0x00,0x00,0x00,
        0x9A,0x00,0x00,0x00,0x3E,0x00,0x03,0x00,0x92,0x00,0x00,0x00,0x9B,0x00,0x00,0x00,
        0x41,0x00,0x05,0x00,0x24,0x00,0x00,0x00,0x9D,0x00,0x00,0x00,0x0A,0x00,0x00,0x00,
        0x29,0x00,0x00,0x00,0x3D,0x00,0x04,0x00,0x07,0x00,0x00,0x00,0x9E,0x00,0x00,0x00,
        0x9D,0x00,0x00,0x00,0x3E,0x00,0x03,0x00,0x9C,0x00,0x00,0x00,0x9E,0x00,0x00,0x00,
        0x41,0x00,0x06,0x00,0x2E,0x00,0x00,0x00,0xA1,0x00,0x00,0x00,0x0A,0x00,0x00,0x00,
        0x2C,0x00,0x00,0x00,0x59,0x00,0x00,0x00,0x3D,0x00,0x04,0x00,0x06,0x00,0x00,0x00,
        0xA2,0x00,0x00,0x00,0xA1,0x00,0x00,0x00,0x3E,0x00,0x03,0x00,0xA0,0x00,0x00,0x00,
        0xA2,0x00,0x00,0x00,0x41,0x00,0x06,0x00,0x2E,0x00,0x00,0x00,0xA5,0x00,0x00,0x00,
        0x0A,0x00,0x00,0x00,0x2C,0x00,0x00,0x00,0xA4,0x00,0x00,0x00,0x3D,0x00,0x04,0x00,
        0x06,0x00,0x00,0x00,0xA6,0x00,0x00,0x00,0xA5,0x00,0x00,0x00,0x3E,0x00,0x03,0x00,
        0xA3,0x00,0x00,0x00,0xA6,0x00,0x00,0x00,0x41,0x00,0x06,0x00,0x2E,0x00,0x00,0x00,
        0xA9,0x00,0x00,0x00,0x0A,0x00,0x00,0x00,0x2C,0x00,0x00,0x00,0xA8,0x00,0x00,0x00,
        0x3D,0x00,0x04,0x00,0x06,0x00,0x00,0x00,0xAA,0x00,0x00,0x00,0xA9,0x00,0x00,0x00,
        0x3E,0x00,0x03,0x00,0xA7,0x00,0x00,0x00,0xAA,0x00,0x00,0x00,0xFD,0x00,0x01,0x00,
        0x38,0x00,0x01,0x00,
    };
    inline const size_t g_spv_image_vert_spv_size = sizeof(g_spv_image_vert_spv);

    // shadow.frag.spv (548 bytes)
    alignas(4) inline const uint8_t g_spv_shadow_frag_spv[] = {
        0x03,0x02,0x23,0x07,0x00,0x00,0x01,0x00,0x0B,0x00,0x0D,0x00,0x0F,0x00,0x00,0x00,
        0x00,0x00,0x00,0x00,0x11,0x00,0x02,0x00,0x01,0x00,0x00,0x00,0x0B,0x00,0x06,0x00,
        0x01,0x00,0x00,0x00,0x47,0x4C,0x53,0x4C,0x2E,0x73,0x74,0x64,0x2E,0x34,0x35,0x30,
        0x00,0x00,0x00,0x00,0x0E,0x00,0x03,0x00,0x00,0x00,0x00,0x00,0x01,0x00,0x00,0x00,
        0x0F,0x00,0x07,0x00,0x04,0x00,0x00,0x00,0x04,0x00,0x00,0x00,0x6D,0x61,0x69,0x6E,
        0x00,0x00,0x00,0x00,0x09,0x00,0x00,0x00,0x0C,0x00,0x00,0x00,0x10,0x00,0x03,0x00,
        0x04,0x00,0x00,0x00,0x07,0x00,0x00,0x00,0x03,0x00,0x03,0x00,0x02,0x00,0x00,0x00,
        0xC2,0x01,0x00,0x00,0x04,0x00,0x0A,0x00,0x47,0x4C,0x5F,0x47,0x4F,0x4F,0x47,0x4C,
        0x45,0x5F,0x63,0x70,0x70,0x5F,0x73,0x74,0x79,0x6C,0x65,0x5F,0x6C,0x69,0x6E,0x65,
        0x5F,0x64,0x69,0x72,0x65,0x63,0x74,0x69,0x76,0x65,0x00,0x00,0x04,0x00,0x08,0x00,
        0x47,0x4C,0x5F,0x47,0x4F,0x4F,0x47,0x4C,0x45,0x5F,0x69,0x6E,0x63,0x6C,0x75,0x64,
        0x65,0x5F,0x64,0x69,0x72,0x65,0x63,0x74,0x69,0x76,0x65,0x00,0x05,0x00,0x04,0x00,
        0x04,0x00,0x00,0x00,0x6D,0x61,0x69,0x6E,0x00,0x00,0x00,0x00,0x05,0x00,0x05,0x00,
        0x09,0x00,0x00,0x00,0x46,0x72,0x61,0x67,0x43,0x6F,0x6C,0x6F,0x72,0x00,0x00,0x00,
        0x05,0x00,0x06,0x00,0x0C,0x00,0x00,0x00,0x75,0x53,0x68,0x61,0x64,0x6F,0x77,0x41,
        0x6C,0x70,0x68,0x61,0x00,0x00,0x00,0x00,0x47,0x00,0x03,0x00,0x09,0x00,0x00,0x00,
        0x00,0x00,0x00,0x00,0x47,0x00,0x04,0x00,0x09,0x00,0x00,0x00,0x1E,0x00,0x00,0x00,
        0x00,0x00,0x00,0x00,0x47,0x00,0x03,0x00,0x0C,0x00,0x00,0x00,0x00,0x00,0x00,0x00,
        0x47,0x00,0x04,0x00,0x0C,0x00,0x00,0x00,0x1E,0x00,0x00,0x00,0x00,0x00,0x00,0x00,
        0x47,0x00,0x03,0x00,0x0D,0x00,0x00,0x00,0x00,0x00,0x00,0x00,0x47,0x00,0x03,0x00,
        0x0E,0x00,0x00,0x00,0x00,0x00,0x00,0x00,0x13,0x00,0x02,0x00,0x02,0x00,0x00,0x00,
        0x21,0x00,0x03,0x00,0x03,0x00,0x00,0x00,0x02,0x00,0x00,0x00,0x16,0x00,0x03,0x00,
        0x06,0x00,0x00,0x00,0x20,0x00,0x00,0x00,0x17,0x00,0x04,0x00,0x07,0x00,0x00,0x00,
        0x06,0x00,0x00,0x00,0x04,0x00,0x00,0x00,0x20,0x00,0x04,0x00,0x08,0x00,0x00,0x00,
        0x03,0x00,0x00,0x00,0x07,0x00,0x00,0x00,0x3B,0x00,0x04,0x00,0x08,0x00,0x00,0x00,
        0x09,0x00,0x00,0x00,0x03,0x00,0x00,0x00,0x2B,0x00,0x04,0x00,0x06,0x00,0x00,0x00,
        0x0A,0x00,0x00,0x00,0x00,0x00,0x00,0x00,0x20,0x00,0x04,0x00,0x0B,0x00,0x00,0x00,
        0x01,0x00,0x00,0x00,0x06,0x00,0x00,0x00,0x3B,0x00,0x04,0x00,0x0B,0x00,0x00,0x00,
        0x0C,0x00,0x00,0x00,0x01,0x00,0x00,0x00,0x36,0x00,0x05,0x00,0x02,0x00,0x00,0x00,
        0x04,0x00,0x00,0x00,0x00,0x00,0x00,0x00,0x03,0x00,0x00,0x00,0xF8,0x00,0x02,0x00,
        0x05,0x00,0x00,0x00,0x3D,0x00,0x04,0x00,0x06,0x00,0x00,0x00,0x0D,0x00,0x00,0x00,
        0x0C,0x00,0x00,0x00,0x50,0x00,0x07,0x00,0x07,0x00,0x00,0x00,0x0E,0x00,0x00,0x00,
        0x0A,0x00,0x00,0x00,0x0A,0x00,0x00,0x00,0x0A,0x00,0x00,0x00,0x0D,0x00,0x00,0x00,
        0x3E,0x00,0x03,0x00,0x09,0x00,0x00,0x00,0x0E,0x00,0x00,0x00,0xFD,0x00,0x01,0x00,
        0x38,0x00,0x01,0x00,
    };
    inline const size_t g_spv_shadow_frag_spv_size = sizeof(g_spv_shadow_frag_spv);

    // shadow.vert.spv (8032 bytes)
    alignas(4) inline const uint8_t g_spv_shadow_vert_spv[] = {
        0x03,0x02,0x23,0x07,0x00,0x00,0x01,0x00,0x0B,0x00,0x0D,0x00,0x08,0x01,0x00,0x00,
        0x00,0x00,0x00,0x00,0x11,0x00,0x02,0x00,0x01,0x00,0x00,0x00,0x0B,0x00,0x06,0x00,
        0x01,0x00,0x00,0x00,0x47,0x4C,0x53,0x4C,0x2E,0x73,0x74,0x64,0x2E,0x34,0x35,0x30,
        0x00,0x00,0x00,0x00,0x0E,0x00,0x03,0x00,0x00,0x00,0x00,0x00,0x01,0x00,0x00,0x00,
        0x0F,0x00,0x0C,0x00,0x00,0x00,0x00,0x00,0x04,0x00,0x00,0x00,0x6D,0x61,0x69,0x6E,
        0x00,0x00,0x00,0x00,0x4E,0x00,0x00,0x00,0x85,0x00,0x00,0x00,0x95,0x00,0x00,0x00,
        0xF2,0x00,0x00,0x00,0x02,0x01,0x00,0x00,0x05,0x01,0x00,0x00,0x07,0x01,0x00,0x00,
        0x03,0x00,0x03,0x00,0x02,0x00,0x00,0x00,0xC2,0x01,0x00,0x00,0x04,0x00,0x0A,0x00,
        0x47,0x4C,0x5F,0x47,0x4F,0x4F,0x47,0x4C,0x45,0x5F,0x63,0x70,0x70,0x5F,0x73,0x74,
        0x79,0x6C,0x65,0x5F,0x6C,0x69,0x6E,0x65,0x5F,0x64,0x69,0x72,0x65,0x63,0x74,0x69,
        0x76,0x65,0x00,0x00,0x04,0x00,0x08,0x00,0x47,0x4C,0x5F,0x47,0x4F,0x4F,0x47,0x4C,
        0x45,0x5F,0x69,0x6E,0x63,0x6C,0x75,0x64,0x65,0x5F,0x64,0x69,0x72,0x65,0x63,0x74,
        0x69,0x76,0x65,0x00,0x05,0x00,0x04,0x00,0x04,0x00,0x00,0x00,0x6D,0x61,0x69,0x6E,
        0x00,0x00,0x00,0x00,0x05,0x00,0x09,0x00,0x0E,0x00,0x00,0x00,0x42,0x6F,0x6E,0x65,
        0x54,0x72,0x61,0x6E,0x73,0x66,0x6F,0x72,0x6D,0x50,0x6F,0x73,0x28,0x75,0x31,0x3B,
        0x76,0x66,0x33,0x3B,0x00,0x00,0x00,0x00,0x05,0x00,0x04,0x00,0x0C,0x00,0x00,0x00,
        0x69,0x6E,0x64,0x65,0x78,0x00,0x00,0x00,0x05,0x00,0x03,0x00,0x0D,0x00,0x00,0x00,
        0x70,0x00,0x00,0x00,0x05,0x00,0x04,0x00,0x10,0x00,0x00,0x00,0x62,0x61,0x73,0x65,
        0x00,0x00,0x00,0x00,0x05,0x00,0x03,0x00,0x16,0x00,0x00,0x00,0x68,0x00,0x00,0x00,
        0x05,0x00,0x06,0x00,0x1E,0x00,0x00,0x00,0x42,0x6F,0x6E,0x65,0x4D,0x61,0x74,0x72,
        0x69,0x63,0x65,0x73,0x00,0x00,0x00,0x00,0x06,0x00,0x06,0x00,0x1E,0x00,0x00,0x00,
        0x00,0x00,0x00,0x00,0x42,0x6F,0x6E,0x65,0x44,0x61,0x74,0x61,0x00,0x00,0x00,0x00,
        0x05,0x00,0x03,0x00,0x20,0x00,0x00,0x00,0x00,0x00,0x00,0x00,0x05,0x00,0x06,0x00,
        0x3D,0x00,0x00,0x00,0x49,0x6E,0x73,0x74,0x61,0x6E,0x63,0x65,0x44,0x61,0x74,0x61,
        0x00,0x00,0x00,0x00,0x06,0x00,0x06,0x00,0x3D,0x00,0x00,0x00,0x00,0x00,0x00,0x00,
        0x6D,0x6F,0x64,0x65,0x6C,0x4D,0x61,0x74,0x72,0x69,0x78,0x00,0x06,0x00,0x06,0x00,
        0x3D,0x00,0x00,0x00,0x01,0x00,0x00,0x00,0x6C,0x69,0x67,0x68,0x74,0x43,0x6F,0x6C,
        0x6F,0x72,0x00,0x00,0x06,0x00,0x06,0x00,0x3D,0x00,0x00,0x00,0x02,0x00,0x00,0x00,
        0x72,0x65,0x6E,0x64,0x65,0x72,0x4D,0x6F,0x64,0x65,0x00,0x00,0x06,0x00,0x07,0x00,
        0x3D,0x00,0x00,0x00,0x03,0x00,0x00,0x00,0x66,0x69,0x6E,0x61,0x6C,0x52,0x65,0x6E,
        0x64,0x65,0x72,0x4D,0x6F,0x64,0x65,0x00,0x06,0x00,0x06,0x00,0x3D,0x00,0x00,0x00,
        0x04,0x00,0x00,0x00,0x73,0x6F,0x75,0x72,0x63,0x65,0x49,0x6E,0x64,0x65,0x78,0x00,
        0x06,0x00,0x06,0x00,0x3D,0x00,0x00,0x00,0x05,0x00,0x00,0x00,0x63,0x68,0x72,0x6F,
        0x6D,0x65,0x4D,0x6F,0x64,0x65,0x00,0x00,0x06,0x00,0x05,0x00,0x3D,0x00,0x00,0x00,
        0x06,0x00,0x00,0x00,0x62,0x6C,0x65,0x6E,0x64,0x55,0x56,0x00,0x06,0x00,0x06,0x00,
        0x3D,0x00,0x00,0x00,0x07,0x00,0x00,0x00,0x6E,0x65,0x77,0x53,0x63,0x61,0x6C,0x65,
        0x00,0x00,0x00,0x00,0x06,0x00,0x05,0x00,0x3D,0x00,0x00,0x00,0x08,0x00,0x00,0x00,
        0x61,0x6C,0x70,0x68,0x61,0x00,0x00,0x00,0x06,0x00,0x06,0x00,0x3D,0x00,0x00,0x00,
        0x09,0x00,0x00,0x00,0x62,0x6F,0x64,0x79,0x53,0x63,0x61,0x6C,0x65,0x00,0x00,0x00,
        0x06,0x00,0x06,0x00,0x3D,0x00,0x00,0x00,0x0A,0x00,0x00,0x00,0x62,0x6F,0x6E,0x65,
        0x53,0x63,0x61,0x6C,0x65,0x00,0x00,0x00,0x06,0x00,0x06,0x00,0x3D,0x00,0x00,0x00,
        0x0B,0x00,0x00,0x00,0x62,0x6F,0x6E,0x65,0x4F,0x66,0x66,0x73,0x65,0x74,0x00,0x00,
        0x06,0x00,0x07,0x00,0x3D,0x00,0x00,0x00,0x0C,0x00,0x00,0x00,0x63,0x75,0x73,0x74,
        0x6F,0x6D,0x49,0x6E,0x74,0x65,0x6E,0x73,0x69,0x74,0x79,0x00,0x06,0x00,0x07,0x00,
        0x3D,0x00,0x00,0x00,0x0D,0x00,0x00,0x00,0x62,0x6F,0x64,0x79,0x4C,0x69,0x67,0x68,
        0x74,0x43,0x6F,0x6C,0x6F,0x72,0x00,0x00,0x06,0x00,0x05,0x00,0x3D,0x00,0x00,0x00,
        0x0E,0x00,0x00,0x00,0x66,0x6C,0x61,0x67,0x73,0x00,0x00,0x00,0x05,0x00,0x04,0x00,
        0x3F,0x00,0x00,0x00,0x69,0x6E,0x73,0x74,0x00,0x00,0x00,0x00,0x05,0x00,0x06,0x00,
        0x40,0x00,0x00,0x00,0x49,0x6E,0x73,0x74,0x61,0x6E,0x63,0x65,0x44,0x61,0x74,0x61,
        0x00,0x00,0x00,0x00,0x06,0x00,0x06,0x00,0x40,0x00,0x00,0x00,0x00,0x00,0x00,0x00,
        0x6D,0x6F,0x64,0x65,0x6C,0x4D,0x61,0x74,0x72,0x69,0x78,0x00,0x06,0x00,0x06,0x00,
        0x40,0x00,0x00,0x00,0x01,0x00,0x00,0x00,0x6C,0x69,0x67,0x68,0x74,0x43,0x6F,0x6C,
        0x6F,0x72,0x00,0x00,0x06,0x00,0x06,0x00,0x40,0x00,0x00,0x00,0x02,0x00,0x00,0x00,
        0x72,0x65,0x6E,0x64,0x65,0x72,0x4D,0x6F,0x64,0x65,0x00,0x00,0x06,0x00,0x07,0x00,
        0x40,0x00,0x00,0x00,0x03,0x00,0x00,0x00,0x66,0x69,0x6E,0x61,0x6C,0x52,0x65,0x6E,
        0x64,0x65,0x72,0x4D,0x6F,0x64,0x65,0x00,0x06,0x00,0x06,0x00,0x40,0x00,0x00,0x00,
        0x04,0x00,0x00,0x00,0x73,0x6F,0x75,0x72,0x63,0x65,0x49,0x6E,0x64,0x65,0x78,0x00,
        0x06,0x00,0x06,0x00,0x40,0x00,0x00,0x00,0x05,0x00,0x00,0x00,0x63,0x68,0x72,0x6F,
        0x6D,0x65,0x4D,0x6F,0x64,0x65,0x00,0x00,0x06,0x00,0x05,0x00,0x40,0x00,0x00,0x00,
        0x06,0x00,0x00,0x00,0x62,0x6C,0x65,0x6E,0x64,0x55,0x56,0x00,0x06,0x00,0x06,0x00,
        0x40,0x00,0x00,0x00,0x07,0x00,0x00,0x00,0x6E,0x65,0x77,0x53,0x63,0x61,0x6C,0x65,
        0x00,0x00,0x00,0x00,0x06,0x00,0x05,0x00,0x40,0x00,0x00,0x00,0x08,0x00,0x00,0x00,
        0x61,0x6C,0x70,0x68,0x61,0x00,0x00,0x00,0x06,0x00,0x06,0x00,0x40,0x00,0x00,0x00,
        0x09,0x00,0x00,0x00,0x62,0x6F,0x64,0x79,0x53,0x63,0x61,0x6C,0x65,0x00,0x00,0x00,
        0x06,0x00,0x06,0x00,0x40,0x00,0x00,0x00,0x0A,0x00,0x00,0x00,0x62,0x6F,0x6E,0x65,
        0x53,0x63,0x61,0x6C,0x65,0x00,0x00,0x00,0x06,0x00,0x06,0x00,0x40,0x00,0x00,0x00,
        0x0B,0x00,0x00,0x00,0x62,0x6F,0x6E,0x65,0x4F,0x66,0x66,0x73,0x65,0x74,0x00,0x00,
        0x06,0x00,0x07,0x00,0x40,0x00,0x00,0x00,0x0C,0x00,0x00,0x00,0x63,0x75,0x73,0x74,
        0x6F,0x6D,0x49,0x6E,0x74,0x65,0x6E,0x73,0x69,0x74,0x79,0x00,0x06,0x00,0x07,0x00,
        0x40,0x00,0x00,0x00,0x0D,0x00,0x00,0x00,0x62,0x6F,0x64,0x79,0x4C,0x69,0x67,0x68,
        0x74,0x43,0x6F,0x6C,0x6F,0x72,0x00,0x00,0x06,0x00,0x05,0x00,0x40,0x00,0x00,0x00,
        0x0E,0x00,0x00,0x00,0x66,0x6C,0x61,0x67,0x73,0x00,0x00,0x00,0x05,0x00,0x06,0x00,
        0x42,0x00,0x00,0x00,0x49,0x6E,0x73,0x74,0x61,0x6E,0x63,0x65,0x42,0x75,0x66,0x66,
        0x65,0x72,0x00,0x00,0x06,0x00,0x06,0x00,0x42,0x00,0x00,0x00,0x00,0x00,0x00,0x00,
        0x69,0x6E,0x73,0x74,0x61,0x6E,0x63,0x65,0x73,0x00,0x00,0x00,0x05,0x00,0x03,0x00,
        0x44,0x00,0x00,0x00,0x00,0x00,0x00,0x00,0x05,0x00,0x06,0x00,0x46,0x00,0x00,0x00,
        0x56,0x65,0x72,0x74,0x55,0x6E,0x69,0x66,0x6F,0x72,0x6D,0x73,0x00,0x00,0x00,0x00,
        0x06,0x00,0x06,0x00,0x46,0x00,0x00,0x00,0x00,0x00,0x00,0x00,0x75,0x56,0x69,0x65,
        0x77,0x4D,0x61,0x74,0x72,0x69,0x78,0x00,0x06,0x00,0x06,0x00,0x46,0x00,0x00,0x00,
        0x01,0x00,0x00,0x00,0x75,0x50,0x72,0x6F,0x6A,0x4D,0x61,0x74,0x72,0x69,0x78,0x00,
        0x06,0x00,0x07,0x00,0x46,0x00,0x00,0x00,0x02,0x00,0x00,0x00,0x75,0x49,0x6E,0x73,
        0x74,0x61,0x6E,0x63,0x65,0x42,0x61,0x73,0x65,0x00,0x00,0x00,0x06,0x00,0x05,0x00,
        0x46,0x00,0x00,0x00,0x03,0x00,0x00,0x00,0x5F,0x70,0x61,0x64,0x30,0x61,0x00,0x00,
        0x06,0x00,0x05,0x00,0x46,0x00,0x00,0x00,0x04,0x00,0x00,0x00,0x5F,0x70,0x61,0x64,
        0x30,0x62,0x00,0x00,0x06,0x00,0x05,0x00,0x46,0x00,0x00,0x00,0x05,0x00,0x00,0x00,
        0x5F,0x70,0x61,0x64,0x30,0x63,0x00,0x00,0x05,0x00,0x03,0x00,0x48,0x00,0x00,0x00,
        0x00,0x00,0x00,0x00,0x05,0x00,0x07,0x00,0x4E,0x00,0x00,0x00,0x67,0x6C,0x5F,0x49,
        0x6E,0x73,0x74,0x61,0x6E,0x63,0x65,0x49,0x6E,0x64,0x65,0x78,0x00,0x00,0x00,0x00,
        0x05,0x00,0x06,0x00,0x83,0x00,0x00,0x00,0x76,0x65,0x72,0x74,0x42,0x6F,0x6E,0x65,
        0x49,0x6E,0x64,0x65,0x78,0x00,0x00,0x00,0x05,0x00,0x07,0x00,0x85,0x00,0x00,0x00,
        0x61,0x42,0x6F,0x6E,0x65,0x49,0x6E,0x64,0x69,0x63,0x65,0x73,0x50,0x61,0x63,0x6B,
        0x65,0x64,0x00,0x00,0x05,0x00,0x05,0x00,0x8F,0x00,0x00,0x00,0x75,0x42,0x6F,0x64,
        0x79,0x4F,0x72,0x69,0x67,0x69,0x6E,0x00,0x05,0x00,0x05,0x00,0x93,0x00,0x00,0x00,
        0x73,0x63,0x61,0x6C,0x65,0x64,0x50,0x6F,0x73,0x00,0x00,0x00,0x05,0x00,0x04,0x00,
        0x95,0x00,0x00,0x00,0x61,0x50,0x6F,0x73,0x00,0x00,0x00,0x00,0x05,0x00,0x04,0x00,
        0xAB,0x00,0x00,0x00,0x70,0x6F,0x73,0x57,0x53,0x00,0x00,0x00,0x05,0x00,0x04,0x00,
        0xB1,0x00,0x00,0x00,0x70,0x61,0x72,0x61,0x6D,0x00,0x00,0x00,0x05,0x00,0x04,0x00,
        0xB2,0x00,0x00,0x00,0x70,0x61,0x72,0x61,0x6D,0x00,0x00,0x00,0x05,0x00,0x05,0x00,
        0xC2,0x00,0x00,0x00,0x75,0x53,0x68,0x61,0x64,0x6F,0x77,0x53,0x78,0x00,0x00,0x00,
        0x05,0x00,0x05,0x00,0xCB,0x00,0x00,0x00,0x75,0x53,0x68,0x61,0x64,0x6F,0x77,0x53,
        0x79,0x00,0x00,0x00,0x05,0x00,0x04,0x00,0xCD,0x00,0x00,0x00,0x6C,0x6F,0x63,0x61,
        0x6C,0x00,0x00,0x00,0x05,0x00,0x04,0x00,0xD1,0x00,0x00,0x00,0x64,0x65,0x6E,0x6F,
        0x6D,0x00,0x00,0x00,0x05,0x00,0x06,0x00,0xEB,0x00,0x00,0x00,0x73,0x68,0x61,0x64,
        0x6F,0x77,0x57,0x6F,0x72,0x6C,0x64,0x50,0x6F,0x73,0x00,0x00,0x05,0x00,0x06,0x00,
        0xF0,0x00,0x00,0x00,0x67,0x6C,0x5F,0x50,0x65,0x72,0x56,0x65,0x72,0x74,0x65,0x78,
        0x00,0x00,0x00,0x00,0x06,0x00,0x06,0x00,0xF0,0x00,0x00,0x00,0x00,0x00,0x00,0x00,
        0x67,0x6C,0x5F,0x50,0x6F,0x73,0x69,0x74,0x69,0x6F,0x6E,0x00,0x06,0x00,0x07,0x00,
        0xF0,0x00,0x00,0x00,0x01,0x00,0x00,0x00,0x67,0x6C,0x5F,0x50,0x6F,0x69,0x6E,0x74,
        0x53,0x69,0x7A,0x65,0x00,0x00,0x00,0x00,0x06,0x00,0x07,0x00,0xF0,0x00,0x00,0x00,
        0x02,0x00,0x00,0x00,0x67,0x6C,0x5F,0x43,0x6C,0x69,0x70,0x44,0x69,0x73,0x74,0x61,
        0x6E,0x63,0x65,0x00,0x06,0x00,0x07,0x00,0xF0,0x00,0x00,0x00,0x03,0x00,0x00,0x00,
        0x67,0x6C,0x5F,0x43,0x75,0x6C,0x6C,0x44,0x69,0x73,0x74,0x61,0x6E,0x63,0x65,0x00,
        0x05,0x00,0x03,0x00,0xF2,0x00,0x00,0x00,0x00,0x00,0x00,0x00,0x05,0x00,0x06,0x00,
        0x02,0x01,0x00,0x00,0x75,0x53,0x68,0x61,0x64,0x6F,0x77,0x41,0x6C,0x70,0x68,0x61,
        0x00,0x00,0x00,0x00,0x05,0x00,0x04,0x00,0x05,0x01,0x00,0x00,0x61,0x4E,0x6F,0x72,
        0x6D,0x61,0x6C,0x00,0x05,0x00,0x05,0x00,0x07,0x01,0x00,0x00,0x61,0x54,0x65,0x78,
        0x43,0x6F,0x6F,0x72,0x64,0x00,0x00,0x00,0x47,0x00,0x04,0x00,0x1D,0x00,0x00,0x00,
        0x06,0x00,0x00,0x00,0x10,0x00,0x00,0x00,0x47,0x00,0x03,0x00,0x1E,0x00,0x00,0x00,
        0x03,0x00,0x00,0x00,0x48,0x00,0x04,0x00,0x1E,0x00,0x00,0x00,0x00,0x00,0x00,0x00,
        0x18,0x00,0x00,0x00,0x48,0x00,0x05,0x00,0x1E,0x00,0x00,0x00,0x00,0x00,0x00,0x00,
        0x23,0x00,0x00,0x00,0x00,0x00,0x00,0x00,0x47,0x00,0x03,0x00,0x20,0x00,0x00,0x00,
        0x18,0x00,0x00,0x00,0x47,0x00,0x04,0x00,0x20,0x00,0x00,0x00,0x21,0x00,0x00,0x00,
        0x01,0x00,0x00,0x00,0x47,0x00,0x04,0x00,0x20,0x00,0x00,0x00,0x22,0x00,0x00,0x00,
        0x00,0x00,0x00,0x00,0x48,0x00,0x05,0x00,0x40,0x00,0x00,0x00,0x00,0x00,0x00,0x00,
        0x23,0x00,0x00,0x00,0x00,0x00,0x00,0x00,0x48,0x00,0x05,0x00,0x40,0x00,0x00,0x00,
        0x01,0x00,0x00,0x00,0x23,0x00,0x00,0x00,0x10,0x00,0x00,0x00,0x48,0x00,0x05,0x00,
        0x40,0x00,0x00,0x00,0x02,0x00,0x00,0x00,0x23,0x00,0x00,0x00,0x20,0x00,0x00,0x00,
        0x48,0x00,0x05,0x00,0x40,0x00,0x00,0x00,0x03,0x00,0x00,0x00,0x23,0x00,0x00,0x00,
        0x24,0x00,0x00,0x00,0x48,0x00,0x05,0x00,0x40,0x00,0x00,0x00,0x04,0x00,0x00,0x00,
        0x23,0x00,0x00,0x00,0x28,0x00,0x00,0x00,0x48,0x00,0x05,0x00,0x40,0x00,0x00,0x00,
        0x05,0x00,0x00,0x00,0x23,0x00,0x00,0x00,0x2C,0x00,0x00,0x00,0x48,0x00,0x05,0x00,
        0x40,0x00,0x00,0x00,0x06,0x00,0x00,0x00,0x23,0x00,0x00,0x00,0x30,0x00,0x00,0x00,
        0x48,0x00,0x05,0x00,0x40,0x00,0x00,0x00,0x07,0x00,0x00,0x00,0x23,0x00,0x00,0x00,
        0x38,0x00,0x00,0x00,0x48,0x00,0x05,0x00,0x40,0x00,0x00,0x00,0x08,0x00,0x00,0x00,
        0x23,0x00,0x00,0x00,0x3C,0x00,0x00,0x00,0x48,0x00,0x05,0x00,0x40,0x00,0x00,0x00,
        0x09,0x00,0x00,0x00,0x23,0x00,0x00,0x00,0x40,0x00,0x00,0x00,0x48,0x00,0x05,0x00,
        0x40,0x00,0x00,0x00,0x0A,0x00,0x00,0x00,0x23,0x00,0x00,0x00,0x44,0x00,0x00,0x00,
        0x48,0x00,0x05,0x00,0x40,0x00,0x00,0x00,0x0B,0x00,0x00,0x00,0x23,0x00,0x00,0x00,
        0x48,0x00,0x00,0x00,0x48,0x00,0x05,0x00,0x40,0x00,0x00,0x00,0x0C,0x00,0x00,0x00,
        0x23,0x00,0x00,0x00,0x4C,0x00,0x00,0x00,0x48,0x00,0x05,0x00,0x40,0x00,0x00,0x00,
        0x0D,0x00,0x00,0x00,0x23,0x00,0x00,0x00,0x50,0x00,0x00,0x00,0x48,0x00,0x05,0x00,
        0x40,0x00,0x00,0x00,0x0E,0x00,0x00,0x00,0x23,0x00,0x00,0x00,0x5C,0x00,0x00,0x00,
        0x47,0x00,0x04,0x00,0x41,0x00,0x00,0x00,0x06,0x00,0x00,0x00,0x60,0x00,0x00,0x00,
        0x47,0x00,0x03,0x00,0x42,0x00,0x00,0x00,0x03,0x00,0x00,0x00,0x48,0x00,0x04,0x00,
        0x42,0x00,0x00,0x00,0x00,0x00,0x00,0x00,0x18,0x00,0x00,0x00,0x48,0x00,0x05,0x00,
        0x42,0x00,0x00,0x00,0x00,0x00,0x00,0x00,0x23,0x00,0x00,0x00,0x00,0x00,0x00,0x00,
        0x47,0x00,0x03,0x00,0x44,0x00,0x00,0x00,0x18,0x00,0x00,0x00,0x47,0x00,0x04,0x00,
        0x44,0x00,0x00,0x00,0x21,0x00,0x00,0x00,0x00,0x00,0x00,0x00,0x47,0x00,0x04,0x00,
        0x44,0x00,0x00,0x00,0x22,0x00,0x00,0x00,0x00,0x00,0x00,0x00,0x47,0x00,0x03,0x00,
        0x46,0x00,0x00,0x00,0x02,0x00,0x00,0x00,0x48,0x00,0x04,0x00,0x46,0x00,0x00,0x00,
        0x00,0x00,0x00,0x00,0x05,0x00,0x00,0x00,0x48,0x00,0x05,0x00,0x46,0x00,0x00,0x00,
        0x00,0x00,0x00,0x00,0x07,0x00,0x00,0x00,0x10,0x00,0x00,0x00,0x48,0x00,0x05,0x00,
        0x46,0x00,0x00,0x00,0x00,0x00,0x00,0x00,0x23,0x00,0x00,0x00,0x00,0x00,0x00,0x00,
        0x48,0x00,0x04,0x00,0x46,0x00,0x00,0x00,0x01,0x00,0x00,0x00,0x05,0x00,0x00,0x00,
        0x48,0x00,0x05,0x00,0x46,0x00,0x00,0x00,0x01,0x00,0x00,0x00,0x07,0x00,0x00,0x00,
        0x10,0x00,0x00,0x00,0x48,0x00,0x05,0x00,0x46,0x00,0x00,0x00,0x01,0x00,0x00,0x00,
        0x23,0x00,0x00,0x00,0x40,0x00,0x00,0x00,0x48,0x00,0x05,0x00,0x46,0x00,0x00,0x00,
        0x02,0x00,0x00,0x00,0x23,0x00,0x00,0x00,0x80,0x00,0x00,0x00,0x48,0x00,0x05,0x00,
        0x46,0x00,0x00,0x00,0x03,0x00,0x00,0x00,0x23,0x00,0x00,0x00,0x84,0x00,0x00,0x00,
        0x48,0x00,0x05,0x00,0x46,0x00,0x00,0x00,0x04,0x00,0x00,0x00,0x23,0x00,0x00,0x00,
        0x88,0x00,0x00,0x00,0x48,0x00,0x05,0x00,0x46,0x00,0x00,0x00,0x05,0x00,0x00,0x00,
        0x23,0x00,0x00,0x00,0x8C,0x00,0x00,0x00,0x47,0x00,0x04,0x00,0x48,0x00,0x00,0x00,
        0x21,0x00,0x00,0x00,0x00,0x00,0x00,0x00,0x47,0x00,0x04,0x00,0x48,0x00,0x00,0x00,
        0x22,0x00,0x00,0x00,0x01,0x00,0x00,0x00,0x47,0x00,0x04,0x00,0x4E,0x00,0x00,0x00,
        0x0B,0x00,0x00,0x00,0x2B,0x00,0x00,0x00,0x47,0x00,0x04,0x00,0x85,0x00,0x00,0x00,
        0x1E,0x00,0x00,0x00,0x03,0x00,0x00,0x00,0x47,0x00,0x04,0x00,0x95,0x00,0x00,0x00,
        0x1E,0x00,0x00,0x00,0x00,0x00,0x00,0x00,0x47,0x00,0x03,0x00,0xF0,0x00,0x00,0x00,
        0x02,0x00,0x00,0x00,0x48,0x00,0x05,0x00,0xF0,0x00,0x00,0x00,0x00,0x00,0x00,0x00,
        0x0B,0x00,0x00,0x00,0x00,0x00,0x00,0x00,0x48,0x00,0x05,0x00,0xF0,0x00,0x00,0x00,
        0x01,0x00,0x00,0x00,0x0B,0x00,0x00,0x00,0x01,0x00,0x00,0x00,0x48,0x00,0x05,0x00,
        0xF0,0x00,0x00,0x00,0x02,0x00,0x00,0x00,0x0B,0x00,0x00,0x00,0x03,0x00,0x00,0x00,
        0x48,0x00,0x05,0x00,0xF0,0x00,0x00,0x00,0x03,0x00,0x00,0x00,0x0B,0x00,0x00,0x00,
        0x04,0x00,0x00,0x00,0x47,0x00,0x04,0x00,0x02,0x01,0x00,0x00,0x1E,0x00,0x00,0x00,
        0x00,0x00,0x00,0x00,0x47,0x00,0x04,0x00,0x05,0x01,0x00,0x00,0x1E,0x00,0x00,0x00,
        0x01,0x00,0x00,0x00,0x47,0x00,0x04,0x00,0x07,0x01,0x00,0x00,0x1E,0x00,0x00,0x00,
        0x02,0x00,0x00,0x00,0x13,0x00,0x02,0x00,0x02,0x00,0x00,0x00,0x21,0x00,0x03,0x00,
        0x03,0x00,0x00,0x00,0x02,0x00,0x00,0x00,0x15,0x00,0x04,0x00,0x06,0x00,0x00,0x00,
        0x20,0x00,0x00,0x00,0x00,0x00,0x00,0x00,0x20,0x00,0x04,0x00,0x07,0x00,0x00,0x00,
        0x07,0x00,0x00,0x00,0x06,0x00,0x00,0x00,0x16,0x00,0x03,0x00,0x08,0x00,0x00,0x00,
        0x20,0x00,0x00,0x00,0x17,0x00,0x04,0x00,0x09,0x00,0x00,0x00,0x08,0x00,0x00,0x00,
        0x03,0x00,0x00,0x00,0x20,0x00,0x04,0x00,0x0A,0x00,0x00,0x00,0x07,0x00,0x00,0x00,
        0x09,0x00,0x00,0x00,0x21,0x00,0x05,0x00,0x0B,0x00,0x00,0x00,0x09,0x00,0x00,0x00,
        0x07,0x00,0x00,0x00,0x0A,0x00,0x00,0x00,0x2B,0x00,0x04,0x00,0x06,0x00,0x00,0x00,
        0x12,0x00,0x00,0x00,0x03,0x00,0x00,0x00,0x17,0x00,0x04,0x00,0x14,0x00,0x00,0x00,
        0x08,0x00,0x00,0x00,0x04,0x00,0x00,0x00,0x20,0x00,0x04,0x00,0x15,0x00,0x00,0x00,
        0x07,0x00,0x00,0x00,0x14,0x00,0x00,0x00,0x2B,0x00,0x04,0x00,0x08,0x00,0x00,0x00,
        0x18,0x00,0x00,0x00,0x00,0x00,0x80,0x3F,0x1D,0x00,0x03,0x00,0x1D,0x00,0x00,0x00,
        0x14,0x00,0x00,0x00,0x1E,0x00,0x03,0x00,0x1E,0x00,0x00,0x00,0x1D,0x00,0x00,0x00,
        0x20,0x00,0x04,0x00,0x1F,0x00,0x00,0x00,0x02,0x00,0x00,0x00,0x1E,0x00,0x00,0x00,
        0x3B,0x00,0x04,0x00,0x1F,0x00,0x00,0x00,0x20,0x00,0x00,0x00,0x02,0x00,0x00,0x00,
        0x15,0x00,0x04,0x00,0x21,0x00,0x00,0x00,0x20,0x00,0x00,0x00,0x01,0x00,0x00,0x00,
        0x2B,0x00,0x04,0x00,0x21,0x00,0x00,0x00,0x22,0x00,0x00,0x00,0x00,0x00,0x00,0x00,
        0x2B,0x00,0x04,0x00,0x06,0x00,0x00,0x00,0x24,0x00,0x00,0x00,0x00,0x00,0x00,0x00,
        0x20,0x00,0x04,0x00,0x26,0x00,0x00,0x00,0x02,0x00,0x00,0x00,0x14,0x00,0x00,0x00,
        0x2B,0x00,0x04,0x00,0x06,0x00,0x00,0x00,0x2C,0x00,0x00,0x00,0x01,0x00,0x00,0x00,
        0x2B,0x00,0x04,0x00,0x06,0x00,0x00,0x00,0x33,0x00,0x00,0x00,0x02,0x00,0x00,0x00,
        0x17,0x00,0x04,0x00,0x3C,0x00,0x00,0x00,0x08,0x00,0x00,0x00,0x02,0x00,0x00,0x00,
        0x1E,0x00,0x11,0x00,0x3D,0x00,0x00,0x00,0x14,0x00,0x00,0x00,0x14,0x00,0x00,0x00,
        0x21,0x00,0x00,0x00,0x21,0x00,0x00,0x00,0x21,0x00,0x00,0x00,0x21,0x00,0x00,0x00,
        0x3C,0x00,0x00,0x00,0x08,0x00,0x00,0x00,0x08,0x00,0x00,0x00,0x08,0x00,0x00,0x00,
        0x08,0x00,0x00,0x00,0x21,0x00,0x00,0x00,0x08,0x00,0x00,0x00,0x09,0x00,0x00,0x00,
        0x06,0x00,0x00,0x00,0x20,0x00,0x04,0x00,0x3E,0x00,0x00,0x00,0x07,0x00,0x00,0x00,
        0x3D,0x00,0x00,0x00,0x1E,0x00,0x11,0x00,0x40,0x00,0x00,0x00,0x14,0x00,0x00,0x00,
        0x14,0x00,0x00,0x00,0x21,0x00,0x00,0x00,0x21,0x00,0x00,0x00,0x21,0x00,0x00,0x00,
        0x21,0x00,0x00,0x00,0x3C,0x00,0x00,0x00,0x08,0x00,0x00,0x00,0x08,0x00,0x00,0x00,
        0x08,0x00,0x00,0x00,0x08,0x00,0x00,0x00,0x21,0x00,0x00,0x00,0x08,0x00,0x00,0x00,
        0x09,0x00,0x00,0x00,0x06,0x00,0x00,0x00,0x1D,0x00,0x03,0x00,0x41,0x00,0x00,0x00,
        0x40,0x00,0x00,0x00,0x1E,0x00,0x03,0x00,0x42,0x00,0x00,0x00,0x41,0x00,0x00,0x00,
        0x20,0x00,0x04,0x00,0x43,0x00,0x00,0x00,0x02,0x00,0x00,0x00,0x42,0x00,0x00,0x00,
        0x3B,0x00,0x04,0x00,0x43,0x00,0x00,0x00,0x44,0x00,0x00,0x00,0x02,0x00,0x00,0x00,
        0x18,0x00,0x04,0x00,0x45,0x00,0x00,0x00,0x14,0x00,0x00,0x00,0x04,0x00,0x00,0x00,
        0x1E,0x00,0x08,0x00,0x46,0x00,0x00,0x00,0x45,0x00,0x00,0x00,0x45,0x00,0x00,0x00,
        0x06,0x00,0x00,0x00,0x08,0x00,0x00,0x00,0x08,0x00,0x00,0x00,0x08,0x00,0x00,0x00,
        0x20,0x00,0x04,0x00,0x47,0x00,0x00,0x00,0x02,0x00,0x00,0x00,0x46,0x00,0x00,0x00,
        0x3B,0x00,0x04,0x00,0x47,0x00,0x00,0x00,0x48,0x00,0x00,0x00,0x02,0x00,0x00,0x00,
        0x2B,0x00,0x04,0x00,0x21,0x00,0x00,0x00,0x49,0x00,0x00,0x00,0x02,0x00,0x00,0x00,
        0x20,0x00,0x04,0x00,0x4A,0x00,0x00,0x00,0x02,0x00,0x00,0x00,0x06,0x00,0x00,0x00,
        0x20,0x00,0x04,0x00,0x4D,0x00,0x00,0x00,0x01,0x00,0x00,0x00,0x21,0x00,0x00,0x00,
        0x3B,0x00,0x04,0x00,0x4D,0x00,0x00,0x00,0x4E,0x00,0x00,0x00,0x01,0x00,0x00,0x00,
        0x20,0x00,0x04,0x00,0x52,0x00,0x00,0x00,0x02,0x00,0x00,0x00,0x40,0x00,0x00,0x00,
        0x2B,0x00,0x04,0x00,0x21,0x00,0x00,0x00,0x58,0x00,0x00,0x00,0x01,0x00,0x00,0x00,
        0x20,0x00,0x04,0x00,0x5B,0x00,0x00,0x00,0x07,0x00,0x00,0x00,0x21,0x00,0x00,0x00,
        0x2B,0x00,0x04,0x00,0x21,0x00,0x00,0x00,0x5E,0x00,0x00,0x00,0x03,0x00,0x00,0x00,
        0x2B,0x00,0x04,0x00,0x21,0x00,0x00,0x00,0x61,0x00,0x00,0x00,0x04,0x00,0x00,0x00,
        0x2B,0x00,0x04,0x00,0x21,0x00,0x00,0x00,0x64,0x00,0x00,0x00,0x05,0x00,0x00,0x00,
        0x2B,0x00,0x04,0x00,0x21,0x00,0x00,0x00,0x67,0x00,0x00,0x00,0x06,0x00,0x00,0x00,
        0x20,0x00,0x04,0x00,0x68,0x00,0x00,0x00,0x07,0x00,0x00,0x00,0x3C,0x00,0x00,0x00,
        0x2B,0x00,0x04,0x00,0x21,0x00,0x00,0x00,0x6B,0x00,0x00,0x00,0x07,0x00,0x00,0x00,
        0x20,0x00,0x04,0x00,0x6C,0x00,0x00,0x00,0x07,0x00,0x00,0x00,0x08,0x00,0x00,0x00,
        0x2B,0x00,0x04,0x00,0x21,0x00,0x00,0x00,0x6F,0x00,0x00,0x00,0x08,0x00,0x00,0x00,
        0x2B,0x00,0x04,0x00,0x21,0x00,0x00,0x00,0x72,0x00,0x00,0x00,0x09,0x00,0x00,0x00,
        0x2B,0x00,0x04,0x00,0x21,0x00,0x00,0x00,0x75,0x00,0x00,0x00,0x0A,0x00,0x00,0x00,
        0x2B,0x00,0x04,0x00,0x21,0x00,0x00,0x00,0x78,0x00,0x00,0x00,0x0B,0x00,0x00,0x00,
        0x2B,0x00,0x04,0x00,0x21,0x00,0x00,0x00,0x7B,0x00,0x00,0x00,0x0C,0x00,0x00,0x00,
        0x2B,0x00,0x04,0x00,0x21,0x00,0x00,0x00,0x7E,0x00,0x00,0x00,0x0D,0x00,0x00,0x00,
        0x2B,0x00,0x04,0x00,0x21,0x00,0x00,0x00,0x81,0x00,0x00,0x00,0x0E,0x00,0x00,0x00,
        0x20,0x00,0x04,0x00,0x84,0x00,0x00,0x00,0x01,0x00,0x00,0x00,0x06,0x00,0x00,0x00,
        0x3B,0x00,0x04,0x00,0x84,0x00,0x00,0x00,0x85,0x00,0x00,0x00,0x01,0x00,0x00,0x00,
        0x2B,0x00,0x04,0x00,0x06,0x00,0x00,0x00,0x87,0x00,0x00,0x00,0xFF,0xFF,0x00,0x00,
        0x2B,0x00,0x04,0x00,0x06,0x00,0x00,0x00,0x8A,0x00,0x00,0x00,0xC8,0x00,0x00,0x00,
        0x14,0x00,0x02,0x00,0x8B,0x00,0x00,0x00,0x20,0x00,0x04,0x00,0x94,0x00,0x00,0x00,
        0x01,0x00,0x00,0x00,0x09,0x00,0x00,0x00,0x3B,0x00,0x04,0x00,0x94,0x00,0x00,0x00,
        0x95,0x00,0x00,0x00,0x01,0x00,0x00,0x00,0x2B,0x00,0x04,0x00,0x08,0x00,0x00,0x00,
        0x99,0x00,0x00,0x00,0x00,0x00,0x00,0x00,0x2B,0x00,0x04,0x00,0x06,0x00,0x00,0x00,
        0xB7,0x00,0x00,0x00,0x80,0x00,0x00,0x00,0x2B,0x00,0x04,0x00,0x06,0x00,0x00,0x00,
        0xC5,0x00,0x00,0x00,0x40,0x00,0x00,0x00,0x2B,0x00,0x04,0x00,0x08,0x00,0x00,0x00,
        0xC8,0x00,0x00,0x00,0x00,0x40,0x1C,0x45,0x2B,0x00,0x04,0x00,0x08,0x00,0x00,0x00,
        0xC9,0x00,0x00,0x00,0x00,0x00,0xFA,0x44,0x2B,0x00,0x04,0x00,0x08,0x00,0x00,0x00,
        0xCC,0x00,0x00,0x00,0x00,0x00,0x7A,0x45,0x2B,0x00,0x04,0x00,0x08,0x00,0x00,0x00,
        0xD8,0x00,0x00,0x00,0x6F,0x12,0x83,0x3A,0x2B,0x00,0x04,0x00,0x08,0x00,0x00,0x00,
        0xE9,0x00,0x00,0x00,0x00,0x00,0xA0,0x40,0x1C,0x00,0x04,0x00,0xEF,0x00,0x00,0x00,
        0x08,0x00,0x00,0x00,0x2C,0x00,0x00,0x00,0x1E,0x00,0x06,0x00,0xF0,0x00,0x00,0x00,
        0x14,0x00,0x00,0x00,0x08,0x00,0x00,0x00,0xEF,0x00,0x00,0x00,0xEF,0x00,0x00,0x00,
        0x20,0x00,0x04,0x00,0xF1,0x00,0x00,0x00,0x03,0x00,0x00,0x00,0xF0,0x00,0x00,0x00,
        0x3B,0x00,0x04,0x00,0xF1,0x00,0x00,0x00,0xF2,0x00,0x00,0x00,0x03,0x00,0x00,0x00,
        0x20,0x00,0x04,0x00,0xF3,0x00,0x00,0x00,0x02,0x00,0x00,0x00,0x45,0x00,0x00,0x00,
        0x20,0x00,0x04,0x00,0xFF,0x00,0x00,0x00,0x03,0x00,0x00,0x00,0x14,0x00,0x00,0x00,
        0x20,0x00,0x04,0x00,0x01,0x01,0x00,0x00,0x03,0x00,0x00,0x00,0x08,0x00,0x00,0x00,
        0x3B,0x00,0x04,0x00,0x01,0x01,0x00,0x00,0x02,0x01,0x00,0x00,0x03,0x00,0x00,0x00,
        0x3B,0x00,0x04,0x00,0x94,0x00,0x00,0x00,0x05,0x01,0x00,0x00,0x01,0x00,0x00,0x00,
        0x20,0x00,0x04,0x00,0x06,0x01,0x00,0x00,0x01,0x00,0x00,0x00,0x3C,0x00,0x00,0x00,
        0x3B,0x00,0x04,0x00,0x06,0x01,0x00,0x00,0x07,0x01,0x00,0x00,0x01,0x00,0x00,0x00,
        0x36,0x00,0x05,0x00,0x02,0x00,0x00,0x00,0x04,0x00,0x00,0x00,0x00,0x00,0x00,0x00,
        0x03,0x00,0x00,0x00,0xF8,0x00,0x02,0x00,0x05,0x00,0x00,0x00,0x3B,0x00,0x04,0x00,
        0x3E,0x00,0x00,0x00,0x3F,0x00,0x00,0x00,0x07,0x00,0x00,0x00,0x3B,0x00,0x04,0x00,
        0x07,0x00,0x00,0x00,0x83,0x00,0x00,0x00,0x07,0x00,0x00,0x00,0x3B,0x00,0x04,0x00,
        0x0A,0x00,0x00,0x00,0x8F,0x00,0x00,0x00,0x07,0x00,0x00,0x00,0x3B,0x00,0x04,0x00,
        0x0A,0x00,0x00,0x00,0x93,0x00,0x00,0x00,0x07,0x00,0x00,0x00,0x3B,0x00,0x04,0x00,
        0x0A,0x00,0x00,0x00,0xAB,0x00,0x00,0x00,0x07,0x00,0x00,0x00,0x3B,0x00,0x04,0x00,
        0x07,0x00,0x00,0x00,0xB1,0x00,0x00,0x00,0x07,0x00,0x00,0x00,0x3B,0x00,0x04,0x00,
        0x0A,0x00,0x00,0x00,0xB2,0x00,0x00,0x00,0x07,0x00,0x00,0x00,0x3B,0x00,0x04,0x00,
        0x6C,0x00,0x00,0x00,0xC2,0x00,0x00,0x00,0x07,0x00,0x00,0x00,0x3B,0x00,0x04,0x00,
        0x6C,0x00,0x00,0x00,0xCB,0x00,0x00,0x00,0x07,0x00,0x00,0x00,0x3B,0x00,0x04,0x00,
        0x0A,0x00,0x00,0x00,0xCD,0x00,0x00,0x00,0x07,0x00,0x00,0x00,0x3B,0x00,0x04,0x00,
        0x6C,0x00,0x00,0x00,0xD1,0x00,0x00,0x00,0x07,0x00,0x00,0x00,0x3B,0x00,0x04,0x00,
        0x0A,0x00,0x00,0x00,0xEB,0x00,0x00,0x00,0x07,0x00,0x00,0x00,0x41,0x00,0x05,0x00,
        0x4A,0x00,0x00,0x00,0x4B,0x00,0x00,0x00,0x48,0x00,0x00,0x00,0x49,0x00,0x00,0x00,
        0x3D,0x00,0x04,0x00,0x06,0x00,0x00,0x00,0x4C,0x00,0x00,0x00,0x4B,0x00,0x00,0x00,
        0x3D,0x00,0x04,0x00,0x21,0x00,0x00,0x00,0x4F,0x00,0x00,0x00,0x4E,0x00,0x00,0x00,
        0x7C,0x00,0x04,0x00,0x06,0x00,0x00,0x00,0x50,0x00,0x00,0x00,0x4F,0x00,0x00,0x00,
        0x80,0x00,0x05,0x00,0x06,0x00,0x00,0x00,0x51,0x00,0x00,0x00,0x4C,0x00,0x00,0x00,
        0x50,0x00,0x00,0x00,0x41,0x00,0x06,0x00,0x52,0x00,0x00,0x00,0x53,0x00,0x00,0x00,
        0x44,0x00,0x00,0x00,0x22,0x00,0x00,0x00,0x51,0x00,0x00,0x00,0x3D,0x00,0x04,0x00,
        0x40,0x00,0x00,0x00,0x54,0x00,0x00,0x00,0x53,0x00,0x00,0x00,0x51,0x00,0x05,0x00,
        0x14,0x00,0x00,0x00,0x55,0x00,0x00,0x00,0x54,0x00,0x00,0x00,0x00,0x00,0x00,0x00,
        0x41,0x00,0x05,0x00,0x15,0x00,0x00,0x00,0x56,0x00,0x00,0x00,0x3F,0x00,0x00,0x00,
        0x22,0x00,0x00,0x00,0x3E,0x00,0x03,0x00,0x56,0x00,0x00,0x00,0x55,0x00,0x00,0x00,
        0x51,0x00,0x05,0x00,0x14,0x00,0x00,0x00,0x57,0x00,0x00,0x00,0x54,0x00,0x00,0x00,
        0x01,0x00,0x00,0x00,0x41,0x00,0x05,0x00,0x15,0x00,0x00,0x00,0x59,0x00,0x00,0x00,
        0x3F,0x00,0x00,0x00,0x58,0x00,0x00,0x00,0x3E,0x00,0x03,0x00,0x59,0x00,0x00,0x00,
        0x57,0x00,0x00,0x00,0x51,0x00,0x05,0x00,0x21,0x00,0x00,0x00,0x5A,0x00,0x00,0x00,
        0x54,0x00,0x00,0x00,0x02,0x00,0x00,0x00,0x41,0x00,0x05,0x00,0x5B,0x00,0x00,0x00,
        0x5C,0x00,0x00,0x00,0x3F,0x00,0x00,0x00,0x49,0x00,0x00,0x00,0x3E,0x00,0x03,0x00,
        0x5C,0x00,0x00,0x00,0x5A,0x00,0x00,0x00,0x51,0x00,0x05,0x00,0x21,0x00,0x00,0x00,
        0x5D,0x00,0x00,0x00,0x54,0x00,0x00,0x00,0x03,0x00,0x00,0x00,0x41,0x00,0x05,0x00,
        0x5B,0x00,0x00,0x00,0x5F,0x00,0x00,0x00,0x3F,0x00,0x00,0x00,0x5E,0x00,0x00,0x00,
        0x3E,0x00,0x03,0x00,0x5F,0x00,0x00,0x00,0x5D,0x00,0x00,0x00,0x51,0x00,0x05,0x00,
        0x21,0x00,0x00,0x00,0x60,0x00,0x00,0x00,0x54,0x00,0x00,0x00,0x04,0x00,0x00,0x00,
        0x41,0x00,0x05,0x00,0x5B,0x00,0x00,0x00,0x62,0x00,0x00,0x00,0x3F,0x00,0x00,0x00,
        0x61,0x00,0x00,0x00,0x3E,0x00,0x03,0x00,0x62,0x00,0x00,0x00,0x60,0x00,0x00,0x00,
        0x51,0x00,0x05,0x00,0x21,0x00,0x00,0x00,0x63,0x00,0x00,0x00,0x54,0x00,0x00,0x00,
        0x05,0x00,0x00,0x00,0x41,0x00,0x05,0x00,0x5B,0x00,0x00,0x00,0x65,0x00,0x00,0x00,
        0x3F,0x00,0x00,0x00,0x64,0x00,0x00,0x00,0x3E,0x00,0x03,0x00,0x65,0x00,0x00,0x00,
        0x63,0x00,0x00,0x00,0x51,0x00,0x05,0x00,0x3C,0x00,0x00,0x00,0x66,0x00,0x00,0x00,
        0x54,0x00,0x00,0x00,0x06,0x00,0x00,0x00,0x41,0x00,0x05,0x00,0x68,0x00,0x00,0x00,
        0x69,0x00,0x00,0x00,0x3F,0x00,0x00,0x00,0x67,0x00,0x00,0x00,0x3E,0x00,0x03,0x00,
        0x69,0x00,0x00,0x00,0x66,0x00,0x00,0x00,0x51,0x00,0x05,0x00,0x08,0x00,0x00,0x00,
        0x6A,0x00,0x00,0x00,0x54,0x00,0x00,0x00,0x07,0x00,0x00,0x00,0x41,0x00,0x05,0x00,
        0x6C,0x00,0x00,0x00,0x6D,0x00,0x00,0x00,0x3F,0x00,0x00,0x00,0x6B,0x00,0x00,0x00,
        0x3E,0x00,0x03,0x00,0x6D,0x00,0x00,0x00,0x6A,0x00,0x00,0x00,0x51,0x00,0x05,0x00,
        0x08,0x00,0x00,0x00,0x6E,0x00,0x00,0x00,0x54,0x00,0x00,0x00,0x08,0x00,0x00,0x00,
        0x41,0x00,0x05,0x00,0x6C,0x00,0x00,0x00,0x70,0x00,0x00,0x00,0x3F,0x00,0x00,0x00,
        0x6F,0x00,0x00,0x00,0x3E,0x00,0x03,0x00,0x70,0x00,0x00,0x00,0x6E,0x00,0x00,0x00,
        0x51,0x00,0x05,0x00,0x08,0x00,0x00,0x00,0x71,0x00,0x00,0x00,0x54,0x00,0x00,0x00,
        0x09,0x00,0x00,0x00,0x41,0x00,0x05,0x00,0x6C,0x00,0x00,0x00,0x73,0x00,0x00,0x00,
        0x3F,0x00,0x00,0x00,0x72,0x00,0x00,0x00,0x3E,0x00,0x03,0x00,0x73,0x00,0x00,0x00,
        0x71,0x00,0x00,0x00,0x51,0x00,0x05,0x00,0x08,0x00,0x00,0x00,0x74,0x00,0x00,0x00,
        0x54,0x00,0x00,0x00,0x0A,0x00,0x00,0x00,0x41,0x00,0x05,0x00,0x6C,0x00,0x00,0x00,
        0x76,0x00,0x00,0x00,0x3F,0x00,0x00,0x00,0x75,0x00,0x00,0x00,0x3E,0x00,0x03,0x00,
        0x76,0x00,0x00,0x00,0x74,0x00,0x00,0x00,0x51,0x00,0x05,0x00,0x21,0x00,0x00,0x00,
        0x77,0x00,0x00,0x00,0x54,0x00,0x00,0x00,0x0B,0x00,0x00,0x00,0x41,0x00,0x05,0x00,
        0x5B,0x00,0x00,0x00,0x79,0x00,0x00,0x00,0x3F,0x00,0x00,0x00,0x78,0x00,0x00,0x00,
        0x3E,0x00,0x03,0x00,0x79,0x00,0x00,0x00,0x77,0x00,0x00,0x00,0x51,0x00,0x05,0x00,
        0x08,0x00,0x00,0x00,0x7A,0x00,0x00,0x00,0x54,0x00,0x00,0x00,0x0C,0x00,0x00,0x00,
        0x41,0x00,0x05,0x00,0x6C,0x00,0x00,0x00,0x7C,0x00,0x00,0x00,0x3F,0x00,0x00,0x00,
        0x7B,0x00,0x00,0x00,0x3E,0x00,0x03,0x00,0x7C,0x00,0x00,0x00,0x7A,0x00,0x00,0x00,
        0x51,0x00,0x05,0x00,0x09,0x00,0x00,0x00,0x7D,0x00,0x00,0x00,0x54,0x00,0x00,0x00,
        0x0D,0x00,0x00,0x00,0x41,0x00,0x05,0x00,0x0A,0x00,0x00,0x00,0x7F,0x00,0x00,0x00,
        0x3F,0x00,0x00,0x00,0x7E,0x00,0x00,0x00,0x3E,0x00,0x03,0x00,0x7F,0x00,0x00,0x00,
        0x7D,0x00,0x00,0x00,0x51,0x00,0x05,0x00,0x06,0x00,0x00,0x00,0x80,0x00,0x00,0x00,
        0x54,0x00,0x00,0x00,0x0E,0x00,0x00,0x00,0x41,0x00,0x05,0x00,0x07,0x00,0x00,0x00,
        0x82,0x00,0x00,0x00,0x3F,0x00,0x00,0x00,0x81,0x00,0x00,0x00,0x3E,0x00,0x03,0x00,
        0x82,0x00,0x00,0x00,0x80,0x00,0x00,0x00,0x3D,0x00,0x04,0x00,0x06,0x00,0x00,0x00,
        0x86,0x00,0x00,0x00,0x85,0x00,0x00,0x00,0xC7,0x00,0x05,0x00,0x06,0x00,0x00,0x00,
        0x88,0x00,0x00,0x00,0x86,0x00,0x00,0x00,0x87,0x00,0x00,0x00,0x3E,0x00,0x03,0x00,
        0x83,0x00,0x00,0x00,0x88,0x00,0x00,0x00,0x3D,0x00,0x04,0x00,0x06,0x00,0x00,0x00,
        0x89,0x00,0x00,0x00,0x83,0x00,0x00,0x00,0xB0,0x00,0x05,0x00,0x8B,0x00,0x00,0x00,
        0x8C,0x00,0x00,0x00,0x89,0x00,0x00,0x00,0x8A,0x00,0x00,0x00,0x3D,0x00,0x04,0x00,
        0x06,0x00,0x00,0x00,0x8D,0x00,0x00,0x00,0x83,0x00,0x00,0x00,0xA9,0x00,0x06,0x00,
        0x06,0x00,0x00,0x00,0x8E,0x00,0x00,0x00,0x8C,0x00,0x00,0x00,0x8D,0x00,0x00,0x00,
        0x24,0x00,0x00,0x00,0x3E,0x00,0x03,0x00,0x83,0x00,0x00,0x00,0x8E,0x00,0x00,0x00,
        0x41,0x00,0x05,0x00,0x15,0x00,0x00,0x00,0x90,0x00,0x00,0x00,0x3F,0x00,0x00,0x00,
        0x22,0x00,0x00,0x00,0x3D,0x00,0x04,0x00,0x14,0x00,0x00,0x00,0x91,0x00,0x00,0x00,
        0x90,0x00,0x00,0x00,0x4F,0x00,0x08,0x00,0x09,0x00,0x00,0x00,0x92,0x00,0x00,0x00,
        0x91,0x00,0x00,0x00,0x91,0x00,0x00,0x00,0x00,0x00,0x00,0x00,0x01,0x00,0x00,0x00,
        0x02,0x00,0x00,0x00,0x3E,0x00,0x03,0x00,0x8F,0x00,0x00,0x00,0x92,0x00,0x00,0x00,
        0x3D,0x00,0x04,0x00,0x09,0x00,0x00,0x00,0x96,0x00,0x00,0x00,0x95,0x00,0x00,0x00,
        0x3E,0x00,0x03,0x00,0x93,0x00,0x00,0x00,0x96,0x00,0x00,0x00,0x41,0x00,0x05,0x00,
        0x6C,0x00,0x00,0x00,0x97,0x00,0x00,0x00,0x3F,0x00,0x00,0x00,0x6B,0x00,0x00,0x00,
        0x3D,0x00,0x04,0x00,0x08,0x00,0x00,0x00,0x98,0x00,0x00,0x00,0x97,0x00,0x00,0x00,
        0xBA,0x00,0x05,0x00,0x8B,0x00,0x00,0x00,0x9A,0x00,0x00,0x00,0x98,0x00,0x00,0x00,
        0x99,0x00,0x00,0x00,0xF7,0x00,0x03,0x00,0x9C,0x00,0x00,0x00,0x00,0x00,0x00,0x00,
        0xFA,0x00,0x04,0x00,0x9A,0x00,0x00,0x00,0x9B,0x00,0x00,0x00,0xA1,0x00,0x00,0x00,
        0xF8,0x00,0x02,0x00,0x9B,0x00,0x00,0x00,0x41,0x00,0x05,0x00,0x6C,0x00,0x00,0x00,
        0x9D,0x00,0x00,0x00,0x3F,0x00,0x00,0x00,0x6B,0x00,0x00,0x00,0x3D,0x00,0x04,0x00,
        0x08,0x00,0x00,0x00,0x9E,0x00,0x00,0x00,0x9D,0x00,0x00,0x00,0x3D,0x00,0x04,0x00,
        0x09,0x00,0x00,0x00,0x9F,0x00,0x00,0x00,0x93,0x00,0x00,0x00,0x8E,0x00,0x05,0x00,
        0x09,0x00,0x00,0x00,0xA0,0x00,0x00,0x00,0x9F,0x00,0x00,0x00,0x9E,0x00,0x00,0x00,
        0x3E,0x00,0x03,0x00,0x93,0x00,0x00,0x00,0xA0,0x00,0x00,0x00,0xF9,0x00,0x02,0x00,
        0x9C,0x00,0x00,0x00,0xF8,0x00,0x02,0x00,0xA1,0x00,0x00,0x00,0x41,0x00,0x05,0x00,
        0x6C,0x00,0x00,0x00,0xA2,0x00,0x00,0x00,0x3F,0x00,0x00,0x00,0x75,0x00,0x00,0x00,
        0x3D,0x00,0x04,0x00,0x08,0x00,0x00,0x00,0xA3,0x00,0x00,0x00,0xA2,0x00,0x00,0x00,
        0xB7,0x00,0x05,0x00,0x8B,0x00,0x00,0x00,0xA4,0x00,0x00,0x00,0xA3,0x00,0x00,0x00,
        0x18,0x00,0x00,0x00,0xF7,0x00,0x03,0x00,0xA6,0x00,0x00,0x00,0x00,0x00,0x00,0x00,
        0xFA,0x00,0x04,0x00,0xA4,0x00,0x00,0x00,0xA5,0x00,0x00,0x00,0xA6,0x00,0x00,0x00,
        0xF8,0x00,0x02,0x00,0xA5,0x00,0x00,0x00,0x41,0x00,0x05,0x00,0x6C,0x00,0x00,0x00,
        0xA7,0x00,0x00,0x00,0x3F,0x00,0x00,0x00,0x75,0x00,0x00,0x00,0x3D,0x00,0x04,0x00,
        0x08,0x00,0x00,0x00,0xA8,0x00,0x00,0x00,0xA7,0x00,0x00,0x00,0x3D,0x00,0x04,0x00,
        0x09,0x00,0x00,0x00,0xA9,0x00,0x00,0x00,0x93,0x00,0x00,0x00,0x8E,0x00,0x05,0x00,
        0x09,0x00,0x00,0x00,0xAA,0x00,0x00,0x00,0xA9,0x00,0x00,0x00,0xA8,0x00,0x00,0x00,
        0x3E,0x00,0x03,0x00,0x93,0x00,0x00,0x00,0xAA,0x00,0x00,0x00,0xF9,0x00,0x02,0x00,
        0xA6,0x00,0x00,0x00,0xF8,0x00,0x02,0x00,0xA6,0x00,0x00,0x00,0xF9,0x00,0x02,0x00,
        0x9C,0x00,0x00,0x00,0xF8,0x00,0x02,0x00,0x9C,0x00,0x00,0x00,0x41,0x00,0x05,0x00,
        0x5B,0x00,0x00,0x00,0xAC,0x00,0x00,0x00,0x3F,0x00,0x00,0x00,0x78,0x00,0x00,0x00,
        0x3D,0x00,0x04,0x00,0x21,0x00,0x00,0x00,0xAD,0x00,0x00,0x00,0xAC,0x00,0x00,0x00,
        0x7C,0x00,0x04,0x00,0x06,0x00,0x00,0x00,0xAE,0x00,0x00,0x00,0xAD,0x00,0x00,0x00,
        0x3D,0x00,0x04,0x00,0x06,0x00,0x00,0x00,0xAF,0x00,0x00,0x00,0x83,0x00,0x00,0x00,
        0x80,0x00,0x05,0x00,0x06,0x00,0x00,0x00,0xB0,0x00,0x00,0x00,0xAE,0x00,0x00,0x00,
        0xAF,0x00,0x00,0x00,0x3E,0x00,0x03,0x00,0xB1,0x00,0x00,0x00,0xB0,0x00,0x00,0x00,
        0x3D,0x00,0x04,0x00,0x09,0x00,0x00,0x00,0xB3,0x00,0x00,0x00,0x93,0x00,0x00,0x00,
        0x3E,0x00,0x03,0x00,0xB2,0x00,0x00,0x00,0xB3,0x00,0x00,0x00,0x39,0x00,0x06,0x00,
        0x09,0x00,0x00,0x00,0xB4,0x00,0x00,0x00,0x0E,0x00,0x00,0x00,0xB1,0x00,0x00,0x00,
        0xB2,0x00,0x00,0x00,0x3E,0x00,0x03,0x00,0xAB,0x00,0x00,0x00,0xB4,0x00,0x00,0x00,
        0x41,0x00,0x05,0x00,0x07,0x00,0x00,0x00,0xB5,0x00,0x00,0x00,0x3F,0x00,0x00,0x00,
        0x81,0x00,0x00,0x00,0x3D,0x00,0x04,0x00,0x06,0x00,0x00,0x00,0xB6,0x00,0x00,0x00,
        0xB5,0x00,0x00,0x00,0xC7,0x00,0x05,0x00,0x06,0x00,0x00,0x00,0xB8,0x00,0x00,0x00,
        0xB6,0x00,0x00,0x00,0xB7,0x00,0x00,0x00,0xAB,0x00,0x05,0x00,0x8B,0x00,0x00,0x00,
        0xB9,0x00,0x00,0x00,0xB8,0x00,0x00,0x00,0x24,0x00,0x00,0x00,0xF7,0x00,0x03,0x00,
        0xBB,0x00,0x00,0x00,0x00,0x00,0x00,0x00,0xFA,0x00,0x04,0x00,0xB9,0x00,0x00,0x00,
        0xBA,0x00,0x00,0x00,0xBB,0x00,0x00,0x00,0xF8,0x00,0x02,0x00,0xBA,0x00,0x00,0x00,
        0x3D,0x00,0x04,0x00,0x09,0x00,0x00,0x00,0xBC,0x00,0x00,0x00,0xAB,0x00,0x00,0x00,
        0x41,0x00,0x05,0x00,0x6C,0x00,0x00,0x00,0xBD,0x00,0x00,0x00,0x3F,0x00,0x00,0x00,
        0x72,0x00,0x00,0x00,0x3D,0x00,0x04,0x00,0x08,0x00,0x00,0x00,0xBE,0x00,0x00,0x00,
        0xBD,0x00,0x00,0x00,0x8E,0x00,0x05,0x00,0x09,0x00,0x00,0x00,0xBF,0x00,0x00,0x00,
        0xBC,0x00,0x00,0x00,0xBE,0x00,0x00,0x00,0x3D,0x00,0x04,0x00,0x09,0x00,0x00,0x00,
        0xC0,0x00,0x00,0x00,0x8F,0x00,0x00,0x00,0x81,0x00,0x05,0x00,0x09,0x00,0x00,0x00,
        0xC1,0x00,0x00,0x00,0xBF,0x00,0x00,0x00,0xC0,0x00,0x00,0x00,0x3E,0x00,0x03,0x00,
        0xAB,0x00,0x00,0x00,0xC1,0x00,0x00,0x00,0xF9,0x00,0x02,0x00,0xBB,0x00,0x00,0x00,
        0xF8,0x00,0x02,0x00,0xBB,0x00,0x00,0x00,0x41,0x00,0x05,0x00,0x07,0x00,0x00,0x00,
        0xC3,0x00,0x00,0x00,0x3F,0x00,0x00,0x00,0x81,0x00,0x00,0x00,0x3D,0x00,0x04,0x00,
        0x06,0x00,0x00,0x00,0xC4,0x00,0x00,0x00,0xC3,0x00,0x00,0x00,0xC7,0x00,0x05,0x00,
        0x06,0x00,0x00,0x00,0xC6,0x00,0x00,0x00,0xC4,0x00,0x00,0x00,0xC5,0x00,0x00,0x00,
        0xAB,0x00,0x05,0x00,0x8B,0x00,0x00,0x00,0xC7,0x00,0x00,0x00,0xC6,0x00,0x00,0x00,
        0x24,0x00,0x00,0x00,0xA9,0x00,0x06,0x00,0x08,0x00,0x00,0x00,0xCA,0x00,0x00,0x00,
        0xC7,0x00,0x00,0x00,0xC8,0x00,0x00,0x00,0xC9,0x00,0x00,0x00,0x3E,0x00,0x03,0x00,
        0xC2,0x00,0x00,0x00,0xCA,0x00,0x00,0x00,0x3E,0x00,0x03,0x00,0xCB,0x00,0x00,0x00,
        0xCC,0x00,0x00,0x00,0x3D,0x00,0x04,0x00,0x09,0x00,0x00,0x00,0xCE,0x00,0x00,0x00,
        0xAB,0x00,0x00,0x00,0x3D,0x00,0x04,0x00,0x09,0x00,0x00,0x00,0xCF,0x00,0x00,0x00,
        0x8F,0x00,0x00,0x00,0x83,0x00,0x05,0x00,0x09,0x00,0x00,0x00,0xD0,0x00,0x00,0x00,
        0xCE,0x00,0x00,0x00,0xCF,0x00,0x00,0x00,0x3E,0x00,0x03,0x00,0xCD,0x00,0x00,0x00,
        0xD0,0x00,0x00,0x00,0x41,0x00,0x05,0x00,0x6C,0x00,0x00,0x00,0xD2,0x00,0x00,0x00,
        0xCD,0x00,0x00,0x00,0x33,0x00,0x00,0x00,0x3D,0x00,0x04,0x00,0x08,0x00,0x00,0x00,
        0xD3,0x00,0x00,0x00,0xD2,0x00,0x00,0x00,0x3D,0x00,0x04,0x00,0x08,0x00,0x00,0x00,
        0xD4,0x00,0x00,0x00,0xCB,0x00,0x00,0x00,0x83,0x00,0x05,0x00,0x08,0x00,0x00,0x00,
        0xD5,0x00,0x00,0x00,0xD3,0x00,0x00,0x00,0xD4,0x00,0x00,0x00,0x3E,0x00,0x03,0x00,
        0xD1,0x00,0x00,0x00,0xD5,0x00,0x00,0x00,0x3D,0x00,0x04,0x00,0x08,0x00,0x00,0x00,
        0xD6,0x00,0x00,0x00,0xD1,0x00,0x00,0x00,0x0C,0x00,0x06,0x00,0x08,0x00,0x00,0x00,
        0xD7,0x00,0x00,0x00,0x01,0x00,0x00,0x00,0x04,0x00,0x00,0x00,0xD6,0x00,0x00,0x00,
        0xBA,0x00,0x05,0x00,0x8B,0x00,0x00,0x00,0xD9,0x00,0x00,0x00,0xD7,0x00,0x00,0x00,
        0xD8,0x00,0x00,0x00,0xF7,0x00,0x03,0x00,0xDB,0x00,0x00,0x00,0x00,0x00,0x00,0x00,
        0xFA,0x00,0x04,0x00,0xD9,0x00,0x00,0x00,0xDA,0x00,0x00,0x00,0xDB,0x00,0x00,0x00,
        0xF8,0x00,0x02,0x00,0xDA,0x00,0x00,0x00,0x41,0x00,0x05,0x00,0x6C,0x00,0x00,0x00,
        0xDC,0x00,0x00,0x00,0xCD,0x00,0x00,0x00,0x33,0x00,0x00,0x00,0x3D,0x00,0x04,0x00,
        0x08,0x00,0x00,0x00,0xDD,0x00,0x00,0x00,0xDC,0x00,0x00,0x00,0x41,0x00,0x05,0x00,
        0x6C,0x00,0x00,0x00,0xDE,0x00,0x00,0x00,0xCD,0x00,0x00,0x00,0x24,0x00,0x00,0x00,
        0x3D,0x00,0x04,0x00,0x08,0x00,0x00,0x00,0xDF,0x00,0x00,0x00,0xDE,0x00,0x00,0x00,
        0x3D,0x00,0x04,0x00,0x08,0x00,0x00,0x00,0xE0,0x00,0x00,0x00,0xC2,0x00,0x00,0x00,
        0x81,0x00,0x05,0x00,0x08,0x00,0x00,0x00,0xE1,0x00,0x00,0x00,0xDF,0x00,0x00,0x00,
        0xE0,0x00,0x00,0x00,0x85,0x00,0x05,0x00,0x08,0x00,0x00,0x00,0xE2,0x00,0x00,0x00,
        0xDD,0x00,0x00,0x00,0xE1,0x00,0x00,0x00,0x3D,0x00,0x04,0x00,0x08,0x00,0x00,0x00,
        0xE3,0x00,0x00,0x00,0xD1,0x00,0x00,0x00,0x88,0x00,0x05,0x00,0x08,0x00,0x00,0x00,
        0xE4,0x00,0x00,0x00,0xE2,0x00,0x00,0x00,0xE3,0x00,0x00,0x00,0x41,0x00,0x05,0x00,
        0x6C,0x00,0x00,0x00,0xE5,0x00,0x00,0x00,0xCD,0x00,0x00,0x00,0x24,0x00,0x00,0x00,
        0x3D,0x00,0x04,0x00,0x08,0x00,0x00,0x00,0xE6,0x00,0x00,0x00,0xE5,0x00,0x00,0x00,
        0x81,0x00,0x05,0x00,0x08,0x00,0x00,0x00,0xE7,0x00,0x00,0x00,0xE6,0x00,0x00,0x00,
        0xE4,0x00,0x00,0x00,0x41,0x00,0x05,0x00,0x6C,0x00,0x00,0x00,0xE8,0x00,0x00,0x00,
        0xCD,0x00,0x00,0x00,0x24,0x00,0x00,0x00,0x3E,0x00,0x03,0x00,0xE8,0x00,0x00,0x00,
        0xE7,0x00,0x00,0x00,0xF9,0x00,0x02,0x00,0xDB,0x00,0x00,0x00,0xF8,0x00,0x02,0x00,
        0xDB,0x00,0x00,0x00,0x41,0x00,0x05,0x00,0x6C,0x00,0x00,0x00,0xEA,0x00,0x00,0x00,
        0xCD,0x00,0x00,0x00,0x33,0x00,0x00,0x00,0x3E,0x00,0x03,0x00,0xEA,0x00,0x00,0x00,
        0xE9,0x00,0x00,0x00,0x3D,0x00,0x04,0x00,0x09,0x00,0x00,0x00,0xEC,0x00,0x00,0x00,
        0xCD,0x00,0x00,0x00,0x3D,0x00,0x04,0x00,0x09,0x00,0x00,0x00,0xED,0x00,0x00,0x00,
        0x8F,0x00,0x00,0x00,0x81,0x00,0x05,0x00,0x09,0x00,0x00,0x00,0xEE,0x00,0x00,0x00,
        0xEC,0x00,0x00,0x00,0xED,0x00,0x00,0x00,0x3E,0x00,0x03,0x00,0xEB,0x00,0x00,0x00,
        0xEE,0x00,0x00,0x00,0x41,0x00,0x05,0x00,0xF3,0x00,0x00,0x00,0xF4,0x00,0x00,0x00,
        0x48,0x00,0x00,0x00,0x58,0x00,0x00,0x00,0x3D,0x00,0x04,0x00,0x45,0x00,0x00,0x00,
        0xF5,0x00,0x00,0x00,0xF4,0x00,0x00,0x00,0x41,0x00,0x05,0x00,0xF3,0x00,0x00,0x00,
        0xF6,0x00,0x00,0x00,0x48,0x00,0x00,0x00,0x22,0x00,0x00,0x00,0x3D,0x00,0x04,0x00,
        0x45,0x00,0x00,0x00,0xF7,0x00,0x00,0x00,0xF6,0x00,0x00,0x00,0x92,0x00,0x05,0x00,
        0x45,0x00,0x00,0x00,0xF8,0x00,0x00,0x00,0xF5,0x00,0x00,0x00,0xF7,0x00,0x00,0x00,
        0x3D,0x00,0x04,0x00,0x09,0x00,0x00,0x00,0xF9,0x00,0x00,0x00,0xEB,0x00,0x00,0x00,
        0x51,0x00,0x05,0x00,0x08,0x00,0x00,0x00,0xFA,0x00,0x00,0x00,0xF9,0x00,0x00,0x00,
        0x00,0x00,0x00,0x00,0x51,0x00,0x05,0x00,0x08,0x00,0x00,0x00,0xFB,0x00,0x00,0x00,
        0xF9,0x00,0x00,0x00,0x01,0x00,0x00,0x00,0x51,0x00,0x05,0x00,0x08,0x00,0x00,0x00,
        0xFC,0x00,0x00,0x00,0xF9,0x00,0x00,0x00,0x02,0x00,0x00,0x00,0x50,0x00,0x07,0x00,
        0x14,0x00,0x00,0x00,0xFD,0x00,0x00,0x00,0xFA,0x00,0x00,0x00,0xFB,0x00,0x00,0x00,
        0xFC,0x00,0x00,0x00,0x18,0x00,0x00,0x00,0x91,0x00,0x05,0x00,0x14,0x00,0x00,0x00,
        0xFE,0x00,0x00,0x00,0xF8,0x00,0x00,0x00,0xFD,0x00,0x00,0x00,0x41,0x00,0x05,0x00,
        0xFF,0x00,0x00,0x00,0x00,0x01,0x00,0x00,0xF2,0x00,0x00,0x00,0x22,0x00,0x00,0x00,
        0x3E,0x00,0x03,0x00,0x00,0x01,0x00,0x00,0xFE,0x00,0x00,0x00,0x41,0x00,0x05,0x00,
        0x6C,0x00,0x00,0x00,0x03,0x01,0x00,0x00,0x3F,0x00,0x00,0x00,0x6F,0x00,0x00,0x00,
        0x3D,0x00,0x04,0x00,0x08,0x00,0x00,0x00,0x04,0x01,0x00,0x00,0x03,0x01,0x00,0x00,
        0x3E,0x00,0x03,0x00,0x02,0x01,0x00,0x00,0x04,0x01,0x00,0x00,0xFD,0x00,0x01,0x00,
        0x38,0x00,0x01,0x00,0x36,0x00,0x05,0x00,0x09,0x00,0x00,0x00,0x0E,0x00,0x00,0x00,
        0x00,0x00,0x00,0x00,0x0B,0x00,0x00,0x00,0x37,0x00,0x03,0x00,0x07,0x00,0x00,0x00,
        0x0C,0x00,0x00,0x00,0x37,0x00,0x03,0x00,0x0A,0x00,0x00,0x00,0x0D,0x00,0x00,0x00,
        0xF8,0x00,0x02,0x00,0x0F,0x00,0x00,0x00,0x3B,0x00,0x04,0x00,0x07,0x00,0x00,0x00,
        0x10,0x00,0x00,0x00,0x07,0x00,0x00,0x00,0x3B,0x00,0x04,0x00,0x15,0x00,0x00,0x00,
        0x16,0x00,0x00,0x00,0x07,0x00,0x00,0x00,0x3D,0x00,0x04,0x00,0x06,0x00,0x00,0x00,
        0x11,0x00,0x00,0x00,0x0C,0x00,0x00,0x00,0x84,0x00,0x05,0x00,0x06,0x00,0x00,0x00,
        0x13,0x00,0x00,0x00,0x11,0x00,0x00,0x00,0x12,0x00,0x00,0x00,0x3E,0x00,0x03,0x00,
        0x10,0x00,0x00,0x00,0x13,0x00,0x00,0x00,0x3D,0x00,0x04,0x00,0x09,0x00,0x00,0x00,
        0x17,0x00,0x00,0x00,0x0D,0x00,0x00,0x00,0x51,0x00,0x05,0x00,0x08,0x00,0x00,0x00,
        0x19,0x00,0x00,0x00,0x17,0x00,0x00,0x00,0x00,0x00,0x00,0x00,0x51,0x00,0x05,0x00,
        0x08,0x00,0x00,0x00,0x1A,0x00,0x00,0x00,0x17,0x00,0x00,0x00,0x01,0x00,0x00,0x00,
        0x51,0x00,0x05,0x00,0x08,0x00,0x00,0x00,0x1B,0x00,0x00,0x00,0x17,0x00,0x00,0x00,
        0x02,0x00,0x00,0x00,0x50,0x00,0x07,0x00,0x14,0x00,0x00,0x00,0x1C,0x00,0x00,0x00,
        0x19,0x00,0x00,0x00,0x1A,0x00,0x00,0x00,0x1B,0x00,0x00,0x00,0x18,0x00,0x00,0x00,
        0x3E,0x00,0x03,0x00,0x16,0x00,0x00,0x00,0x1C,0x00,0x00,0x00,0x3D,0x00,0x04,0x00,
        0x06,0x00,0x00,0x00,0x23,0x00,0x00,0x00,0x10,0x00,0x00,0x00,0x80,0x00,0x05,0x00,
        0x06,0x00,0x00,0x00,0x25,0x00,0x00,0x00,0x23,0x00,0x00,0x00,0x24,0x00,0x00,0x00,
        0x41,0x00,0x06,0x00,0x26,0x00,0x00,0x00,0x27,0x00,0x00,0x00,0x20,0x00,0x00,0x00,
        0x22,0x00,0x00,0x00,0x25,0x00,0x00,0x00,0x3D,0x00,0x04,0x00,0x14,0x00,0x00,0x00,
        0x28,0x00,0x00,0x00,0x27,0x00,0x00,0x00,0x3D,0x00,0x04,0x00,0x14,0x00,0x00,0x00,
        0x29,0x00,0x00,0x00,0x16,0x00,0x00,0x00,0x94,0x00,0x05,0x00,0x08,0x00,0x00,0x00,
        0x2A,0x00,0x00,0x00,0x28,0x00,0x00,0x00,0x29,0x00,0x00,0x00,0x3D,0x00,0x04,0x00,
        0x06,0x00,0x00,0x00,0x2B,0x00,0x00,0x00,0x10,0x00,0x00,0x00,0x80,0x00,0x05,0x00,
        0x06,0x00,0x00,0x00,0x2D,0x00,0x00,0x00,0x2B,0x00,0x00,0x00,0x2C,0x00,0x00,0x00,
        0x41,0x00,0x06,0x00,0x26,0x00,0x00,0x00,0x2E,0x00,0x00,0x00,0x20,0x00,0x00,0x00,
        0x22,0x00,0x00,0x00,0x2D,0x00,0x00,0x00,0x3D,0x00,0x04,0x00,0x14,0x00,0x00,0x00,
        0x2F,0x00,0x00,0x00,0x2E,0x00,0x00,0x00,0x3D,0x00,0x04,0x00,0x14,0x00,0x00,0x00,
        0x30,0x00,0x00,0x00,0x16,0x00,0x00,0x00,0x94,0x00,0x05,0x00,0x08,0x00,0x00,0x00,
        0x31,0x00,0x00,0x00,0x2F,0x00,0x00,0x00,0x30,0x00,0x00,0x00,0x3D,0x00,0x04,0x00,
        0x06,0x00,0x00,0x00,0x32,0x00,0x00,0x00,0x10,0x00,0x00,0x00,0x80,0x00,0x05,0x00,
        0x06,0x00,0x00,0x00,0x34,0x00,0x00,0x00,0x32,0x00,0x00,0x00,0x33,0x00,0x00,0x00,
        0x41,0x00,0x06,0x00,0x26,0x00,0x00,0x00,0x35,0x00,0x00,0x00,0x20,0x00,0x00,0x00,
        0x22,0x00,0x00,0x00,0x34,0x00,0x00,0x00,0x3D,0x00,0x04,0x00,0x14,0x00,0x00,0x00,
        0x36,0x00,0x00,0x00,0x35,0x00,0x00,0x00,0x3D,0x00,0x04,0x00,0x14,0x00,0x00,0x00,
        0x37,0x00,0x00,0x00,0x16,0x00,0x00,0x00,0x94,0x00,0x05,0x00,0x08,0x00,0x00,0x00,
        0x38,0x00,0x00,0x00,0x36,0x00,0x00,0x00,0x37,0x00,0x00,0x00,0x50,0x00,0x06,0x00,
        0x09,0x00,0x00,0x00,0x39,0x00,0x00,0x00,0x2A,0x00,0x00,0x00,0x31,0x00,0x00,0x00,
        0x38,0x00,0x00,0x00,0xFE,0x00,0x02,0x00,0x39,0x00,0x00,0x00,0x38,0x00,0x01,0x00,
    };
    inline const size_t g_spv_shadow_vert_spv_size = sizeof(g_spv_shadow_vert_spv);

    // sprite.frag.spv (2320 bytes)
    alignas(4) inline const uint8_t g_spv_sprite_frag_spv[] = {
        0x03,0x02,0x23,0x07,0x00,0x00,0x01,0x00,0x0B,0x00,0x0D,0x00,0x4D,0x00,0x00,0x00,
        0x00,0x00,0x00,0x00,0x11,0x00,0x02,0x00,0x01,0x00,0x00,0x00,0x0B,0x00,0x06,0x00,
        0x01,0x00,0x00,0x00,0x47,0x4C,0x53,0x4C,0x2E,0x73,0x74,0x64,0x2E,0x34,0x35,0x30,
        0x00,0x00,0x00,0x00,0x0E,0x00,0x03,0x00,0x00,0x00,0x00,0x00,0x01,0x00,0x00,0x00,
        0x0F,0x00,0x0A,0x00,0x04,0x00,0x00,0x00,0x04,0x00,0x00,0x00,0x6D,0x61,0x69,0x6E,
        0x00,0x00,0x00,0x00,0x11,0x00,0x00,0x00,0x1B,0x00,0x00,0x00,0x25,0x00,0x00,0x00,
        0x3D,0x00,0x00,0x00,0x46,0x00,0x00,0x00,0x10,0x00,0x03,0x00,0x04,0x00,0x00,0x00,
        0x07,0x00,0x00,0x00,0x03,0x00,0x03,0x00,0x02,0x00,0x00,0x00,0xC2,0x01,0x00,0x00,
        0x04,0x00,0x0A,0x00,0x47,0x4C,0x5F,0x47,0x4F,0x4F,0x47,0x4C,0x45,0x5F,0x63,0x70,
        0x70,0x5F,0x73,0x74,0x79,0x6C,0x65,0x5F,0x6C,0x69,0x6E,0x65,0x5F,0x64,0x69,0x72,
        0x65,0x63,0x74,0x69,0x76,0x65,0x00,0x00,0x04,0x00,0x08,0x00,0x47,0x4C,0x5F,0x47,
        0x4F,0x4F,0x47,0x4C,0x45,0x5F,0x69,0x6E,0x63,0x6C,0x75,0x64,0x65,0x5F,0x64,0x69,
        0x72,0x65,0x63,0x74,0x69,0x76,0x65,0x00,0x05,0x00,0x04,0x00,0x04,0x00,0x00,0x00,
        0x6D,0x61,0x69,0x6E,0x00,0x00,0x00,0x00,0x05,0x00,0x05,0x00,0x09,0x00,0x00,0x00,
        0x74,0x65,0x78,0x43,0x6F,0x6C,0x6F,0x72,0x00,0x00,0x00,0x00,0x05,0x00,0x05,0x00,
        0x0D,0x00,0x00,0x00,0x75,0x54,0x65,0x78,0x74,0x75,0x72,0x65,0x00,0x00,0x00,0x00,
        0x05,0x00,0x05,0x00,0x11,0x00,0x00,0x00,0x76,0x54,0x65,0x78,0x43,0x6F,0x6F,0x72,
        0x64,0x00,0x00,0x00,0x05,0x00,0x05,0x00,0x15,0x00,0x00,0x00,0x66,0x69,0x6E,0x61,
        0x6C,0x41,0x6C,0x70,0x68,0x61,0x00,0x00,0x05,0x00,0x04,0x00,0x1B,0x00,0x00,0x00,
        0x76,0x41,0x6C,0x70,0x68,0x61,0x00,0x00,0x05,0x00,0x05,0x00,0x25,0x00,0x00,0x00,
        0x76,0x43,0x75,0x73,0x74,0x6F,0x6D,0x54,0x69,0x6E,0x74,0x00,0x05,0x00,0x03,0x00,
        0x2B,0x00,0x00,0x00,0x6C,0x75,0x6D,0x00,0x05,0x00,0x05,0x00,0x39,0x00,0x00,0x00,
        0x66,0x69,0x6E,0x61,0x6C,0x43,0x6F,0x6C,0x6F,0x72,0x00,0x00,0x05,0x00,0x04,0x00,
        0x3D,0x00,0x00,0x00,0x76,0x4C,0x69,0x67,0x68,0x74,0x00,0x00,0x05,0x00,0x05,0x00,
        0x46,0x00,0x00,0x00,0x46,0x72,0x61,0x67,0x43,0x6F,0x6C,0x6F,0x72,0x00,0x00,0x00,
        0x47,0x00,0x03,0x00,0x09,0x00,0x00,0x00,0x00,0x00,0x00,0x00,0x47,0x00,0x04,0x00,
        0x0D,0x00,0x00,0x00,0x21,0x00,0x00,0x00,0x00,0x00,0x00,0x00,0x47,0x00,0x04,0x00,
        0x0D,0x00,0x00,0x00,0x22,0x00,0x00,0x00,0x02,0x00,0x00,0x00,0x47,0x00,0x03,0x00,
        0x11,0x00,0x00,0x00,0x00,0x00,0x00,0x00,0x47,0x00,0x04,0x00,0x11,0x00,0x00,0x00,
        0x1E,0x00,0x00,0x00,0x00,0x00,0x00,0x00,0x47,0x00,0x03,0x00,0x12,0x00,0x00,0x00,
        0x00,0x00,0x00,0x00,0x47,0x00,0x03,0x00,0x15,0x00,0x00,0x00,0x00,0x00,0x00,0x00,
        0x47,0x00,0x03,0x00,0x19,0x00,0x00,0x00,0x00,0x00,0x00,0x00,0x47,0x00,0x03,0x00,
        0x1B,0x00,0x00,0x00,0x00,0x00,0x00,0x00,0x47,0x00,0x04,0x00,0x1B,0x00,0x00,0x00,
        0x1E,0x00,0x00,0x00,0x02,0x00,0x00,0x00,0x47,0x00,0x03,0x00,0x1C,0x00,0x00,0x00,
        0x00,0x00,0x00,0x00,0x47,0x00,0x03,0x00,0x1D,0x00,0x00,0x00,0x00,0x00,0x00,0x00,
        0x47,0x00,0x03,0x00,0x1E,0x00,0x00,0x00,0x00,0x00,0x00,0x00,0x47,0x00,0x03,0x00,
        0x25,0x00,0x00,0x00,0x00,0x00,0x00,0x00,0x47,0x00,0x04,0x00,0x25,0x00,0x00,0x00,
        0x1E,0x00,0x00,0x00,0x03,0x00,0x00,0x00,0x47,0x00,0x03,0x00,0x26,0x00,0x00,0x00,
        0x00,0x00,0x00,0x00,0x47,0x00,0x03,0x00,0x2B,0x00,0x00,0x00,0x00,0x00,0x00,0x00,
        0x47,0x00,0x03,0x00,0x2E,0x00,0x00,0x00,0x00,0x00,0x00,0x00,0x47,0x00,0x03,0x00,
        0x31,0x00,0x00,0x00,0x00,0x00,0x00,0x00,0x47,0x00,0x03,0x00,0x32,0x00,0x00,0x00,
        0x00,0x00,0x00,0x00,0x47,0x00,0x03,0x00,0x35,0x00,0x00,0x00,0x00,0x00,0x00,0x00,
        0x47,0x00,0x03,0x00,0x36,0x00,0x00,0x00,0x00,0x00,0x00,0x00,0x47,0x00,0x03,0x00,
        0x39,0x00,0x00,0x00,0x00,0x00,0x00,0x00,0x47,0x00,0x03,0x00,0x3A,0x00,0x00,0x00,
        0x00,0x00,0x00,0x00,0x47,0x00,0x03,0x00,0x3B,0x00,0x00,0x00,0x00,0x00,0x00,0x00,
        0x47,0x00,0x03,0x00,0x3D,0x00,0x00,0x00,0x00,0x00,0x00,0x00,0x47,0x00,0x04,0x00,
        0x3D,0x00,0x00,0x00,0x1E,0x00,0x00,0x00,0x01,0x00,0x00,0x00,0x47,0x00,0x03,0x00,
        0x3E,0x00,0x00,0x00,0x00,0x00,0x00,0x00,0x47,0x00,0x03,0x00,0x3F,0x00,0x00,0x00,
        0x00,0x00,0x00,0x00,0x47,0x00,0x03,0x00,0x41,0x00,0x00,0x00,0x00,0x00,0x00,0x00,
        0x47,0x00,0x03,0x00,0x42,0x00,0x00,0x00,0x00,0x00,0x00,0x00,0x47,0x00,0x03,0x00,
        0x43,0x00,0x00,0x00,0x00,0x00,0x00,0x00,0x47,0x00,0x03,0x00,0x44,0x00,0x00,0x00,
        0x00,0x00,0x00,0x00,0x47,0x00,0x03,0x00,0x46,0x00,0x00,0x00,0x00,0x00,0x00,0x00,
        0x47,0x00,0x04,0x00,0x46,0x00,0x00,0x00,0x1E,0x00,0x00,0x00,0x00,0x00,0x00,0x00,
        0x47,0x00,0x03,0x00,0x47,0x00,0x00,0x00,0x00,0x00,0x00,0x00,0x47,0x00,0x03,0x00,
        0x48,0x00,0x00,0x00,0x00,0x00,0x00,0x00,0x47,0x00,0x03,0x00,0x49,0x00,0x00,0x00,
        0x00,0x00,0x00,0x00,0x47,0x00,0x03,0x00,0x4A,0x00,0x00,0x00,0x00,0x00,0x00,0x00,
        0x47,0x00,0x03,0x00,0x4B,0x00,0x00,0x00,0x00,0x00,0x00,0x00,0x47,0x00,0x03,0x00,
        0x4C,0x00,0x00,0x00,0x00,0x00,0x00,0x00,0x13,0x00,0x02,0x00,0x02,0x00,0x00,0x00,
        0x21,0x00,0x03,0x00,0x03,0x00,0x00,0x00,0x02,0x00,0x00,0x00,0x16,0x00,0x03,0x00,
        0x06,0x00,0x00,0x00,0x20,0x00,0x00,0x00,0x17,0x00,0x04,0x00,0x07,0x00,0x00,0x00,
        0x06,0x00,0x00,0x00,0x04,0x00,0x00,0x00,0x20,0x00,0x04,0x00,0x08,0x00,0x00,0x00,
        0x07,0x00,0x00,0x00,0x07,0x00,0x00,0x00,0x19,0x00,0x09,0x00,0x0A,0x00,0x00,0x00,
        0x06,0x00,0x00,0x00,0x01,0x00,0x00,0x00,0x00,0x00,0x00,0x00,0x00,0x00,0x00,0x00,
        0x00,0x00,0x00,0x00,0x01,0x00,0x00,0x00,0x00,0x00,0x00,0x00,0x1B,0x00,0x03,0x00,
        0x0B,0x00,0x00,0x00,0x0A,0x00,0x00,0x00,0x20,0x00,0x04,0x00,0x0C,0x00,0x00,0x00,
        0x00,0x00,0x00,0x00,0x0B,0x00,0x00,0x00,0x3B,0x00,0x04,0x00,0x0C,0x00,0x00,0x00,
        0x0D,0x00,0x00,0x00,0x00,0x00,0x00,0x00,0x17,0x00,0x04,0x00,0x0F,0x00,0x00,0x00,
        0x06,0x00,0x00,0x00,0x02,0x00,0x00,0x00,0x20,0x00,0x04,0x00,0x10,0x00,0x00,0x00,
        0x01,0x00,0x00,0x00,0x0F,0x00,0x00,0x00,0x3B,0x00,0x04,0x00,0x10,0x00,0x00,0x00,
        0x11,0x00,0x00,0x00,0x01,0x00,0x00,0x00,0x20,0x00,0x04,0x00,0x14,0x00,0x00,0x00,
        0x07,0x00,0x00,0x00,0x06,0x00,0x00,0x00,0x15,0x00,0x04,0x00,0x16,0x00,0x00,0x00,
        0x20,0x00,0x00,0x00,0x00,0x00,0x00,0x00,0x2B,0x00,0x04,0x00,0x16,0x00,0x00,0x00,
        0x17,0x00,0x00,0x00,0x03,0x00,0x00,0x00,0x20,0x00,0x04,0x00,0x1A,0x00,0x00,0x00,
        0x01,0x00,0x00,0x00,0x06,0x00,0x00,0x00,0x3B,0x00,0x04,0x00,0x1A,0x00,0x00,0x00,
        0x1B,0x00,0x00,0x00,0x01,0x00,0x00,0x00,0x2B,0x00,0x04,0x00,0x06,0x00,0x00,0x00,
        0x1F,0x00,0x00,0x00,0x0A,0xD7,0x23,0x3C,0x14,0x00,0x02,0x00,0x20,0x00,0x00,0x00,
        0x3B,0x00,0x04,0x00,0x1A,0x00,0x00,0x00,0x25,0x00,0x00,0x00,0x01,0x00,0x00,0x00,
        0x2B,0x00,0x04,0x00,0x06,0x00,0x00,0x00,0x27,0x00,0x00,0x00,0x00,0x00,0x00,0x3F,
        0x2B,0x00,0x04,0x00,0x16,0x00,0x00,0x00,0x2C,0x00,0x00,0x00,0x00,0x00,0x00,0x00,
        0x2B,0x00,0x04,0x00,0x16,0x00,0x00,0x00,0x2F,0x00,0x00,0x00,0x01,0x00,0x00,0x00,
        0x2B,0x00,0x04,0x00,0x16,0x00,0x00,0x00,0x33,0x00,0x00,0x00,0x02,0x00,0x00,0x00,
        0x17,0x00,0x04,0x00,0x37,0x00,0x00,0x00,0x06,0x00,0x00,0x00,0x03,0x00,0x00,0x00,
        0x20,0x00,0x04,0x00,0x38,0x00,0x00,0x00,0x07,0x00,0x00,0x00,0x37,0x00,0x00,0x00,
        0x20,0x00,0x04,0x00,0x3C,0x00,0x00,0x00,0x01,0x00,0x00,0x00,0x37,0x00,0x00,0x00,
        0x3B,0x00,0x04,0x00,0x3C,0x00,0x00,0x00,0x3D,0x00,0x00,0x00,0x01,0x00,0x00,0x00,
        0x20,0x00,0x04,0x00,0x45,0x00,0x00,0x00,0x03,0x00,0x00,0x00,0x07,0x00,0x00,0x00,
        0x3B,0x00,0x04,0x00,0x45,0x00,0x00,0x00,0x46,0x00,0x00,0x00,0x03,0x00,0x00,0x00,
        0x36,0x00,0x05,0x00,0x02,0x00,0x00,0x00,0x04,0x00,0x00,0x00,0x00,0x00,0x00,0x00,
        0x03,0x00,0x00,0x00,0xF8,0x00,0x02,0x00,0x05,0x00,0x00,0x00,0x3B,0x00,0x04,0x00,
        0x08,0x00,0x00,0x00,0x09,0x00,0x00,0x00,0x07,0x00,0x00,0x00,0x3B,0x00,0x04,0x00,
        0x14,0x00,0x00,0x00,0x15,0x00,0x00,0x00,0x07,0x00,0x00,0x00,0x3B,0x00,0x04,0x00,
        0x14,0x00,0x00,0x00,0x2B,0x00,0x00,0x00,0x07,0x00,0x00,0x00,0x3B,0x00,0x04,0x00,
        0x38,0x00,0x00,0x00,0x39,0x00,0x00,0x00,0x07,0x00,0x00,0x00,0x3D,0x00,0x04,0x00,
        0x0B,0x00,0x00,0x00,0x0E,0x00,0x00,0x00,0x0D,0x00,0x00,0x00,0x3D,0x00,0x04,0x00,
        0x0F,0x00,0x00,0x00,0x12,0x00,0x00,0x00,0x11,0x00,0x00,0x00,0x57,0x00,0x05,0x00,
        0x07,0x00,0x00,0x00,0x13,0x00,0x00,0x00,0x0E,0x00,0x00,0x00,0x12,0x00,0x00,0x00,
        0x3E,0x00,0x03,0x00,0x09,0x00,0x00,0x00,0x13,0x00,0x00,0x00,0x41,0x00,0x05,0x00,
        0x14,0x00,0x00,0x00,0x18,0x00,0x00,0x00,0x09,0x00,0x00,0x00,0x17,0x00,0x00,0x00,
        0x3D,0x00,0x04,0x00,0x06,0x00,0x00,0x00,0x19,0x00,0x00,0x00,0x18,0x00,0x00,0x00,
        0x3D,0x00,0x04,0x00,0x06,0x00,0x00,0x00,0x1C,0x00,0x00,0x00,0x1B,0x00,0x00,0x00,
        0x85,0x00,0x05,0x00,0x06,0x00,0x00,0x00,0x1D,0x00,0x00,0x00,0x19,0x00,0x00,0x00,
        0x1C,0x00,0x00,0x00,0x3E,0x00,0x03,0x00,0x15,0x00,0x00,0x00,0x1D,0x00,0x00,0x00,
        0x3D,0x00,0x04,0x00,0x06,0x00,0x00,0x00,0x1E,0x00,0x00,0x00,0x15,0x00,0x00,0x00,
        0xB8,0x00,0x05,0x00,0x20,0x00,0x00,0x00,0x21,0x00,0x00,0x00,0x1E,0x00,0x00,0x00,
        0x1F,0x00,0x00,0x00,0xF7,0x00,0x03,0x00,0x23,0x00,0x00,0x00,0x00,0x00,0x00,0x00,
        0xFA,0x00,0x04,0x00,0x21,0x00,0x00,0x00,0x22,0x00,0x00,0x00,0x23,0x00,0x00,0x00,
        0xF8,0x00,0x02,0x00,0x22,0x00,0x00,0x00,0xFC,0x00,0x01,0x00,0xF8,0x00,0x02,0x00,
        0x23,0x00,0x00,0x00,0x3D,0x00,0x04,0x00,0x06,0x00,0x00,0x00,0x26,0x00,0x00,0x00,
        0x25,0x00,0x00,0x00,0xBA,0x00,0x05,0x00,0x20,0x00,0x00,0x00,0x28,0x00,0x00,0x00,
        0x26,0x00,0x00,0x00,0x27,0x00,0x00,0x00,0xF7,0x00,0x03,0x00,0x2A,0x00,0x00,0x00,
        0x00,0x00,0x00,0x00,0xFA,0x00,0x04,0x00,0x28,0x00,0x00,0x00,0x29,0x00,0x00,0x00,
        0x40,0x00,0x00,0x00,0xF8,0x00,0x02,0x00,0x29,0x00,0x00,0x00,0x41,0x00,0x05,0x00,
        0x14,0x00,0x00,0x00,0x2D,0x00,0x00,0x00,0x09,0x00,0x00,0x00,0x2C,0x00,0x00,0x00,
        0x3D,0x00,0x04,0x00,0x06,0x00,0x00,0x00,0x2E,0x00,0x00,0x00,0x2D,0x00,0x00,0x00,
        0x41,0x00,0x05,0x00,0x14,0x00,0x00,0x00,0x30,0x00,0x00,0x00,0x09,0x00,0x00,0x00,
        0x2F,0x00,0x00,0x00,0x3D,0x00,0x04,0x00,0x06,0x00,0x00,0x00,0x31,0x00,0x00,0x00,
        0x30,0x00,0x00,0x00,0x0C,0x00,0x07,0x00,0x06,0x00,0x00,0x00,0x32,0x00,0x00,0x00,
        0x01,0x00,0x00,0x00,0x28,0x00,0x00,0x00,0x2E,0x00,0x00,0x00,0x31,0x00,0x00,0x00,
        0x41,0x00,0x05,0x00,0x14,0x00,0x00,0x00,0x34,0x00,0x00,0x00,0x09,0x00,0x00,0x00,
        0x33,0x00,0x00,0x00,0x3D,0x00,0x04,0x00,0x06,0x00,0x00,0x00,0x35,0x00,0x00,0x00,
        0x34,0x00,0x00,0x00,0x0C,0x00,0x07,0x00,0x06,0x00,0x00,0x00,0x36,0x00,0x00,0x00,
        0x01,0x00,0x00,0x00,0x28,0x00,0x00,0x00,0x32,0x00,0x00,0x00,0x35,0x00,0x00,0x00,
        0x3E,0x00,0x03,0x00,0x2B,0x00,0x00,0x00,0x36,0x00,0x00,0x00,0x3D,0x00,0x04,0x00,
        0x06,0x00,0x00,0x00,0x3A,0x00,0x00,0x00,0x2B,0x00,0x00,0x00,0x50,0x00,0x06,0x00,
        0x37,0x00,0x00,0x00,0x3B,0x00,0x00,0x00,0x3A,0x00,0x00,0x00,0x3A,0x00,0x00,0x00,
        0x3A,0x00,0x00,0x00,0x3D,0x00,0x04,0x00,0x37,0x00,0x00,0x00,0x3E,0x00,0x00,0x00,
        0x3D,0x00,0x00,0x00,0x85,0x00,0x05,0x00,0x37,0x00,0x00,0x00,0x3F,0x00,0x00,0x00,
        0x3B,0x00,0x00,0x00,0x3E,0x00,0x00,0x00,0x3E,0x00,0x03,0x00,0x39,0x00,0x00,0x00,
        0x3F,0x00,0x00,0x00,0xF9,0x00,0x02,0x00,0x2A,0x00,0x00,0x00,0xF8,0x00,0x02,0x00,
        0x40,0x00,0x00,0x00,0x3D,0x00,0x04,0x00,0x07,0x00,0x00,0x00,0x41,0x00,0x00,0x00,
        0x09,0x00,0x00,0x00,0x4F,0x00,0x08,0x00,0x37,0x00,0x00,0x00,0x42,0x00,0x00,0x00,
        0x41,0x00,0x00,0x00,0x41,0x00,0x00,0x00,0x00,0x00,0x00,0x00,0x01,0x00,0x00,0x00,
        0x02,0x00,0x00,0x00,0x3D,0x00,0x04,0x00,0x37,0x00,0x00,0x00,0x43,0x00,0x00,0x00,
        0x3D,0x00,0x00,0x00,0x85,0x00,0x05,0x00,0x37,0x00,0x00,0x00,0x44,0x00,0x00,0x00,
        0x42,0x00,0x00,0x00,0x43,0x00,0x00,0x00,0x3E,0x00,0x03,0x00,0x39,0x00,0x00,0x00,
        0x44,0x00,0x00,0x00,0xF9,0x00,0x02,0x00,0x2A,0x00,0x00,0x00,0xF8,0x00,0x02,0x00,
        0x2A,0x00,0x00,0x00,0x3D,0x00,0x04,0x00,0x37,0x00,0x00,0x00,0x47,0x00,0x00,0x00,
        0x39,0x00,0x00,0x00,0x3D,0x00,0x04,0x00,0x06,0x00,0x00,0x00,0x48,0x00,0x00,0x00,
        0x15,0x00,0x00,0x00,0x51,0x00,0x05,0x00,0x06,0x00,0x00,0x00,0x49,0x00,0x00,0x00,
        0x47,0x00,0x00,0x00,0x00,0x00,0x00,0x00,0x51,0x00,0x05,0x00,0x06,0x00,0x00,0x00,
        0x4A,0x00,0x00,0x00,0x47,0x00,0x00,0x00,0x01,0x00,0x00,0x00,0x51,0x00,0x05,0x00,
        0x06,0x00,0x00,0x00,0x4B,0x00,0x00,0x00,0x47,0x00,0x00,0x00,0x02,0x00,0x00,0x00,
        0x50,0x00,0x07,0x00,0x07,0x00,0x00,0x00,0x4C,0x00,0x00,0x00,0x49,0x00,0x00,0x00,
        0x4A,0x00,0x00,0x00,0x4B,0x00,0x00,0x00,0x48,0x00,0x00,0x00,0x3E,0x00,0x03,0x00,
        0x46,0x00,0x00,0x00,0x4C,0x00,0x00,0x00,0xFD,0x00,0x01,0x00,0x38,0x00,0x01,0x00,
    };
    inline const size_t g_spv_sprite_frag_spv_size = sizeof(g_spv_sprite_frag_spv);

    // sprite.vert.spv (6564 bytes)
    alignas(4) inline const uint8_t g_spv_sprite_vert_spv[] = {
        0x03,0x02,0x23,0x07,0x00,0x00,0x01,0x00,0x0B,0x00,0x0D,0x00,0xE2,0x00,0x00,0x00,
        0x00,0x00,0x00,0x00,0x11,0x00,0x02,0x00,0x01,0x00,0x00,0x00,0x0B,0x00,0x06,0x00,
        0x01,0x00,0x00,0x00,0x47,0x4C,0x53,0x4C,0x2E,0x73,0x74,0x64,0x2E,0x34,0x35,0x30,
        0x00,0x00,0x00,0x00,0x0E,0x00,0x03,0x00,0x00,0x00,0x00,0x00,0x01,0x00,0x00,0x00,
        0x0F,0x00,0x0D,0x00,0x00,0x00,0x00,0x00,0x04,0x00,0x00,0x00,0x6D,0x61,0x69,0x6E,
        0x00,0x00,0x00,0x00,0x1D,0x00,0x00,0x00,0x49,0x00,0x00,0x00,0xC2,0x00,0x00,0x00,
        0xC7,0x00,0x00,0x00,0xCB,0x00,0x00,0x00,0xD3,0x00,0x00,0x00,0xDB,0x00,0x00,0x00,
        0xDE,0x00,0x00,0x00,0x03,0x00,0x03,0x00,0x02,0x00,0x00,0x00,0xC2,0x01,0x00,0x00,
        0x04,0x00,0x0A,0x00,0x47,0x4C,0x5F,0x47,0x4F,0x4F,0x47,0x4C,0x45,0x5F,0x63,0x70,
        0x70,0x5F,0x73,0x74,0x79,0x6C,0x65,0x5F,0x6C,0x69,0x6E,0x65,0x5F,0x64,0x69,0x72,
        0x65,0x63,0x74,0x69,0x76,0x65,0x00,0x00,0x04,0x00,0x08,0x00,0x47,0x4C,0x5F,0x47,
        0x4F,0x4F,0x47,0x4C,0x45,0x5F,0x69,0x6E,0x63,0x6C,0x75,0x64,0x65,0x5F,0x64,0x69,
        0x72,0x65,0x63,0x74,0x69,0x76,0x65,0x00,0x05,0x00,0x04,0x00,0x04,0x00,0x00,0x00,
        0x6D,0x61,0x69,0x6E,0x00,0x00,0x00,0x00,0x05,0x00,0x06,0x00,0x09,0x00,0x00,0x00,
        0x53,0x70,0x72,0x69,0x74,0x65,0x49,0x6E,0x73,0x74,0x61,0x6E,0x63,0x65,0x00,0x00,
        0x06,0x00,0x06,0x00,0x09,0x00,0x00,0x00,0x00,0x00,0x00,0x00,0x70,0x6F,0x73,0x69,
        0x74,0x69,0x6F,0x6E,0x00,0x00,0x00,0x00,0x06,0x00,0x05,0x00,0x09,0x00,0x00,0x00,
        0x01,0x00,0x00,0x00,0x73,0x69,0x7A,0x65,0x00,0x00,0x00,0x00,0x06,0x00,0x06,0x00,
        0x09,0x00,0x00,0x00,0x02,0x00,0x00,0x00,0x72,0x6F,0x74,0x61,0x74,0x69,0x6F,0x6E,
        0x00,0x00,0x00,0x00,0x06,0x00,0x05,0x00,0x09,0x00,0x00,0x00,0x03,0x00,0x00,0x00,
        0x5F,0x70,0x61,0x64,0x30,0x00,0x00,0x00,0x06,0x00,0x05,0x00,0x09,0x00,0x00,0x00,
        0x04,0x00,0x00,0x00,0x6C,0x69,0x67,0x68,0x74,0x00,0x00,0x00,0x06,0x00,0x04,0x00,
        0x09,0x00,0x00,0x00,0x05,0x00,0x00,0x00,0x75,0x76,0x00,0x00,0x06,0x00,0x05,0x00,
        0x09,0x00,0x00,0x00,0x06,0x00,0x00,0x00,0x61,0x6C,0x70,0x68,0x61,0x00,0x00,0x00,
        0x06,0x00,0x05,0x00,0x09,0x00,0x00,0x00,0x07,0x00,0x00,0x00,0x64,0x65,0x70,0x74,
        0x68,0x00,0x00,0x00,0x06,0x00,0x05,0x00,0x09,0x00,0x00,0x00,0x08,0x00,0x00,0x00,
        0x5F,0x70,0x61,0x64,0x31,0x00,0x00,0x00,0x05,0x00,0x03,0x00,0x0B,0x00,0x00,0x00,
        0x49,0x00,0x00,0x00,0x05,0x00,0x06,0x00,0x0C,0x00,0x00,0x00,0x53,0x70,0x72,0x69,
        0x74,0x65,0x49,0x6E,0x73,0x74,0x61,0x6E,0x63,0x65,0x00,0x00,0x06,0x00,0x06,0x00,
        0x0C,0x00,0x00,0x00,0x00,0x00,0x00,0x00,0x70,0x6F,0x73,0x69,0x74,0x69,0x6F,0x6E,
        0x00,0x00,0x00,0x00,0x06,0x00,0x05,0x00,0x0C,0x00,0x00,0x00,0x01,0x00,0x00,0x00,
        0x73,0x69,0x7A,0x65,0x00,0x00,0x00,0x00,0x06,0x00,0x06,0x00,0x0C,0x00,0x00,0x00,
        0x02,0x00,0x00,0x00,0x72,0x6F,0x74,0x61,0x74,0x69,0x6F,0x6E,0x00,0x00,0x00,0x00,
        0x06,0x00,0x05,0x00,0x0C,0x00,0x00,0x00,0x03,0x00,0x00,0x00,0x5F,0x70,0x61,0x64,
        0x30,0x00,0x00,0x00,0x06,0x00,0x05,0x00,0x0C,0x00,0x00,0x00,0x04,0x00,0x00,0x00,
        0x6C,0x69,0x67,0x68,0x74,0x00,0x00,0x00,0x06,0x00,0x04,0x00,0x0C,0x00,0x00,0x00,
        0x05,0x00,0x00,0x00,0x75,0x76,0x00,0x00,0x06,0x00,0x05,0x00,0x0C,0x00,0x00,0x00,
        0x06,0x00,0x00,0x00,0x61,0x6C,0x70,0x68,0x61,0x00,0x00,0x00,0x06,0x00,0x05,0x00,
        0x0C,0x00,0x00,0x00,0x07,0x00,0x00,0x00,0x64,0x65,0x70,0x74,0x68,0x00,0x00,0x00,
        0x06,0x00,0x05,0x00,0x0C,0x00,0x00,0x00,0x08,0x00,0x00,0x00,0x5F,0x70,0x61,0x64,
        0x31,0x00,0x00,0x00,0x05,0x00,0x05,0x00,0x0E,0x00,0x00,0x00,0x49,0x6E,0x73,0x74,
        0x61,0x6E,0x63,0x65,0x73,0x00,0x00,0x00,0x06,0x00,0x05,0x00,0x0E,0x00,0x00,0x00,
        0x00,0x00,0x00,0x00,0x69,0x6E,0x73,0x74,0x00,0x00,0x00,0x00,0x05,0x00,0x03,0x00,
        0x10,0x00,0x00,0x00,0x00,0x00,0x00,0x00,0x05,0x00,0x06,0x00,0x15,0x00,0x00,0x00,
        0x56,0x65,0x72,0x74,0x55,0x6E,0x69,0x66,0x6F,0x72,0x6D,0x73,0x00,0x00,0x00,0x00,
        0x06,0x00,0x06,0x00,0x15,0x00,0x00,0x00,0x00,0x00,0x00,0x00,0x75,0x56,0x69,0x65,
        0x77,0x4D,0x61,0x74,0x72,0x69,0x78,0x00,0x06,0x00,0x06,0x00,0x15,0x00,0x00,0x00,
        0x01,0x00,0x00,0x00,0x75,0x50,0x72,0x6F,0x6A,0x4D,0x61,0x74,0x72,0x69,0x78,0x00,
        0x06,0x00,0x06,0x00,0x15,0x00,0x00,0x00,0x02,0x00,0x00,0x00,0x75,0x53,0x63,0x72,
        0x65,0x65,0x6E,0x53,0x69,0x7A,0x65,0x00,0x06,0x00,0x05,0x00,0x15,0x00,0x00,0x00,
        0x03,0x00,0x00,0x00,0x75,0x53,0x63,0x61,0x6C,0x65,0x00,0x00,0x06,0x00,0x07,0x00,
        0x15,0x00,0x00,0x00,0x04,0x00,0x00,0x00,0x75,0x49,0x6E,0x73,0x74,0x61,0x6E,0x63,
        0x65,0x42,0x61,0x73,0x65,0x00,0x00,0x00,0x05,0x00,0x03,0x00,0x17,0x00,0x00,0x00,
        0x00,0x00,0x00,0x00,0x05,0x00,0x07,0x00,0x1D,0x00,0x00,0x00,0x67,0x6C,0x5F,0x49,
        0x6E,0x73,0x74,0x61,0x6E,0x63,0x65,0x49,0x6E,0x64,0x65,0x78,0x00,0x00,0x00,0x00,
        0x05,0x00,0x05,0x00,0x40,0x00,0x00,0x00,0x68,0x61,0x6C,0x66,0x53,0x69,0x7A,0x65,
        0x00,0x00,0x00,0x00,0x05,0x00,0x04,0x00,0x47,0x00,0x00,0x00,0x6C,0x6F,0x63,0x61,
        0x6C,0x00,0x00,0x00,0x05,0x00,0x04,0x00,0x49,0x00,0x00,0x00,0x61,0x50,0x6F,0x73,
        0x00,0x00,0x00,0x00,0x05,0x00,0x03,0x00,0x54,0x00,0x00,0x00,0x72,0x00,0x00,0x00,
        0x05,0x00,0x03,0x00,0x58,0x00,0x00,0x00,0x63,0x00,0x00,0x00,0x05,0x00,0x03,0x00,
        0x5B,0x00,0x00,0x00,0x73,0x00,0x00,0x00,0x05,0x00,0x05,0x00,0x7A,0x00,0x00,0x00,
        0x73,0x63,0x72,0x65,0x65,0x6E,0x50,0x6F,0x73,0x00,0x00,0x00,0x05,0x00,0x04,0x00,
        0x80,0x00,0x00,0x00,0x63,0x6C,0x69,0x70,0x00,0x00,0x00,0x00,0x05,0x00,0x05,0x00,
        0x8B,0x00,0x00,0x00,0x77,0x6F,0x72,0x6C,0x64,0x50,0x6F,0x73,0x00,0x00,0x00,0x00,
        0x05,0x00,0x04,0x00,0x93,0x00,0x00,0x00,0x72,0x69,0x67,0x68,0x74,0x00,0x00,0x00,
        0x05,0x00,0x03,0x00,0x9B,0x00,0x00,0x00,0x75,0x70,0x00,0x00,0x05,0x00,0x04,0x00,
        0xA3,0x00,0x00,0x00,0x6F,0x66,0x66,0x73,0x65,0x74,0x00,0x00,0x05,0x00,0x04,0x00,
        0xAD,0x00,0x00,0x00,0x70,0x6F,0x73,0x57,0x53,0x00,0x00,0x00,0x05,0x00,0x06,0x00,
        0xC0,0x00,0x00,0x00,0x67,0x6C,0x5F,0x50,0x65,0x72,0x56,0x65,0x72,0x74,0x65,0x78,
        0x00,0x00,0x00,0x00,0x06,0x00,0x06,0x00,0xC0,0x00,0x00,0x00,0x00,0x00,0x00,0x00,
        0x67,0x6C,0x5F,0x50,0x6F,0x73,0x69,0x74,0x69,0x6F,0x6E,0x00,0x06,0x00,0x07,0x00,
        0xC0,0x00,0x00,0x00,0x01,0x00,0x00,0x00,0x67,0x6C,0x5F,0x50,0x6F,0x69,0x6E,0x74,
        0x53,0x69,0x7A,0x65,0x00,0x00,0x00,0x00,0x06,0x00,0x07,0x00,0xC0,0x00,0x00,0x00,
        0x02,0x00,0x00,0x00,0x67,0x6C,0x5F,0x43,0x6C,0x69,0x70,0x44,0x69,0x73,0x74,0x61,
        0x6E,0x63,0x65,0x00,0x06,0x00,0x07,0x00,0xC0,0x00,0x00,0x00,0x03,0x00,0x00,0x00,
        0x67,0x6C,0x5F,0x43,0x75,0x6C,0x6C,0x44,0x69,0x73,0x74,0x61,0x6E,0x63,0x65,0x00,
        0x05,0x00,0x03,0x00,0xC2,0x00,0x00,0x00,0x00,0x00,0x00,0x00,0x05,0x00,0x05,0x00,
        0xC7,0x00,0x00,0x00,0x76,0x54,0x65,0x78,0x43,0x6F,0x6F,0x72,0x64,0x00,0x00,0x00,
        0x05,0x00,0x03,0x00,0xCB,0x00,0x00,0x00,0x61,0x55,0x56,0x00,0x05,0x00,0x04,0x00,
        0xD3,0x00,0x00,0x00,0x76,0x4C,0x69,0x67,0x68,0x74,0x00,0x00,0x05,0x00,0x04,0x00,
        0xDB,0x00,0x00,0x00,0x76,0x41,0x6C,0x70,0x68,0x61,0x00,0x00,0x05,0x00,0x05,0x00,
        0xDE,0x00,0x00,0x00,0x76,0x43,0x75,0x73,0x74,0x6F,0x6D,0x54,0x69,0x6E,0x74,0x00,
        0x48,0x00,0x05,0x00,0x0C,0x00,0x00,0x00,0x00,0x00,0x00,0x00,0x23,0x00,0x00,0x00,
        0x00,0x00,0x00,0x00,0x48,0x00,0x05,0x00,0x0C,0x00,0x00,0x00,0x01,0x00,0x00,0x00,
        0x23,0x00,0x00,0x00,0x10,0x00,0x00,0x00,0x48,0x00,0x05,0x00,0x0C,0x00,0x00,0x00,
        0x02,0x00,0x00,0x00,0x23,0x00,0x00,0x00,0x18,0x00,0x00,0x00,0x48,0x00,0x05,0x00,
        0x0C,0x00,0x00,0x00,0x03,0x00,0x00,0x00,0x23,0x00,0x00,0x00,0x1C,0x00,0x00,0x00,
        0x48,0x00,0x05,0x00,0x0C,0x00,0x00,0x00,0x04,0x00,0x00,0x00,0x23,0x00,0x00,0x00,
        0x20,0x00,0x00,0x00,0x48,0x00,0x05,0x00,0x0C,0x00,0x00,0x00,0x05,0x00,0x00,0x00,
        0x23,0x00,0x00,0x00,0x30,0x00,0x00,0x00,0x48,0x00,0x05,0x00,0x0C,0x00,0x00,0x00,
        0x06,0x00,0x00,0x00,0x23,0x00,0x00,0x00,0x40,0x00,0x00,0x00,0x48,0x00,0x05,0x00,
        0x0C,0x00,0x00,0x00,0x07,0x00,0x00,0x00,0x23,0x00,0x00,0x00,0x44,0x00,0x00,0x00,
        0x48,0x00,0x05,0x00,0x0C,0x00,0x00,0x00,0x08,0x00,0x00,0x00,0x23,0x00,0x00,0x00,
        0x48,0x00,0x00,0x00,0x47,0x00,0x04,0x00,0x0D,0x00,0x00,0x00,0x06,0x00,0x00,0x00,
        0x50,0x00,0x00,0x00,0x47,0x00,0x03,0x00,0x0E,0x00,0x00,0x00,0x03,0x00,0x00,0x00,
        0x48,0x00,0x04,0x00,0x0E,0x00,0x00,0x00,0x00,0x00,0x00,0x00,0x18,0x00,0x00,0x00,
        0x48,0x00,0x05,0x00,0x0E,0x00,0x00,0x00,0x00,0x00,0x00,0x00,0x23,0x00,0x00,0x00,
        0x00,0x00,0x00,0x00,0x47,0x00,0x03,0x00,0x10,0x00,0x00,0x00,0x18,0x00,0x00,0x00,
        0x47,0x00,0x04,0x00,0x10,0x00,0x00,0x00,0x21,0x00,0x00,0x00,0x00,0x00,0x00,0x00,
        0x47,0x00,0x04,0x00,0x10,0x00,0x00,0x00,0x22,0x00,0x00,0x00,0x00,0x00,0x00,0x00,
        0x47,0x00,0x03,0x00,0x15,0x00,0x00,0x00,0x02,0x00,0x00,0x00,0x48,0x00,0x04,0x00,
        0x15,0x00,0x00,0x00,0x00,0x00,0x00,0x00,0x05,0x00,0x00,0x00,0x48,0x00,0x05,0x00,
        0x15,0x00,0x00,0x00,0x00,0x00,0x00,0x00,0x07,0x00,0x00,0x00,0x10,0x00,0x00,0x00,
        0x48,0x00,0x05,0x00,0x15,0x00,0x00,0x00,0x00,0x00,0x00,0x00,0x23,0x00,0x00,0x00,
        0x00,0x00,0x00,0x00,0x48,0x00,0x04,0x00,0x15,0x00,0x00,0x00,0x01,0x00,0x00,0x00,
        0x05,0x00,0x00,0x00,0x48,0x00,0x05,0x00,0x15,0x00,0x00,0x00,0x01,0x00,0x00,0x00,
        0x07,0x00,0x00,0x00,0x10,0x00,0x00,0x00,0x48,0x00,0x05,0x00,0x15,0x00,0x00,0x00,
        0x01,0x00,0x00,0x00,0x23,0x00,0x00,0x00,0x40,0x00,0x00,0x00,0x48,0x00,0x05,0x00,
        0x15,0x00,0x00,0x00,0x02,0x00,0x00,0x00,0x23,0x00,0x00,0x00,0x80,0x00,0x00,0x00,
        0x48,0x00,0x05,0x00,0x15,0x00,0x00,0x00,0x03,0x00,0x00,0x00,0x23,0x00,0x00,0x00,
        0x88,0x00,0x00,0x00,0x48,0x00,0x05,0x00,0x15,0x00,0x00,0x00,0x04,0x00,0x00,0x00,
        0x23,0x00,0x00,0x00,0x8C,0x00,0x00,0x00,0x47,0x00,0x04,0x00,0x17,0x00,0x00,0x00,
        0x21,0x00,0x00,0x00,0x00,0x00,0x00,0x00,0x47,0x00,0x04,0x00,0x17,0x00,0x00,0x00,
        0x22,0x00,0x00,0x00,0x01,0x00,0x00,0x00,0x47,0x00,0x04,0x00,0x1D,0x00,0x00,0x00,
        0x0B,0x00,0x00,0x00,0x2B,0x00,0x00,0x00,0x47,0x00,0x04,0x00,0x49,0x00,0x00,0x00,
        0x1E,0x00,0x00,0x00,0x00,0x00,0x00,0x00,0x47,0x00,0x03,0x00,0xC0,0x00,0x00,0x00,
        0x02,0x00,0x00,0x00,0x48,0x00,0x05,0x00,0xC0,0x00,0x00,0x00,0x00,0x00,0x00,0x00,
        0x0B,0x00,0x00,0x00,0x00,0x00,0x00,0x00,0x48,0x00,0x05,0x00,0xC0,0x00,0x00,0x00,
        0x01,0x00,0x00,0x00,0x0B,0x00,0x00,0x00,0x01,0x00,0x00,0x00,0x48,0x00,0x05,0x00,
        0xC0,0x00,0x00,0x00,0x02,0x00,0x00,0x00,0x0B,0x00,0x00,0x00,0x03,0x00,0x00,0x00,
        0x48,0x00,0x05,0x00,0xC0,0x00,0x00,0x00,0x03,0x00,0x00,0x00,0x0B,0x00,0x00,0x00,
        0x04,0x00,0x00,0x00,0x47,0x00,0x04,0x00,0xC7,0x00,0x00,0x00,0x1E,0x00,0x00,0x00,
        0x00,0x00,0x00,0x00,0x47,0x00,0x04,0x00,0xCB,0x00,0x00,0x00,0x1E,0x00,0x00,0x00,
        0x01,0x00,0x00,0x00,0x47,0x00,0x04,0x00,0xD3,0x00,0x00,0x00,0x1E,0x00,0x00,0x00,
        0x01,0x00,0x00,0x00,0x47,0x00,0x04,0x00,0xDB,0x00,0x00,0x00,0x1E,0x00,0x00,0x00,
        0x02,0x00,0x00,0x00,0x47,0x00,0x04,0x00,0xDE,0x00,0x00,0x00,0x1E,0x00,0x00,0x00,
        0x03,0x00,0x00,0x00,0x13,0x00,0x02,0x00,0x02,0x00,0x00,0x00,0x21,0x00,0x03,0x00,
        0x03,0x00,0x00,0x00,0x02,0x00,0x00,0x00,0x16,0x00,0x03,0x00,0x06,0x00,0x00,0x00,
        0x20,0x00,0x00,0x00,0x17,0x00,0x04,0x00,0x07,0x00,0x00,0x00,0x06,0x00,0x00,0x00,
        0x04,0x00,0x00,0x00,0x17,0x00,0x04,0x00,0x08,0x00,0x00,0x00,0x06,0x00,0x00,0x00,
        0x02,0x00,0x00,0x00,0x1E,0x00,0x0B,0x00,0x09,0x00,0x00,0x00,0x07,0x00,0x00,0x00,
        0x08,0x00,0x00,0x00,0x06,0x00,0x00,0x00,0x06,0x00,0x00,0x00,0x07,0x00,0x00,0x00,
        0x07,0x00,0x00,0x00,0x06,0x00,0x00,0x00,0x06,0x00,0x00,0x00,0x08,0x00,0x00,0x00,
        0x20,0x00,0x04,0x00,0x0A,0x00,0x00,0x00,0x07,0x00,0x00,0x00,0x09,0x00,0x00,0x00,
        0x1E,0x00,0x0B,0x00,0x0C,0x00,0x00,0x00,0x07,0x00,0x00,0x00,0x08,0x00,0x00,0x00,
        0x06,0x00,0x00,0x00,0x06,0x00,0x00,0x00,0x07,0x00,0x00,0x00,0x07,0x00,0x00,0x00,
        0x06,0x00,0x00,0x00,0x06,0x00,0x00,0x00,0x08,0x00,0x00,0x00,0x1D,0x00,0x03,0x00,
        0x0D,0x00,0x00,0x00,0x0C,0x00,0x00,0x00,0x1E,0x00,0x03,0x00,0x0E,0x00,0x00,0x00,
        0x0D,0x00,0x00,0x00,0x20,0x00,0x04,0x00,0x0F,0x00,0x00,0x00,0x02,0x00,0x00,0x00,
        0x0E,0x00,0x00,0x00,0x3B,0x00,0x04,0x00,0x0F,0x00,0x00,0x00,0x10,0x00,0x00,0x00,
        0x02,0x00,0x00,0x00,0x15,0x00,0x04,0x00,0x11,0x00,0x00,0x00,0x20,0x00,0x00,0x00,
        0x01,0x00,0x00,0x00,0x2B,0x00,0x04,0x00,0x11,0x00,0x00,0x00,0x12,0x00,0x00,0x00,
        0x00,0x00,0x00,0x00,0x18,0x00,0x04,0x00,0x13,0x00,0x00,0x00,0x07,0x00,0x00,0x00,
        0x04,0x00,0x00,0x00,0x15,0x00,0x04,0x00,0x14,0x00,0x00,0x00,0x20,0x00,0x00,0x00,
        0x00,0x00,0x00,0x00,0x1E,0x00,0x07,0x00,0x15,0x00,0x00,0x00,0x13,0x00,0x00,0x00,
        0x13,0x00,0x00,0x00,0x08,0x00,0x00,0x00,0x06,0x00,0x00,0x00,0x14,0x00,0x00,0x00,
        0x20,0x00,0x04,0x00,0x16,0x00,0x00,0x00,0x02,0x00,0x00,0x00,0x15,0x00,0x00,0x00,
        0x3B,0x00,0x04,0x00,0x16,0x00,0x00,0x00,0x17,0x00,0x00,0x00,0x02,0x00,0x00,0x00,
        0x2B,0x00,0x04,0x00,0x11,0x00,0x00,0x00,0x18,0x00,0x00,0x00,0x04,0x00,0x00,0x00,
        0x20,0x00,0x04,0x00,0x19,0x00,0x00,0x00,0x02,0x00,0x00,0x00,0x14,0x00,0x00,0x00,
        0x20,0x00,0x04,0x00,0x1C,0x00,0x00,0x00,0x01,0x00,0x00,0x00,0x11,0x00,0x00,0x00,
        0x3B,0x00,0x04,0x00,0x1C,0x00,0x00,0x00,0x1D,0x00,0x00,0x00,0x01,0x00,0x00,0x00,
        0x20,0x00,0x04,0x00,0x21,0x00,0x00,0x00,0x02,0x00,0x00,0x00,0x0C,0x00,0x00,0x00,
        0x20,0x00,0x04,0x00,0x25,0x00,0x00,0x00,0x07,0x00,0x00,0x00,0x07,0x00,0x00,0x00,
        0x2B,0x00,0x04,0x00,0x11,0x00,0x00,0x00,0x28,0x00,0x00,0x00,0x01,0x00,0x00,0x00,
        0x20,0x00,0x04,0x00,0x29,0x00,0x00,0x00,0x07,0x00,0x00,0x00,0x08,0x00,0x00,0x00,
        0x2B,0x00,0x04,0x00,0x11,0x00,0x00,0x00,0x2C,0x00,0x00,0x00,0x02,0x00,0x00,0x00,
        0x20,0x00,0x04,0x00,0x2D,0x00,0x00,0x00,0x07,0x00,0x00,0x00,0x06,0x00,0x00,0x00,
        0x2B,0x00,0x04,0x00,0x11,0x00,0x00,0x00,0x30,0x00,0x00,0x00,0x03,0x00,0x00,0x00,
        0x2B,0x00,0x04,0x00,0x11,0x00,0x00,0x00,0x35,0x00,0x00,0x00,0x05,0x00,0x00,0x00,
        0x2B,0x00,0x04,0x00,0x11,0x00,0x00,0x00,0x38,0x00,0x00,0x00,0x06,0x00,0x00,0x00,
        0x2B,0x00,0x04,0x00,0x11,0x00,0x00,0x00,0x3B,0x00,0x00,0x00,0x07,0x00,0x00,0x00,
        0x2B,0x00,0x04,0x00,0x11,0x00,0x00,0x00,0x3E,0x00,0x00,0x00,0x08,0x00,0x00,0x00,
        0x20,0x00,0x04,0x00,0x43,0x00,0x00,0x00,0x02,0x00,0x00,0x00,0x06,0x00,0x00,0x00,
        0x20,0x00,0x04,0x00,0x48,0x00,0x00,0x00,0x01,0x00,0x00,0x00,0x08,0x00,0x00,0x00,
        0x3B,0x00,0x04,0x00,0x48,0x00,0x00,0x00,0x49,0x00,0x00,0x00,0x01,0x00,0x00,0x00,
        0x2B,0x00,0x04,0x00,0x06,0x00,0x00,0x00,0x4F,0x00,0x00,0x00,0x00,0x00,0x00,0x00,
        0x14,0x00,0x02,0x00,0x50,0x00,0x00,0x00,0x2B,0x00,0x04,0x00,0x14,0x00,0x00,0x00,
        0x5E,0x00,0x00,0x00,0x00,0x00,0x00,0x00,0x2B,0x00,0x04,0x00,0x14,0x00,0x00,0x00,
        0x63,0x00,0x00,0x00,0x01,0x00,0x00,0x00,0x2B,0x00,0x04,0x00,0x14,0x00,0x00,0x00,
        0x73,0x00,0x00,0x00,0x02,0x00,0x00,0x00,0x2B,0x00,0x04,0x00,0x06,0x00,0x00,0x00,
        0x76,0x00,0x00,0x00,0x00,0x00,0x80,0xBF,0x20,0x00,0x04,0x00,0x82,0x00,0x00,0x00,
        0x02,0x00,0x00,0x00,0x08,0x00,0x00,0x00,0x2B,0x00,0x04,0x00,0x06,0x00,0x00,0x00,
        0x86,0x00,0x00,0x00,0x00,0x00,0x00,0x40,0x2B,0x00,0x04,0x00,0x06,0x00,0x00,0x00,
        0x88,0x00,0x00,0x00,0x00,0x00,0x80,0x3F,0x17,0x00,0x04,0x00,0x91,0x00,0x00,0x00,
        0x06,0x00,0x00,0x00,0x03,0x00,0x00,0x00,0x20,0x00,0x04,0x00,0x92,0x00,0x00,0x00,
        0x07,0x00,0x00,0x00,0x91,0x00,0x00,0x00,0x20,0x00,0x04,0x00,0xB7,0x00,0x00,0x00,
        0x02,0x00,0x00,0x00,0x13,0x00,0x00,0x00,0x1C,0x00,0x04,0x00,0xBF,0x00,0x00,0x00,
        0x06,0x00,0x00,0x00,0x63,0x00,0x00,0x00,0x1E,0x00,0x06,0x00,0xC0,0x00,0x00,0x00,
        0x07,0x00,0x00,0x00,0x06,0x00,0x00,0x00,0xBF,0x00,0x00,0x00,0xBF,0x00,0x00,0x00,
        0x20,0x00,0x04,0x00,0xC1,0x00,0x00,0x00,0x03,0x00,0x00,0x00,0xC0,0x00,0x00,0x00,
        0x3B,0x00,0x04,0x00,0xC1,0x00,0x00,0x00,0xC2,0x00,0x00,0x00,0x03,0x00,0x00,0x00,
        0x20,0x00,0x04,0x00,0xC4,0x00,0x00,0x00,0x03,0x00,0x00,0x00,0x07,0x00,0x00,0x00,
        0x20,0x00,0x04,0x00,0xC6,0x00,0x00,0x00,0x03,0x00,0x00,0x00,0x08,0x00,0x00,0x00,
        0x3B,0x00,0x04,0x00,0xC6,0x00,0x00,0x00,0xC7,0x00,0x00,0x00,0x03,0x00,0x00,0x00,
        0x3B,0x00,0x04,0x00,0x48,0x00,0x00,0x00,0xCB,0x00,0x00,0x00,0x01,0x00,0x00,0x00,
        0x20,0x00,0x04,0x00,0xD2,0x00,0x00,0x00,0x03,0x00,0x00,0x00,0x91,0x00,0x00,0x00,
        0x3B,0x00,0x04,0x00,0xD2,0x00,0x00,0x00,0xD3,0x00,0x00,0x00,0x03,0x00,0x00,0x00,
        0x20,0x00,0x04,0x00,0xDA,0x00,0x00,0x00,0x03,0x00,0x00,0x00,0x06,0x00,0x00,0x00,
        0x3B,0x00,0x04,0x00,0xDA,0x00,0x00,0x00,0xDB,0x00,0x00,0x00,0x03,0x00,0x00,0x00,
        0x3B,0x00,0x04,0x00,0xDA,0x00,0x00,0x00,0xDE,0x00,0x00,0x00,0x03,0x00,0x00,0x00,
        0x2B,0x00,0x04,0x00,0x14,0x00,0x00,0x00,0xDF,0x00,0x00,0x00,0x03,0x00,0x00,0x00,
        0x36,0x00,0x05,0x00,0x02,0x00,0x00,0x00,0x04,0x00,0x00,0x00,0x00,0x00,0x00,0x00,
        0x03,0x00,0x00,0x00,0xF8,0x00,0x02,0x00,0x05,0x00,0x00,0x00,0x3B,0x00,0x04,0x00,
        0x0A,0x00,0x00,0x00,0x0B,0x00,0x00,0x00,0x07,0x00,0x00,0x00,0x3B,0x00,0x04,0x00,
        0x29,0x00,0x00,0x00,0x40,0x00,0x00,0x00,0x07,0x00,0x00,0x00,0x3B,0x00,0x04,0x00,
        0x29,0x00,0x00,0x00,0x47,0x00,0x00,0x00,0x07,0x00,0x00,0x00,0x3B,0x00,0x04,0x00,
        0x2D,0x00,0x00,0x00,0x54,0x00,0x00,0x00,0x07,0x00,0x00,0x00,0x3B,0x00,0x04,0x00,
        0x2D,0x00,0x00,0x00,0x58,0x00,0x00,0x00,0x07,0x00,0x00,0x00,0x3B,0x00,0x04,0x00,
        0x2D,0x00,0x00,0x00,0x5B,0x00,0x00,0x00,0x07,0x00,0x00,0x00,0x3B,0x00,0x04,0x00,
        0x29,0x00,0x00,0x00,0x7A,0x00,0x00,0x00,0x07,0x00,0x00,0x00,0x3B,0x00,0x04,0x00,
        0x29,0x00,0x00,0x00,0x80,0x00,0x00,0x00,0x07,0x00,0x00,0x00,0x3B,0x00,0x04,0x00,
        0x25,0x00,0x00,0x00,0x8B,0x00,0x00,0x00,0x07,0x00,0x00,0x00,0x3B,0x00,0x04,0x00,
        0x92,0x00,0x00,0x00,0x93,0x00,0x00,0x00,0x07,0x00,0x00,0x00,0x3B,0x00,0x04,0x00,
        0x92,0x00,0x00,0x00,0x9B,0x00,0x00,0x00,0x07,0x00,0x00,0x00,0x3B,0x00,0x04,0x00,
        0x92,0x00,0x00,0x00,0xA3,0x00,0x00,0x00,0x07,0x00,0x00,0x00,0x3B,0x00,0x04,0x00,
        0x25,0x00,0x00,0x00,0xAD,0x00,0x00,0x00,0x07,0x00,0x00,0x00,0x41,0x00,0x05,0x00,
        0x19,0x00,0x00,0x00,0x1A,0x00,0x00,0x00,0x17,0x00,0x00,0x00,0x18,0x00,0x00,0x00,
        0x3D,0x00,0x04,0x00,0x14,0x00,0x00,0x00,0x1B,0x00,0x00,0x00,0x1A,0x00,0x00,0x00,
        0x3D,0x00,0x04,0x00,0x11,0x00,0x00,0x00,0x1E,0x00,0x00,0x00,0x1D,0x00,0x00,0x00,
        0x7C,0x00,0x04,0x00,0x14,0x00,0x00,0x00,0x1F,0x00,0x00,0x00,0x1E,0x00,0x00,0x00,
        0x80,0x00,0x05,0x00,0x14,0x00,0x00,0x00,0x20,0x00,0x00,0x00,0x1B,0x00,0x00,0x00,
        0x1F,0x00,0x00,0x00,0x41,0x00,0x06,0x00,0x21,0x00,0x00,0x00,0x22,0x00,0x00,0x00,
        0x10,0x00,0x00,0x00,0x12,0x00,0x00,0x00,0x20,0x00,0x00,0x00,0x3D,0x00,0x04,0x00,
        0x0C,0x00,0x00,0x00,0x23,0x00,0x00,0x00,0x22,0x00,0x00,0x00,0x51,0x00,0x05,0x00,
        0x07,0x00,0x00,0x00,0x24,0x00,0x00,0x00,0x23,0x00,0x00,0x00,0x00,0x00,0x00,0x00,
        0x41,0x00,0x05,0x00,0x25,0x00,0x00,0x00,0x26,0x00,0x00,0x00,0x0B,0x00,0x00,0x00,
        0x12,0x00,0x00,0x00,0x3E,0x00,0x03,0x00,0x26,0x00,0x00,0x00,0x24,0x00,0x00,0x00,
        0x51,0x00,0x05,0x00,0x08,0x00,0x00,0x00,0x27,0x00,0x00,0x00,0x23,0x00,0x00,0x00,
        0x01,0x00,0x00,0x00,0x41,0x00,0x05,0x00,0x29,0x00,0x00,0x00,0x2A,0x00,0x00,0x00,
        0x0B,0x00,0x00,0x00,0x28,0x00,0x00,0x00,0x3E,0x00,0x03,0x00,0x2A,0x00,0x00,0x00,
        0x27,0x00,0x00,0x00,0x51,0x00,0x05,0x00,0x06,0x00,0x00,0x00,0x2B,0x00,0x00,0x00,
        0x23,0x00,0x00,0x00,0x02,0x00,0x00,0x00,0x41,0x00,0x05,0x00,0x2D,0x00,0x00,0x00,
        0x2E,0x00,0x00,0x00,0x0B,0x00,0x00,0x00,0x2C,0x00,0x00,0x00,0x3E,0x00,0x03,0x00,
        0x2E,0x00,0x00,0x00,0x2B,0x00,0x00,0x00,0x51,0x00,0x05,0x00,0x06,0x00,0x00,0x00,
        0x2F,0x00,0x00,0x00,0x23,0x00,0x00,0x00,0x03,0x00,0x00,0x00,0x41,0x00,0x05,0x00,
        0x2D,0x00,0x00,0x00,0x31,0x00,0x00,0x00,0x0B,0x00,0x00,0x00,0x30,0x00,0x00,0x00,
        0x3E,0x00,0x03,0x00,0x31,0x00,0x00,0x00,0x2F,0x00,0x00,0x00,0x51,0x00,0x05,0x00,
        0x07,0x00,0x00,0x00,0x32,0x00,0x00,0x00,0x23,0x00,0x00,0x00,0x04,0x00,0x00,0x00,
        0x41,0x00,0x05,0x00,0x25,0x00,0x00,0x00,0x33,0x00,0x00,0x00,0x0B,0x00,0x00,0x00,
        0x18,0x00,0x00,0x00,0x3E,0x00,0x03,0x00,0x33,0x00,0x00,0x00,0x32,0x00,0x00,0x00,
        0x51,0x00,0x05,0x00,0x07,0x00,0x00,0x00,0x34,0x00,0x00,0x00,0x23,0x00,0x00,0x00,
        0x05,0x00,0x00,0x00,0x41,0x00,0x05,0x00,0x25,0x00,0x00,0x00,0x36,0x00,0x00,0x00,
        0x0B,0x00,0x00,0x00,0x35,0x00,0x00,0x00,0x3E,0x00,0x03,0x00,0x36,0x00,0x00,0x00,
        0x34,0x00,0x00,0x00,0x51,0x00,0x05,0x00,0x06,0x00,0x00,0x00,0x37,0x00,0x00,0x00,
        0x23,0x00,0x00,0x00,0x06,0x00,0x00,0x00,0x41,0x00,0x05,0x00,0x2D,0x00,0x00,0x00,
        0x39,0x00,0x00,0x00,0x0B,0x00,0x00,0x00,0x38,0x00,0x00,0x00,0x3E,0x00,0x03,0x00,
        0x39,0x00,0x00,0x00,0x37,0x00,0x00,0x00,0x51,0x00,0x05,0x00,0x06,0x00,0x00,0x00,
        0x3A,0x00,0x00,0x00,0x23,0x00,0x00,0x00,0x07,0x00,0x00,0x00,0x41,0x00,0x05,0x00,
        0x2D,0x00,0x00,0x00,0x3C,0x00,0x00,0x00,0x0B,0x00,0x00,0x00,0x3B,0x00,0x00,0x00,
        0x3E,0x00,0x03,0x00,0x3C,0x00,0x00,0x00,0x3A,0x00,0x00,0x00,0x51,0x00,0x05,0x00,
        0x08,0x00,0x00,0x00,0x3D,0x00,0x00,0x00,0x23,0x00,0x00,0x00,0x08,0x00,0x00,0x00,
        0x41,0x00,0x05,0x00,0x29,0x00,0x00,0x00,0x3F,0x00,0x00,0x00,0x0B,0x00,0x00,0x00,
        0x3E,0x00,0x00,0x00,0x3E,0x00,0x03,0x00,0x3F,0x00,0x00,0x00,0x3D,0x00,0x00,0x00,
        0x41,0x00,0x05,0x00,0x29,0x00,0x00,0x00,0x41,0x00,0x00,0x00,0x0B,0x00,0x00,0x00,
        0x28,0x00,0x00,0x00,0x3D,0x00,0x04,0x00,0x08,0x00,0x00,0x00,0x42,0x00,0x00,0x00,
        0x41,0x00,0x00,0x00,0x41,0x00,0x05,0x00,0x43,0x00,0x00,0x00,0x44,0x00,0x00,0x00,
        0x17,0x00,0x00,0x00,0x30,0x00,0x00,0x00,0x3D,0x00,0x04,0x00,0x06,0x00,0x00,0x00,
        0x45,0x00,0x00,0x00,0x44,0x00,0x00,0x00,0x8E,0x00,0x05,0x00,0x08,0x00,0x00,0x00,
        0x46,0x00,0x00,0x00,0x42,0x00,0x00,0x00,0x45,0x00,0x00,0x00,0x3E,0x00,0x03,0x00,
        0x40,0x00,0x00,0x00,0x46,0x00,0x00,0x00,0x3D,0x00,0x04,0x00,0x08,0x00,0x00,0x00,
        0x4A,0x00,0x00,0x00,0x49,0x00,0x00,0x00,0x3D,0x00,0x04,0x00,0x08,0x00,0x00,0x00,
        0x4B,0x00,0x00,0x00,0x40,0x00,0x00,0x00,0x85,0x00,0x05,0x00,0x08,0x00,0x00,0x00,
        0x4C,0x00,0x00,0x00,0x4A,0x00,0x00,0x00,0x4B,0x00,0x00,0x00,0x3E,0x00,0x03,0x00,
        0x47,0x00,0x00,0x00,0x4C,0x00,0x00,0x00,0x41,0x00,0x05,0x00,0x2D,0x00,0x00,0x00,
        0x4D,0x00,0x00,0x00,0x0B,0x00,0x00,0x00,0x2C,0x00,0x00,0x00,0x3D,0x00,0x04,0x00,
        0x06,0x00,0x00,0x00,0x4E,0x00,0x00,0x00,0x4D,0x00,0x00,0x00,0xB7,0x00,0x05,0x00,
        0x50,0x00,0x00,0x00,0x51,0x00,0x00,0x00,0x4E,0x00,0x00,0x00,0x4F,0x00,0x00,0x00,
        0xF7,0x00,0x03,0x00,0x53,0x00,0x00,0x00,0x00,0x00,0x00,0x00,0xFA,0x00,0x04,0x00,
        0x51,0x00,0x00,0x00,0x52,0x00,0x00,0x00,0x53,0x00,0x00,0x00,0xF8,0x00,0x02,0x00,
        0x52,0x00,0x00,0x00,0x41,0x00,0x05,0x00,0x2D,0x00,0x00,0x00,0x55,0x00,0x00,0x00,
        0x0B,0x00,0x00,0x00,0x2C,0x00,0x00,0x00,0x3D,0x00,0x04,0x00,0x06,0x00,0x00,0x00,
        0x56,0x00,0x00,0x00,0x55,0x00,0x00,0x00,0x0C,0x00,0x06,0x00,0x06,0x00,0x00,0x00,
        0x57,0x00,0x00,0x00,0x01,0x00,0x00,0x00,0x0B,0x00,0x00,0x00,0x56,0x00,0x00,0x00,
        0x3E,0x00,0x03,0x00,0x54,0x00,0x00,0x00,0x57,0x00,0x00,0x00,0x3D,0x00,0x04,0x00,
        0x06,0x00,0x00,0x00,0x59,0x00,0x00,0x00,0x54,0x00,0x00,0x00,0x0C,0x00,0x06,0x00,
        0x06,0x00,0x00,0x00,0x5A,0x00,0x00,0x00,0x01,0x00,0x00,0x00,0x0E,0x00,0x00,0x00,
        0x59,0x00,0x00,0x00,0x3E,0x00,0x03,0x00,0x58,0x00,0x00,0x00,0x5A,0x00,0x00,0x00,
        0x3D,0x00,0x04,0x00,0x06,0x00,0x00,0x00,0x5C,0x00,0x00,0x00,0x54,0x00,0x00,0x00,
        0x0C,0x00,0x06,0x00,0x06,0x00,0x00,0x00,0x5D,0x00,0x00,0x00,0x01,0x00,0x00,0x00,
        0x0D,0x00,0x00,0x00,0x5C,0x00,0x00,0x00,0x3E,0x00,0x03,0x00,0x5B,0x00,0x00,0x00,
        0x5D,0x00,0x00,0x00,0x41,0x00,0x05,0x00,0x2D,0x00,0x00,0x00,0x5F,0x00,0x00,0x00,
        0x47,0x00,0x00,0x00,0x5E,0x00,0x00,0x00,0x3D,0x00,0x04,0x00,0x06,0x00,0x00,0x00,
        0x60,0x00,0x00,0x00,0x5F,0x00,0x00,0x00,0x3D,0x00,0x04,0x00,0x06,0x00,0x00,0x00,
        0x61,0x00,0x00,0x00,0x58,0x00,0x00,0x00,0x85,0x00,0x05,0x00,0x06,0x00,0x00,0x00,
        0x62,0x00,0x00,0x00,0x60,0x00,0x00,0x00,0x61,0x00,0x00,0x00,0x41,0x00,0x05,0x00,
        0x2D,0x00,0x00,0x00,0x64,0x00,0x00,0x00,0x47,0x00,0x00,0x00,0x63,0x00,0x00,0x00,
        0x3D,0x00,0x04,0x00,0x06,0x00,0x00,0x00,0x65,0x00,0x00,0x00,0x64,0x00,0x00,0x00,
        0x3D,0x00,0x04,0x00,0x06,0x00,0x00,0x00,0x66,0x00,0x00,0x00,0x5B,0x00,0x00,0x00,
        0x85,0x00,0x05,0x00,0x06,0x00,0x00,0x00,0x67,0x00,0x00,0x00,0x65,0x00,0x00,0x00,
        0x66,0x00,0x00,0x00,0x83,0x00,0x05,0x00,0x06,0x00,0x00,0x00,0x68,0x00,0x00,0x00,
        0x62,0x00,0x00,0x00,0x67,0x00,0x00,0x00,0x41,0x00,0x05,0x00,0x2D,0x00,0x00,0x00,
        0x69,0x00,0x00,0x00,0x47,0x00,0x00,0x00,0x5E,0x00,0x00,0x00,0x3D,0x00,0x04,0x00,
        0x06,0x00,0x00,0x00,0x6A,0x00,0x00,0x00,0x69,0x00,0x00,0x00,0x3D,0x00,0x04,0x00,
        0x06,0x00,0x00,0x00,0x6B,0x00,0x00,0x00,0x5B,0x00,0x00,0x00,0x85,0x00,0x05,0x00,
        0x06,0x00,0x00,0x00,0x6C,0x00,0x00,0x00,0x6A,0x00,0x00,0x00,0x6B,0x00,0x00,0x00,
        0x41,0x00,0x05,0x00,0x2D,0x00,0x00,0x00,0x6D,0x00,0x00,0x00,0x47,0x00,0x00,0x00,
        0x63,0x00,0x00,0x00,0x3D,0x00,0x04,0x00,0x06,0x00,0x00,0x00,0x6E,0x00,0x00,0x00,
        0x6D,0x00,0x00,0x00,0x3D,0x00,0x04,0x00,0x06,0x00,0x00,0x00,0x6F,0x00,0x00,0x00,
        0x58,0x00,0x00,0x00,0x85,0x00,0x05,0x00,0x06,0x00,0x00,0x00,0x70,0x00,0x00,0x00,
        0x6E,0x00,0x00,0x00,0x6F,0x00,0x00,0x00,0x81,0x00,0x05,0x00,0x06,0x00,0x00,0x00,
        0x71,0x00,0x00,0x00,0x6C,0x00,0x00,0x00,0x70,0x00,0x00,0x00,0x50,0x00,0x05,0x00,
        0x08,0x00,0x00,0x00,0x72,0x00,0x00,0x00,0x68,0x00,0x00,0x00,0x71,0x00,0x00,0x00,
        0x3E,0x00,0x03,0x00,0x47,0x00,0x00,0x00,0x72,0x00,0x00,0x00,0xF9,0x00,0x02,0x00,
        0x53,0x00,0x00,0x00,0xF8,0x00,0x02,0x00,0x53,0x00,0x00,0x00,0x41,0x00,0x06,0x00,
        0x2D,0x00,0x00,0x00,0x74,0x00,0x00,0x00,0x0B,0x00,0x00,0x00,0x12,0x00,0x00,0x00,
        0x73,0x00,0x00,0x00,0x3D,0x00,0x04,0x00,0x06,0x00,0x00,0x00,0x75,0x00,0x00,0x00,
        0x74,0x00,0x00,0x00,0xB4,0x00,0x05,0x00,0x50,0x00,0x00,0x00,0x77,0x00,0x00,0x00,
        0x75,0x00,0x00,0x00,0x76,0x00,0x00,0x00,0xF7,0x00,0x03,0x00,0x79,0x00,0x00,0x00,
        0x00,0x00,0x00,0x00,0xFA,0x00,0x04,0x00,0x77,0x00,0x00,0x00,0x78,0x00,0x00,0x00,
        0x90,0x00,0x00,0x00,0xF8,0x00,0x02,0x00,0x78,0x00,0x00,0x00,0x41,0x00,0x05,0x00,
        0x25,0x00,0x00,0x00,0x7B,0x00,0x00,0x00,0x0B,0x00,0x00,0x00,0x12,0x00,0x00,0x00,
        0x3D,0x00,0x04,0x00,0x07,0x00,0x00,0x00,0x7C,0x00,0x00,0x00,0x7B,0x00,0x00,0x00,
        0x4F,0x00,0x07,0x00,0x08,0x00,0x00,0x00,0x7D,0x00,0x00,0x00,0x7C,0x00,0x00,0x00,
        0x7C,0x00,0x00,0x00,0x00,0x00,0x00,0x00,0x01,0x00,0x00,0x00,0x3D,0x00,0x04,0x00,
        0x08,0x00,0x00,0x00,0x7E,0x00,0x00,0x00,0x47,0x00,0x00,0x00,0x81,0x00,0x05,0x00,
        0x08,0x00,0x00,0x00,0x7F,0x00,0x00,0x00,0x7D,0x00,0x00,0x00,0x7E,0x00,0x00,0x00,
        0x3E,0x00,0x03,0x00,0x7A,0x00,0x00,0x00,0x7F,0x00,0x00,0x00,0x3D,0x00,0x04,0x00,
        0x08,0x00,0x00,0x00,0x81,0x00,0x00,0x00,0x7A,0x00,0x00,0x00,0x41,0x00,0x05,0x00,
        0x82,0x00,0x00,0x00,0x83,0x00,0x00,0x00,0x17,0x00,0x00,0x00,0x2C,0x00,0x00,0x00,
        0x3D,0x00,0x04,0x00,0x08,0x00,0x00,0x00,0x84,0x00,0x00,0x00,0x83,0x00,0x00,0x00,
        0x88,0x00,0x05,0x00,0x08,0x00,0x00,0x00,0x85,0x00,0x00,0x00,0x81,0x00,0x00,0x00,
        0x84,0x00,0x00,0x00,0x8E,0x00,0x05,0x00,0x08,0x00,0x00,0x00,0x87,0x00,0x00,0x00,
        0x85,0x00,0x00,0x00,0x86,0x00,0x00,0x00,0x50,0x00,0x05,0x00,0x08,0x00,0x00,0x00,
        0x89,0x00,0x00,0x00,0x88,0x00,0x00,0x00,0x88,0x00,0x00,0x00,0x83,0x00,0x05,0x00,
        0x08,0x00,0x00,0x00,0x8A,0x00,0x00,0x00,0x87,0x00,0x00,0x00,0x89,0x00,0x00,0x00,
        0x3E,0x00,0x03,0x00,0x80,0x00,0x00,0x00,0x8A,0x00,0x00,0x00,0x3D,0x00,0x04,0x00,
        0x08,0x00,0x00,0x00,0x8C,0x00,0x00,0x00,0x80,0x00,0x00,0x00,0x51,0x00,0x05,0x00,
        0x06,0x00,0x00,0x00,0x8D,0x00,0x00,0x00,0x8C,0x00,0x00,0x00,0x00,0x00,0x00,0x00,
        0x51,0x00,0x05,0x00,0x06,0x00,0x00,0x00,0x8E,0x00,0x00,0x00,0x8C,0x00,0x00,0x00,
        0x01,0x00,0x00,0x00,0x50,0x00,0x07,0x00,0x07,0x00,0x00,0x00,0x8F,0x00,0x00,0x00,
        0x8D,0x00,0x00,0x00,0x8E,0x00,0x00,0x00,0x4F,0x00,0x00,0x00,0x88,0x00,0x00,0x00,
        0x3E,0x00,0x03,0x00,0x8B,0x00,0x00,0x00,0x8F,0x00,0x00,0x00,0xF9,0x00,0x02,0x00,
        0x79,0x00,0x00,0x00,0xF8,0x00,0x02,0x00,0x90,0x00,0x00,0x00,0x41,0x00,0x07,0x00,
        0x43,0x00,0x00,0x00,0x94,0x00,0x00,0x00,0x17,0x00,0x00,0x00,0x12,0x00,0x00,0x00,
        0x12,0x00,0x00,0x00,0x5E,0x00,0x00,0x00,0x3D,0x00,0x04,0x00,0x06,0x00,0x00,0x00,
        0x95,0x00,0x00,0x00,0x94,0x00,0x00,0x00,0x41,0x00,0x07,0x00,0x43,0x00,0x00,0x00,
        0x96,0x00,0x00,0x00,0x17,0x00,0x00,0x00,0x12,0x00,0x00,0x00,0x28,0x00,0x00,0x00,
        0x5E,0x00,0x00,0x00,0x3D,0x00,0x04,0x00,0x06,0x00,0x00,0x00,0x97,0x00,0x00,0x00,
        0x96,0x00,0x00,0x00,0x41,0x00,0x07,0x00,0x43,0x00,0x00,0x00,0x98,0x00,0x00,0x00,
        0x17,0x00,0x00,0x00,0x12,0x00,0x00,0x00,0x2C,0x00,0x00,0x00,0x5E,0x00,0x00,0x00,
        0x3D,0x00,0x04,0x00,0x06,0x00,0x00,0x00,0x99,0x00,0x00,0x00,0x98,0x00,0x00,0x00,
        0x50,0x00,0x06,0x00,0x91,0x00,0x00,0x00,0x9A,0x00,0x00,0x00,0x95,0x00,0x00,0x00,
        0x97,0x00,0x00,0x00,0x99,0x00,0x00,0x00,0x3E,0x00,0x03,0x00,0x93,0x00,0x00,0x00,
        0x9A,0x00,0x00,0x00,0x41,0x00,0x07,0x00,0x43,0x00,0x00,0x00,0x9C,0x00,0x00,0x00,
        0x17,0x00,0x00,0x00,0x12,0x00,0x00,0x00,0x12,0x00,0x00,0x00,0x63,0x00,0x00,0x00,
        0x3D,0x00,0x04,0x00,0x06,0x00,0x00,0x00,0x9D,0x00,0x00,0x00,0x9C,0x00,0x00,0x00,
        0x41,0x00,0x07,0x00,0x43,0x00,0x00,0x00,0x9E,0x00,0x00,0x00,0x17,0x00,0x00,0x00,
        0x12,0x00,0x00,0x00,0x28,0x00,0x00,0x00,0x63,0x00,0x00,0x00,0x3D,0x00,0x04,0x00,
        0x06,0x00,0x00,0x00,0x9F,0x00,0x00,0x00,0x9E,0x00,0x00,0x00,0x41,0x00,0x07,0x00,
        0x43,0x00,0x00,0x00,0xA0,0x00,0x00,0x00,0x17,0x00,0x00,0x00,0x12,0x00,0x00,0x00,
        0x2C,0x00,0x00,0x00,0x63,0x00,0x00,0x00,0x3D,0x00,0x04,0x00,0x06,0x00,0x00,0x00,
        0xA1,0x00,0x00,0x00,0xA0,0x00,0x00,0x00,0x50,0x00,0x06,0x00,0x91,0x00,0x00,0x00,
        0xA2,0x00,0x00,0x00,0x9D,0x00,0x00,0x00,0x9F,0x00,0x00,0x00,0xA1,0x00,0x00,0x00,
        0x3E,0x00,0x03,0x00,0x9B,0x00,0x00,0x00,0xA2,0x00,0x00,0x00,0x41,0x00,0x05,0x00,
        0x2D,0x00,0x00,0x00,0xA4,0x00,0x00,0x00,0x47,0x00,0x00,0x00,0x5E,0x00,0x00,0x00,
        0x3D,0x00,0x04,0x00,0x06,0x00,0x00,0x00,0xA5,0x00,0x00,0x00,0xA4,0x00,0x00,0x00,
        0x3D,0x00,0x04,0x00,0x91,0x00,0x00,0x00,0xA6,0x00,0x00,0x00,0x93,0x00,0x00,0x00,
        0x8E,0x00,0x05,0x00,0x91,0x00,0x00,0x00,0xA7,0x00,0x00,0x00,0xA6,0x00,0x00,0x00,
        0xA5,0x00,0x00,0x00,0x41,0x00,0x05,0x00,0x2D,0x00,0x00,0x00,0xA8,0x00,0x00,0x00,
        0x47,0x00,0x00,0x00,0x63,0x00,0x00,0x00,0x3D,0x00,0x04,0x00,0x06,0x00,0x00,0x00,
        0xA9,0x00,0x00,0x00,0xA8,0x00,0x00,0x00,0x3D,0x00,0x04,0x00,0x91,0x00,0x00,0x00,
        0xAA,0x00,0x00,0x00,0x9B,0x00,0x00,0x00,0x8E,0x00,0x05,0x00,0x91,0x00,0x00,0x00,
        0xAB,0x00,0x00,0x00,0xAA,0x00,0x00,0x00,0xA9,0x00,0x00,0x00,0x81,0x00,0x05,0x00,
        0x91,0x00,0x00,0x00,0xAC,0x00,0x00,0x00,0xA7,0x00,0x00,0x00,0xAB,0x00,0x00,0x00,
        0x3E,0x00,0x03,0x00,0xA3,0x00,0x00,0x00,0xAC,0x00,0x00,0x00,0x41,0x00,0x05,0x00,
        0x25,0x00,0x00,0x00,0xAE,0x00,0x00,0x00,0x0B,0x00,0x00,0x00,0x12,0x00,0x00,0x00,
        0x3D,0x00,0x04,0x00,0x07,0x00,0x00,0x00,0xAF,0x00,0x00,0x00,0xAE,0x00,0x00,0x00,
        0x4F,0x00,0x08,0x00,0x91,0x00,0x00,0x00,0xB0,0x00,0x00,0x00,0xAF,0x00,0x00,0x00,
        0xAF,0x00,0x00,0x00,0x00,0x00,0x00,0x00,0x01,0x00,0x00,0x00,0x02,0x00,0x00,0x00,
        0x3D,0x00,0x04,0x00,0x91,0x00,0x00,0x00,0xB1,0x00,0x00,0x00,0xA3,0x00,0x00,0x00,
        0x81,0x00,0x05,0x00,0x91,0x00,0x00,0x00,0xB2,0x00,0x00,0x00,0xB0,0x00,0x00,0x00,
        0xB1,0x00,0x00,0x00,0x51,0x00,0x05,0x00,0x06,0x00,0x00,0x00,0xB3,0x00,0x00,0x00,
        0xB2,0x00,0x00,0x00,0x00,0x00,0x00,0x00,0x51,0x00,0x05,0x00,0x06,0x00,0x00,0x00,
        0xB4,0x00,0x00,0x00,0xB2,0x00,0x00,0x00,0x01,0x00,0x00,0x00,0x51,0x00,0x05,0x00,
        0x06,0x00,0x00,0x00,0xB5,0x00,0x00,0x00,0xB2,0x00,0x00,0x00,0x02,0x00,0x00,0x00,
        0x50,0x00,0x07,0x00,0x07,0x00,0x00,0x00,0xB6,0x00,0x00,0x00,0xB3,0x00,0x00,0x00,
        0xB4,0x00,0x00,0x00,0xB5,0x00,0x00,0x00,0x88,0x00,0x00,0x00,0x3E,0x00,0x03,0x00,
        0xAD,0x00,0x00,0x00,0xB6,0x00,0x00,0x00,0x41,0x00,0x05,0x00,0xB7,0x00,0x00,0x00,
        0xB8,0x00,0x00,0x00,0x17,0x00,0x00,0x00,0x28,0x00,0x00,0x00,0x3D,0x00,0x04,0x00,
        0x13,0x00,0x00,0x00,0xB9,0x00,0x00,0x00,0xB8,0x00,0x00,0x00,0x41,0x00,0x05,0x00,
        0xB7,0x00,0x00,0x00,0xBA,0x00,0x00,0x00,0x17,0x00,0x00,0x00,0x12,0x00,0x00,0x00,
        0x3D,0x00,0x04,0x00,0x13,0x00,0x00,0x00,0xBB,0x00,0x00,0x00,0xBA,0x00,0x00,0x00,
        0x92,0x00,0x05,0x00,0x13,0x00,0x00,0x00,0xBC,0x00,0x00,0x00,0xB9,0x00,0x00,0x00,
        0xBB,0x00,0x00,0x00,0x3D,0x00,0x04,0x00,0x07,0x00,0x00,0x00,0xBD,0x00,0x00,0x00,
        0xAD,0x00,0x00,0x00,0x91,0x00,0x05,0x00,0x07,0x00,0x00,0x00,0xBE,0x00,0x00,0x00,
        0xBC,0x00,0x00,0x00,0xBD,0x00,0x00,0x00,0x3E,0x00,0x03,0x00,0x8B,0x00,0x00,0x00,
        0xBE,0x00,0x00,0x00,0xF9,0x00,0x02,0x00,0x79,0x00,0x00,0x00,0xF8,0x00,0x02,0x00,
        0x79,0x00,0x00,0x00,0x3D,0x00,0x04,0x00,0x07,0x00,0x00,0x00,0xC3,0x00,0x00,0x00,
        0x8B,0x00,0x00,0x00,0x41,0x00,0x05,0x00,0xC4,0x00,0x00,0x00,0xC5,0x00,0x00,0x00,
        0xC2,0x00,0x00,0x00,0x12,0x00,0x00,0x00,0x3E,0x00,0x03,0x00,0xC5,0x00,0x00,0x00,
        0xC3,0x00,0x00,0x00,0x41,0x00,0x05,0x00,0x25,0x00,0x00,0x00,0xC8,0x00,0x00,0x00,
        0x0B,0x00,0x00,0x00,0x35,0x00,0x00,0x00,0x3D,0x00,0x04,0x00,0x07,0x00,0x00,0x00,
        0xC9,0x00,0x00,0x00,0xC8,0x00,0x00,0x00,0x4F,0x00,0x07,0x00,0x08,0x00,0x00,0x00,
        0xCA,0x00,0x00,0x00,0xC9,0x00,0x00,0x00,0xC9,0x00,0x00,0x00,0x00,0x00,0x00,0x00,
        0x01,0x00,0x00,0x00,0x3D,0x00,0x04,0x00,0x08,0x00,0x00,0x00,0xCC,0x00,0x00,0x00,
        0xCB,0x00,0x00,0x00,0x41,0x00,0x05,0x00,0x25,0x00,0x00,0x00,0xCD,0x00,0x00,0x00,
        0x0B,0x00,0x00,0x00,0x35,0x00,0x00,0x00,0x3D,0x00,0x04,0x00,0x07,0x00,0x00,0x00,
        0xCE,0x00,0x00,0x00,0xCD,0x00,0x00,0x00,0x4F,0x00,0x07,0x00,0x08,0x00,0x00,0x00,
        0xCF,0x00,0x00,0x00,0xCE,0x00,0x00,0x00,0xCE,0x00,0x00,0x00,0x02,0x00,0x00,0x00,
        0x03,0x00,0x00,0x00,0x85,0x00,0x05,0x00,0x08,0x00,0x00,0x00,0xD0,0x00,0x00,0x00,
        0xCC,0x00,0x00,0x00,0xCF,0x00,0x00,0x00,0x81,0x00,0x05,0x00,0x08,0x00,0x00,0x00,
        0xD1,0x00,0x00,0x00,0xCA,0x00,0x00,0x00,0xD0,0x00,0x00,0x00,0x3E,0x00,0x03,0x00,
        0xC7,0x00,0x00,0x00,0xD1,0x00,0x00,0x00,0x41,0x00,0x05,0x00,0x25,0x00,0x00,0x00,
        0xD4,0x00,0x00,0x00,0x0B,0x00,0x00,0x00,0x18,0x00,0x00,0x00,0x3D,0x00,0x04,0x00,
        0x07,0x00,0x00,0x00,0xD5,0x00,0x00,0x00,0xD4,0x00,0x00,0x00,0x4F,0x00,0x08,0x00,
        0x91,0x00,0x00,0x00,0xD6,0x00,0x00,0x00,0xD5,0x00,0x00,0x00,0xD5,0x00,0x00,0x00,
        0x00,0x00,0x00,0x00,0x01,0x00,0x00,0x00,0x02,0x00,0x00,0x00,0x50,0x00,0x06,0x00,
        0x91,0x00,0x00,0x00,0xD7,0x00,0x00,0x00,0x4F,0x00,0x00,0x00,0x4F,0x00,0x00,0x00,
        0x4F,0x00,0x00,0x00,0x50,0x00,0x06,0x00,0x91,0x00,0x00,0x00,0xD8,0x00,0x00,0x00,
        0x88,0x00,0x00,0x00,0x88,0x00,0x00,0x00,0x88,0x00,0x00,0x00,0x0C,0x00,0x08,0x00,
        0x91,0x00,0x00,0x00,0xD9,0x00,0x00,0x00,0x01,0x00,0x00,0x00,0x2B,0x00,0x00,0x00,
        0xD6,0x00,0x00,0x00,0xD7,0x00,0x00,0x00,0xD8,0x00,0x00,0x00,0x3E,0x00,0x03,0x00,
        0xD3,0x00,0x00,0x00,0xD9,0x00,0x00,0x00,0x41,0x00,0x05,0x00,0x2D,0x00,0x00,0x00,
        0xDC,0x00,0x00,0x00,0x0B,0x00,0x00,0x00,0x38,0x00,0x00,0x00,0x3D,0x00,0x04,0x00,
        0x06,0x00,0x00,0x00,0xDD,0x00,0x00,0x00,0xDC,0x00,0x00,0x00,0x3E,0x00,0x03,0x00,
        0xDB,0x00,0x00,0x00,0xDD,0x00,0x00,0x00,0x41,0x00,0x06,0x00,0x2D,0x00,0x00,0x00,
        0xE0,0x00,0x00,0x00,0x0B,0x00,0x00,0x00,0x18,0x00,0x00,0x00,0xDF,0x00,0x00,0x00,
        0x3D,0x00,0x04,0x00,0x06,0x00,0x00,0x00,0xE1,0x00,0x00,0x00,0xE0,0x00,0x00,0x00,
        0x3E,0x00,0x03,0x00,0xDE,0x00,0x00,0x00,0xE1,0x00,0x00,0x00,0xFD,0x00,0x01,0x00,
        0x38,0x00,0x01,0x00,
    };
    inline const size_t g_spv_sprite_vert_spv_size = sizeof(g_spv_sprite_vert_spv);

    // terrain.frag.spv (4104 bytes)
    alignas(4) inline const uint8_t g_spv_terrain_frag_spv[] = {
        0x03,0x02,0x23,0x07,0x00,0x00,0x01,0x00,0x0B,0x00,0x0D,0x00,0x93,0x00,0x00,0x00,
        0x00,0x00,0x00,0x00,0x11,0x00,0x02,0x00,0x01,0x00,0x00,0x00,0x0B,0x00,0x06,0x00,
        0x01,0x00,0x00,0x00,0x47,0x4C,0x53,0x4C,0x2E,0x73,0x74,0x64,0x2E,0x34,0x35,0x30,
        0x00,0x00,0x00,0x00,0x0E,0x00,0x03,0x00,0x00,0x00,0x00,0x00,0x01,0x00,0x00,0x00,
        0x0F,0x00,0x09,0x00,0x04,0x00,0x00,0x00,0x04,0x00,0x00,0x00,0x6D,0x61,0x69,0x6E,
        0x00,0x00,0x00,0x00,0x11,0x00,0x00,0x00,0x17,0x00,0x00,0x00,0x5E,0x00,0x00,0x00,
        0x89,0x00,0x00,0x00,0x10,0x00,0x03,0x00,0x04,0x00,0x00,0x00,0x07,0x00,0x00,0x00,
        0x03,0x00,0x03,0x00,0x02,0x00,0x00,0x00,0xC2,0x01,0x00,0x00,0x04,0x00,0x0A,0x00,
        0x47,0x4C,0x5F,0x47,0x4F,0x4F,0x47,0x4C,0x45,0x5F,0x63,0x70,0x70,0x5F,0x73,0x74,
        0x79,0x6C,0x65,0x5F,0x6C,0x69,0x6E,0x65,0x5F,0x64,0x69,0x72,0x65,0x63,0x74,0x69,
        0x76,0x65,0x00,0x00,0x04,0x00,0x08,0x00,0x47,0x4C,0x5F,0x47,0x4F,0x4F,0x47,0x4C,
        0x45,0x5F,0x69,0x6E,0x63,0x6C,0x75,0x64,0x65,0x5F,0x64,0x69,0x72,0x65,0x63,0x74,
        0x69,0x76,0x65,0x00,0x05,0x00,0x04,0x00,0x04,0x00,0x00,0x00,0x6D,0x61,0x69,0x6E,
        0x00,0x00,0x00,0x00,0x05,0x00,0x05,0x00,0x09,0x00,0x00,0x00,0x74,0x65,0x78,0x43,
        0x6F,0x6C,0x6F,0x72,0x00,0x00,0x00,0x00,0x05,0x00,0x05,0x00,0x0D,0x00,0x00,0x00,
        0x75,0x54,0x65,0x78,0x74,0x75,0x72,0x65,0x00,0x00,0x00,0x00,0x05,0x00,0x03,0x00,
        0x11,0x00,0x00,0x00,0x76,0x55,0x56,0x00,0x05,0x00,0x05,0x00,0x15,0x00,0x00,0x00,
        0x66,0x69,0x6E,0x61,0x6C,0x41,0x6C,0x70,0x68,0x61,0x00,0x00,0x05,0x00,0x04,0x00,
        0x17,0x00,0x00,0x00,0x76,0x43,0x6F,0x6C,0x6F,0x72,0x00,0x00,0x05,0x00,0x06,0x00,
        0x20,0x00,0x00,0x00,0x41,0x4C,0x50,0x48,0x41,0x5F,0x43,0x55,0x54,0x4F,0x46,0x46,
        0x00,0x00,0x00,0x00,0x05,0x00,0x06,0x00,0x2C,0x00,0x00,0x00,0x64,0x79,0x6E,0x61,
        0x6D,0x69,0x63,0x4C,0x69,0x67,0x68,0x74,0x00,0x00,0x00,0x00,0x05,0x00,0x08,0x00,
        0x2E,0x00,0x00,0x00,0x45,0x4E,0x41,0x42,0x4C,0x45,0x5F,0x44,0x59,0x4E,0x41,0x4D,
        0x49,0x43,0x5F,0x4C,0x49,0x47,0x48,0x54,0x00,0x00,0x00,0x00,0x05,0x00,0x04,0x00,
        0x32,0x00,0x00,0x00,0x63,0x6F,0x75,0x6E,0x74,0x00,0x00,0x00,0x05,0x00,0x05,0x00,
        0x34,0x00,0x00,0x00,0x50,0x6F,0x69,0x6E,0x74,0x4C,0x69,0x67,0x68,0x74,0x00,0x00,
        0x06,0x00,0x06,0x00,0x34,0x00,0x00,0x00,0x00,0x00,0x00,0x00,0x70,0x6F,0x73,0x52,
        0x61,0x64,0x69,0x75,0x73,0x00,0x00,0x00,0x06,0x00,0x07,0x00,0x34,0x00,0x00,0x00,
        0x01,0x00,0x00,0x00,0x63,0x6F,0x6C,0x6F,0x72,0x49,0x6E,0x74,0x65,0x6E,0x73,0x69,
        0x74,0x79,0x00,0x00,0x05,0x00,0x05,0x00,0x37,0x00,0x00,0x00,0x54,0x65,0x72,0x72,
        0x61,0x69,0x6E,0x55,0x42,0x4F,0x00,0x00,0x06,0x00,0x06,0x00,0x37,0x00,0x00,0x00,
        0x00,0x00,0x00,0x00,0x75,0x56,0x69,0x65,0x77,0x4D,0x61,0x74,0x72,0x69,0x78,0x00,
        0x06,0x00,0x06,0x00,0x37,0x00,0x00,0x00,0x01,0x00,0x00,0x00,0x75,0x50,0x72,0x6F,
        0x6A,0x4D,0x61,0x74,0x72,0x69,0x78,0x00,0x06,0x00,0x05,0x00,0x37,0x00,0x00,0x00,
        0x02,0x00,0x00,0x00,0x75,0x4C,0x69,0x67,0x68,0x74,0x73,0x00,0x06,0x00,0x06,0x00,
        0x37,0x00,0x00,0x00,0x03,0x00,0x00,0x00,0x75,0x4E,0x75,0x6D,0x4C,0x69,0x67,0x68,
        0x74,0x73,0x00,0x00,0x06,0x00,0x05,0x00,0x37,0x00,0x00,0x00,0x04,0x00,0x00,0x00,
        0x5F,0x70,0x61,0x64,0x30,0x00,0x00,0x00,0x06,0x00,0x05,0x00,0x37,0x00,0x00,0x00,
        0x05,0x00,0x00,0x00,0x5F,0x70,0x61,0x64,0x31,0x00,0x00,0x00,0x06,0x00,0x05,0x00,
        0x37,0x00,0x00,0x00,0x06,0x00,0x00,0x00,0x5F,0x70,0x61,0x64,0x32,0x00,0x00,0x00,
        0x05,0x00,0x03,0x00,0x39,0x00,0x00,0x00,0x00,0x00,0x00,0x00,0x05,0x00,0x03,0x00,
        0x40,0x00,0x00,0x00,0x69,0x00,0x00,0x00,0x05,0x00,0x05,0x00,0x4A,0x00,0x00,0x00,
        0x6C,0x69,0x67,0x68,0x74,0x50,0x6F,0x73,0x00,0x00,0x00,0x00,0x05,0x00,0x04,0x00,
        0x52,0x00,0x00,0x00,0x72,0x61,0x64,0x69,0x75,0x73,0x00,0x00,0x05,0x00,0x04,0x00,
        0x5C,0x00,0x00,0x00,0x64,0x69,0x73,0x74,0x00,0x00,0x00,0x00,0x05,0x00,0x05,0x00,
        0x5E,0x00,0x00,0x00,0x76,0x57,0x6F,0x72,0x6C,0x64,0x50,0x6F,0x73,0x00,0x00,0x00,
        0x05,0x00,0x04,0x00,0x67,0x00,0x00,0x00,0x61,0x74,0x74,0x65,0x6E,0x00,0x00,0x00,
        0x05,0x00,0x05,0x00,0x80,0x00,0x00,0x00,0x66,0x69,0x6E,0x61,0x6C,0x52,0x47,0x42,
        0x00,0x00,0x00,0x00,0x05,0x00,0x05,0x00,0x89,0x00,0x00,0x00,0x46,0x72,0x61,0x67,
        0x43,0x6F,0x6C,0x6F,0x72,0x00,0x00,0x00,0x47,0x00,0x04,0x00,0x0D,0x00,0x00,0x00,
        0x21,0x00,0x00,0x00,0x00,0x00,0x00,0x00,0x47,0x00,0x04,0x00,0x0D,0x00,0x00,0x00,
        0x22,0x00,0x00,0x00,0x02,0x00,0x00,0x00,0x47,0x00,0x04,0x00,0x11,0x00,0x00,0x00,
        0x1E,0x00,0x00,0x00,0x00,0x00,0x00,0x00,0x47,0x00,0x04,0x00,0x17,0x00,0x00,0x00,
        0x1E,0x00,0x00,0x00,0x01,0x00,0x00,0x00,0x47,0x00,0x04,0x00,0x20,0x00,0x00,0x00,
        0x01,0x00,0x00,0x00,0x01,0x00,0x00,0x00,0x47,0x00,0x04,0x00,0x2E,0x00,0x00,0x00,
        0x01,0x00,0x00,0x00,0x00,0x00,0x00,0x00,0x48,0x00,0x05,0x00,0x34,0x00,0x00,0x00,
        0x00,0x00,0x00,0x00,0x23,0x00,0x00,0x00,0x00,0x00,0x00,0x00,0x48,0x00,0x05,0x00,
        0x34,0x00,0x00,0x00,0x01,0x00,0x00,0x00,0x23,0x00,0x00,0x00,0x10,0x00,0x00,0x00,
        0x47,0x00,0x04,0x00,0x36,0x00,0x00,0x00,0x06,0x00,0x00,0x00,0x20,0x00,0x00,0x00,
        0x47,0x00,0x03,0x00,0x37,0x00,0x00,0x00,0x02,0x00,0x00,0x00,0x48,0x00,0x04,0x00,
        0x37,0x00,0x00,0x00,0x00,0x00,0x00,0x00,0x05,0x00,0x00,0x00,0x48,0x00,0x05,0x00,
        0x37,0x00,0x00,0x00,0x00,0x00,0x00,0x00,0x07,0x00,0x00,0x00,0x10,0x00,0x00,0x00,
        0x48,0x00,0x05,0x00,0x37,0x00,0x00,0x00,0x00,0x00,0x00,0x00,0x23,0x00,0x00,0x00,
        0x00,0x00,0x00,0x00,0x48,0x00,0x04,0x00,0x37,0x00,0x00,0x00,0x01,0x00,0x00,0x00,
        0x05,0x00,0x00,0x00,0x48,0x00,0x05,0x00,0x37,0x00,0x00,0x00,0x01,0x00,0x00,0x00,
        0x07,0x00,0x00,0x00,0x10,0x00,0x00,0x00,0x48,0x00,0x05,0x00,0x37,0x00,0x00,0x00,
        0x01,0x00,0x00,0x00,0x23,0x00,0x00,0x00,0x40,0x00,0x00,0x00,0x48,0x00,0x05,0x00,
        0x37,0x00,0x00,0x00,0x02,0x00,0x00,0x00,0x23,0x00,0x00,0x00,0x80,0x00,0x00,0x00,
        0x48,0x00,0x05,0x00,0x37,0x00,0x00,0x00,0x03,0x00,0x00,0x00,0x23,0x00,0x00,0x00,
        0x80,0x04,0x00,0x00,0x48,0x00,0x05,0x00,0x37,0x00,0x00,0x00,0x04,0x00,0x00,0x00,
        0x23,0x00,0x00,0x00,0x84,0x04,0x00,0x00,0x48,0x00,0x05,0x00,0x37,0x00,0x00,0x00,
        0x05,0x00,0x00,0x00,0x23,0x00,0x00,0x00,0x88,0x04,0x00,0x00,0x48,0x00,0x05,0x00,
        0x37,0x00,0x00,0x00,0x06,0x00,0x00,0x00,0x23,0x00,0x00,0x00,0x8C,0x04,0x00,0x00,
        0x47,0x00,0x04,0x00,0x39,0x00,0x00,0x00,0x21,0x00,0x00,0x00,0x00,0x00,0x00,0x00,
        0x47,0x00,0x04,0x00,0x39,0x00,0x00,0x00,0x22,0x00,0x00,0x00,0x01,0x00,0x00,0x00,
        0x47,0x00,0x04,0x00,0x5E,0x00,0x00,0x00,0x1E,0x00,0x00,0x00,0x02,0x00,0x00,0x00,
        0x47,0x00,0x04,0x00,0x89,0x00,0x00,0x00,0x1E,0x00,0x00,0x00,0x00,0x00,0x00,0x00,
        0x13,0x00,0x02,0x00,0x02,0x00,0x00,0x00,0x21,0x00,0x03,0x00,0x03,0x00,0x00,0x00,
        0x02,0x00,0x00,0x00,0x16,0x00,0x03,0x00,0x06,0x00,0x00,0x00,0x20,0x00,0x00,0x00,
        0x17,0x00,0x04,0x00,0x07,0x00,0x00,0x00,0x06,0x00,0x00,0x00,0x04,0x00,0x00,0x00,
        0x20,0x00,0x04,0x00,0x08,0x00,0x00,0x00,0x07,0x00,0x00,0x00,0x07,0x00,0x00,0x00,
        0x19,0x00,0x09,0x00,0x0A,0x00,0x00,0x00,0x06,0x00,0x00,0x00,0x01,0x00,0x00,0x00,
        0x00,0x00,0x00,0x00,0x00,0x00,0x00,0x00,0x00,0x00,0x00,0x00,0x01,0x00,0x00,0x00,
        0x00,0x00,0x00,0x00,0x1B,0x00,0x03,0x00,0x0B,0x00,0x00,0x00,0x0A,0x00,0x00,0x00,
        0x20,0x00,0x04,0x00,0x0C,0x00,0x00,0x00,0x00,0x00,0x00,0x00,0x0B,0x00,0x00,0x00,
        0x3B,0x00,0x04,0x00,0x0C,0x00,0x00,0x00,0x0D,0x00,0x00,0x00,0x00,0x00,0x00,0x00,
        0x17,0x00,0x04,0x00,0x0F,0x00,0x00,0x00,0x06,0x00,0x00,0x00,0x02,0x00,0x00,0x00,
        0x20,0x00,0x04,0x00,0x10,0x00,0x00,0x00,0x01,0x00,0x00,0x00,0x0F,0x00,0x00,0x00,
        0x3B,0x00,0x04,0x00,0x10,0x00,0x00,0x00,0x11,0x00,0x00,0x00,0x01,0x00,0x00,0x00,
        0x20,0x00,0x04,0x00,0x14,0x00,0x00,0x00,0x07,0x00,0x00,0x00,0x06,0x00,0x00,0x00,
        0x20,0x00,0x04,0x00,0x16,0x00,0x00,0x00,0x01,0x00,0x00,0x00,0x07,0x00,0x00,0x00,
        0x3B,0x00,0x04,0x00,0x16,0x00,0x00,0x00,0x17,0x00,0x00,0x00,0x01,0x00,0x00,0x00,
        0x15,0x00,0x04,0x00,0x18,0x00,0x00,0x00,0x20,0x00,0x00,0x00,0x00,0x00,0x00,0x00,
        0x2B,0x00,0x04,0x00,0x18,0x00,0x00,0x00,0x19,0x00,0x00,0x00,0x03,0x00,0x00,0x00,
        0x20,0x00,0x04,0x00,0x1A,0x00,0x00,0x00,0x01,0x00,0x00,0x00,0x06,0x00,0x00,0x00,
        0x32,0x00,0x04,0x00,0x06,0x00,0x00,0x00,0x20,0x00,0x00,0x00,0x0A,0xD7,0x23,0x3C,
        0x2B,0x00,0x04,0x00,0x06,0x00,0x00,0x00,0x21,0x00,0x00,0x00,0x00,0x00,0x00,0x00,
        0x14,0x00,0x02,0x00,0x22,0x00,0x00,0x00,0x17,0x00,0x04,0x00,0x2A,0x00,0x00,0x00,
        0x06,0x00,0x00,0x00,0x03,0x00,0x00,0x00,0x20,0x00,0x04,0x00,0x2B,0x00,0x00,0x00,
        0x07,0x00,0x00,0x00,0x2A,0x00,0x00,0x00,0x2C,0x00,0x06,0x00,0x2A,0x00,0x00,0x00,
        0x2D,0x00,0x00,0x00,0x21,0x00,0x00,0x00,0x21,0x00,0x00,0x00,0x21,0x00,0x00,0x00,
        0x30,0x00,0x03,0x00,0x22,0x00,0x00,0x00,0x2E,0x00,0x00,0x00,0x20,0x00,0x04,0x00,
        0x31,0x00,0x00,0x00,0x07,0x00,0x00,0x00,0x18,0x00,0x00,0x00,0x18,0x00,0x04,0x00,
        0x33,0x00,0x00,0x00,0x07,0x00,0x00,0x00,0x04,0x00,0x00,0x00,0x1E,0x00,0x04,0x00,
        0x34,0x00,0x00,0x00,0x07,0x00,0x00,0x00,0x07,0x00,0x00,0x00,0x2B,0x00,0x04,0x00,
        0x18,0x00,0x00,0x00,0x35,0x00,0x00,0x00,0x20,0x00,0x00,0x00,0x1C,0x00,0x04,0x00,
        0x36,0x00,0x00,0x00,0x34,0x00,0x00,0x00,0x35,0x00,0x00,0x00,0x1E,0x00,0x09,0x00,
        0x37,0x00,0x00,0x00,0x33,0x00,0x00,0x00,0x33,0x00,0x00,0x00,0x36,0x00,0x00,0x00,
        0x18,0x00,0x00,0x00,0x18,0x00,0x00,0x00,0x18,0x00,0x00,0x00,0x18,0x00,0x00,0x00,
        0x20,0x00,0x04,0x00,0x38,0x00,0x00,0x00,0x02,0x00,0x00,0x00,0x37,0x00,0x00,0x00,
        0x3B,0x00,0x04,0x00,0x38,0x00,0x00,0x00,0x39,0x00,0x00,0x00,0x02,0x00,0x00,0x00,
        0x15,0x00,0x04,0x00,0x3A,0x00,0x00,0x00,0x20,0x00,0x00,0x00,0x01,0x00,0x00,0x00,
        0x2B,0x00,0x04,0x00,0x3A,0x00,0x00,0x00,0x3B,0x00,0x00,0x00,0x03,0x00,0x00,0x00,
        0x20,0x00,0x04,0x00,0x3C,0x00,0x00,0x00,0x02,0x00,0x00,0x00,0x18,0x00,0x00,0x00,
        0x2B,0x00,0x04,0x00,0x18,0x00,0x00,0x00,0x41,0x00,0x00,0x00,0x00,0x00,0x00,0x00,
        0x2B,0x00,0x04,0x00,0x3A,0x00,0x00,0x00,0x4B,0x00,0x00,0x00,0x02,0x00,0x00,0x00,
        0x2B,0x00,0x04,0x00,0x3A,0x00,0x00,0x00,0x4D,0x00,0x00,0x00,0x00,0x00,0x00,0x00,
        0x20,0x00,0x04,0x00,0x4E,0x00,0x00,0x00,0x02,0x00,0x00,0x00,0x07,0x00,0x00,0x00,
        0x20,0x00,0x04,0x00,0x54,0x00,0x00,0x00,0x02,0x00,0x00,0x00,0x06,0x00,0x00,0x00,
        0x20,0x00,0x04,0x00,0x5D,0x00,0x00,0x00,0x01,0x00,0x00,0x00,0x2A,0x00,0x00,0x00,
        0x3B,0x00,0x04,0x00,0x5D,0x00,0x00,0x00,0x5E,0x00,0x00,0x00,0x01,0x00,0x00,0x00,
        0x2B,0x00,0x04,0x00,0x06,0x00,0x00,0x00,0x68,0x00,0x00,0x00,0x00,0x00,0x80,0x3F,
        0x2B,0x00,0x04,0x00,0x3A,0x00,0x00,0x00,0x72,0x00,0x00,0x00,0x01,0x00,0x00,0x00,
        0x20,0x00,0x04,0x00,0x88,0x00,0x00,0x00,0x03,0x00,0x00,0x00,0x07,0x00,0x00,0x00,
        0x3B,0x00,0x04,0x00,0x88,0x00,0x00,0x00,0x89,0x00,0x00,0x00,0x03,0x00,0x00,0x00,
        0x36,0x00,0x05,0x00,0x02,0x00,0x00,0x00,0x04,0x00,0x00,0x00,0x00,0x00,0x00,0x00,
        0x03,0x00,0x00,0x00,0xF8,0x00,0x02,0x00,0x05,0x00,0x00,0x00,0x3B,0x00,0x04,0x00,
        0x08,0x00,0x00,0x00,0x09,0x00,0x00,0x00,0x07,0x00,0x00,0x00,0x3B,0x00,0x04,0x00,
        0x14,0x00,0x00,0x00,0x15,0x00,0x00,0x00,0x07,0x00,0x00,0x00,0x3B,0x00,0x04,0x00,
        0x2B,0x00,0x00,0x00,0x2C,0x00,0x00,0x00,0x07,0x00,0x00,0x00,0x3B,0x00,0x04,0x00,
        0x31,0x00,0x00,0x00,0x32,0x00,0x00,0x00,0x07,0x00,0x00,0x00,0x3B,0x00,0x04,0x00,
        0x31,0x00,0x00,0x00,0x40,0x00,0x00,0x00,0x07,0x00,0x00,0x00,0x3B,0x00,0x04,0x00,
        0x2B,0x00,0x00,0x00,0x4A,0x00,0x00,0x00,0x07,0x00,0x00,0x00,0x3B,0x00,0x04,0x00,
        0x14,0x00,0x00,0x00,0x52,0x00,0x00,0x00,0x07,0x00,0x00,0x00,0x3B,0x00,0x04,0x00,
        0x14,0x00,0x00,0x00,0x5C,0x00,0x00,0x00,0x07,0x00,0x00,0x00,0x3B,0x00,0x04,0x00,
        0x14,0x00,0x00,0x00,0x67,0x00,0x00,0x00,0x07,0x00,0x00,0x00,0x3B,0x00,0x04,0x00,
        0x2B,0x00,0x00,0x00,0x80,0x00,0x00,0x00,0x07,0x00,0x00,0x00,0x3D,0x00,0x04,0x00,
        0x0B,0x00,0x00,0x00,0x0E,0x00,0x00,0x00,0x0D,0x00,0x00,0x00,0x3D,0x00,0x04,0x00,
        0x0F,0x00,0x00,0x00,0x12,0x00,0x00,0x00,0x11,0x00,0x00,0x00,0x57,0x00,0x05,0x00,
        0x07,0x00,0x00,0x00,0x13,0x00,0x00,0x00,0x0E,0x00,0x00,0x00,0x12,0x00,0x00,0x00,
        0x3E,0x00,0x03,0x00,0x09,0x00,0x00,0x00,0x13,0x00,0x00,0x00,0x41,0x00,0x05,0x00,
        0x1A,0x00,0x00,0x00,0x1B,0x00,0x00,0x00,0x17,0x00,0x00,0x00,0x19,0x00,0x00,0x00,
        0x3D,0x00,0x04,0x00,0x06,0x00,0x00,0x00,0x1C,0x00,0x00,0x00,0x1B,0x00,0x00,0x00,
        0x41,0x00,0x05,0x00,0x14,0x00,0x00,0x00,0x1D,0x00,0x00,0x00,0x09,0x00,0x00,0x00,
        0x19,0x00,0x00,0x00,0x3D,0x00,0x04,0x00,0x06,0x00,0x00,0x00,0x1E,0x00,0x00,0x00,
        0x1D,0x00,0x00,0x00,0x85,0x00,0x05,0x00,0x06,0x00,0x00,0x00,0x1F,0x00,0x00,0x00,
        0x1C,0x00,0x00,0x00,0x1E,0x00,0x00,0x00,0x3E,0x00,0x03,0x00,0x15,0x00,0x00,0x00,
        0x1F,0x00,0x00,0x00,0xBA,0x00,0x05,0x00,0x22,0x00,0x00,0x00,0x23,0x00,0x00,0x00,
        0x20,0x00,0x00,0x00,0x21,0x00,0x00,0x00,0x3D,0x00,0x04,0x00,0x06,0x00,0x00,0x00,
        0x24,0x00,0x00,0x00,0x15,0x00,0x00,0x00,0xB8,0x00,0x05,0x00,0x22,0x00,0x00,0x00,
        0x25,0x00,0x00,0x00,0x24,0x00,0x00,0x00,0x20,0x00,0x00,0x00,0xA7,0x00,0x05,0x00,
        0x22,0x00,0x00,0x00,0x26,0x00,0x00,0x00,0x23,0x00,0x00,0x00,0x25,0x00,0x00,0x00,
        0xF7,0x00,0x03,0x00,0x28,0x00,0x00,0x00,0x00,0x00,0x00,0x00,0xFA,0x00,0x04,0x00,
        0x26,0x00,0x00,0x00,0x27,0x00,0x00,0x00,0x28,0x00,0x00,0x00,0xF8,0x00,0x02,0x00,
        0x27,0x00,0x00,0x00,0xFC,0x00,0x01,0x00,0xF8,0x00,0x02,0x00,0x28,0x00,0x00,0x00,
        0x3E,0x00,0x03,0x00,0x2C,0x00,0x00,0x00,0x2D,0x00,0x00,0x00,0xF7,0x00,0x03,0x00,
        0x30,0x00,0x00,0x00,0x00,0x00,0x00,0x00,0xFA,0x00,0x04,0x00,0x2E,0x00,0x00,0x00,
        0x2F,0x00,0x00,0x00,0x30,0x00,0x00,0x00,0xF8,0x00,0x02,0x00,0x2F,0x00,0x00,0x00,
        0x41,0x00,0x05,0x00,0x3C,0x00,0x00,0x00,0x3D,0x00,0x00,0x00,0x39,0x00,0x00,0x00,
        0x3B,0x00,0x00,0x00,0x3D,0x00,0x04,0x00,0x18,0x00,0x00,0x00,0x3E,0x00,0x00,0x00,
        0x3D,0x00,0x00,0x00,0x0C,0x00,0x07,0x00,0x18,0x00,0x00,0x00,0x3F,0x00,0x00,0x00,
        0x01,0x00,0x00,0x00,0x26,0x00,0x00,0x00,0x3E,0x00,0x00,0x00,0x35,0x00,0x00,0x00,
        0x3E,0x00,0x03,0x00,0x32,0x00,0x00,0x00,0x3F,0x00,0x00,0x00,0x3E,0x00,0x03,0x00,
        0x40,0x00,0x00,0x00,0x41,0x00,0x00,0x00,0xF9,0x00,0x02,0x00,0x42,0x00,0x00,0x00,
        0xF8,0x00,0x02,0x00,0x42,0x00,0x00,0x00,0xF6,0x00,0x04,0x00,0x44,0x00,0x00,0x00,
        0x45,0x00,0x00,0x00,0x00,0x00,0x00,0x00,0xF9,0x00,0x02,0x00,0x46,0x00,0x00,0x00,
        0xF8,0x00,0x02,0x00,0x46,0x00,0x00,0x00,0x3D,0x00,0x04,0x00,0x18,0x00,0x00,0x00,
        0x47,0x00,0x00,0x00,0x40,0x00,0x00,0x00,0x3D,0x00,0x04,0x00,0x18,0x00,0x00,0x00,
        0x48,0x00,0x00,0x00,0x32,0x00,0x00,0x00,0xB0,0x00,0x05,0x00,0x22,0x00,0x00,0x00,
        0x49,0x00,0x00,0x00,0x47,0x00,0x00,0x00,0x48,0x00,0x00,0x00,0xFA,0x00,0x04,0x00,
        0x49,0x00,0x00,0x00,0x43,0x00,0x00,0x00,0x44,0x00,0x00,0x00,0xF8,0x00,0x02,0x00,
        0x43,0x00,0x00,0x00,0x3D,0x00,0x04,0x00,0x18,0x00,0x00,0x00,0x4C,0x00,0x00,0x00,
        0x40,0x00,0x00,0x00,0x41,0x00,0x07,0x00,0x4E,0x00,0x00,0x00,0x4F,0x00,0x00,0x00,
        0x39,0x00,0x00,0x00,0x4B,0x00,0x00,0x00,0x4C,0x00,0x00,0x00,0x4D,0x00,0x00,0x00,
        0x3D,0x00,0x04,0x00,0x07,0x00,0x00,0x00,0x50,0x00,0x00,0x00,0x4F,0x00,0x00,0x00,
        0x4F,0x00,0x08,0x00,0x2A,0x00,0x00,0x00,0x51,0x00,0x00,0x00,0x50,0x00,0x00,0x00,
        0x50,0x00,0x00,0x00,0x00,0x00,0x00,0x00,0x01,0x00,0x00,0x00,0x02,0x00,0x00,0x00,
        0x3E,0x00,0x03,0x00,0x4A,0x00,0x00,0x00,0x51,0x00,0x00,0x00,0x3D,0x00,0x04,0x00,
        0x18,0x00,0x00,0x00,0x53,0x00,0x00,0x00,0x40,0x00,0x00,0x00,0x41,0x00,0x08,0x00,
        0x54,0x00,0x00,0x00,0x55,0x00,0x00,0x00,0x39,0x00,0x00,0x00,0x4B,0x00,0x00,0x00,
        0x53,0x00,0x00,0x00,0x4D,0x00,0x00,0x00,0x19,0x00,0x00,0x00,0x3D,0x00,0x04,0x00,
        0x06,0x00,0x00,0x00,0x56,0x00,0x00,0x00,0x55,0x00,0x00,0x00,0x3E,0x00,0x03,0x00,
        0x52,0x00,0x00,0x00,0x56,0x00,0x00,0x00,0x3D,0x00,0x04,0x00,0x06,0x00,0x00,0x00,
        0x57,0x00,0x00,0x00,0x52,0x00,0x00,0x00,0xBC,0x00,0x05,0x00,0x22,0x00,0x00,0x00,
        0x58,0x00,0x00,0x00,0x57,0x00,0x00,0x00,0x21,0x00,0x00,0x00,0xF7,0x00,0x03,0x00,
        0x5A,0x00,0x00,0x00,0x00,0x00,0x00,0x00,0xFA,0x00,0x04,0x00,0x58,0x00,0x00,0x00,
        0x59,0x00,0x00,0x00,0x5A,0x00,0x00,0x00,0xF8,0x00,0x02,0x00,0x59,0x00,0x00,0x00,
        0xF9,0x00,0x02,0x00,0x45,0x00,0x00,0x00,0xF8,0x00,0x02,0x00,0x5A,0x00,0x00,0x00,
        0x3D,0x00,0x04,0x00,0x2A,0x00,0x00,0x00,0x5F,0x00,0x00,0x00,0x5E,0x00,0x00,0x00,
        0x3D,0x00,0x04,0x00,0x2A,0x00,0x00,0x00,0x60,0x00,0x00,0x00,0x4A,0x00,0x00,0x00,
        0x0C,0x00,0x07,0x00,0x06,0x00,0x00,0x00,0x61,0x00,0x00,0x00,0x01,0x00,0x00,0x00,
        0x43,0x00,0x00,0x00,0x5F,0x00,0x00,0x00,0x60,0x00,0x00,0x00,0x3E,0x00,0x03,0x00,
        0x5C,0x00,0x00,0x00,0x61,0x00,0x00,0x00,0x3D,0x00,0x04,0x00,0x06,0x00,0x00,0x00,
        0x62,0x00,0x00,0x00,0x5C,0x00,0x00,0x00,0x3D,0x00,0x04,0x00,0x06,0x00,0x00,0x00,
        0x63,0x00,0x00,0x00,0x52,0x00,0x00,0x00,0xB8,0x00,0x05,0x00,0x22,0x00,0x00,0x00,
        0x64,0x00,0x00,0x00,0x62,0x00,0x00,0x00,0x63,0x00,0x00,0x00,0xF7,0x00,0x03,0x00,
        0x66,0x00,0x00,0x00,0x00,0x00,0x00,0x00,0xFA,0x00,0x04,0x00,0x64,0x00,0x00,0x00,
        0x65,0x00,0x00,0x00,0x66,0x00,0x00,0x00,0xF8,0x00,0x02,0x00,0x65,0x00,0x00,0x00,
        0x3D,0x00,0x04,0x00,0x06,0x00,0x00,0x00,0x69,0x00,0x00,0x00,0x5C,0x00,0x00,0x00,
        0x3D,0x00,0x04,0x00,0x06,0x00,0x00,0x00,0x6A,0x00,0x00,0x00,0x52,0x00,0x00,0x00,
        0x88,0x00,0x05,0x00,0x06,0x00,0x00,0x00,0x6B,0x00,0x00,0x00,0x69,0x00,0x00,0x00,
        0x6A,0x00,0x00,0x00,0x83,0x00,0x05,0x00,0x06,0x00,0x00,0x00,0x6C,0x00,0x00,0x00,
        0x68,0x00,0x00,0x00,0x6B,0x00,0x00,0x00,0x0C,0x00,0x08,0x00,0x06,0x00,0x00,0x00,
        0x6D,0x00,0x00,0x00,0x01,0x00,0x00,0x00,0x2B,0x00,0x00,0x00,0x6C,0x00,0x00,0x00,
        0x21,0x00,0x00,0x00,0x68,0x00,0x00,0x00,0x3E,0x00,0x03,0x00,0x67,0x00,0x00,0x00,
        0x6D,0x00,0x00,0x00,0x3D,0x00,0x04,0x00,0x06,0x00,0x00,0x00,0x6E,0x00,0x00,0x00,
        0x67,0x00,0x00,0x00,0x3D,0x00,0x04,0x00,0x06,0x00,0x00,0x00,0x6F,0x00,0x00,0x00,
        0x67,0x00,0x00,0x00,0x85,0x00,0x05,0x00,0x06,0x00,0x00,0x00,0x70,0x00,0x00,0x00,
        0x6F,0x00,0x00,0x00,0x6E,0x00,0x00,0x00,0x3E,0x00,0x03,0x00,0x67,0x00,0x00,0x00,
        0x70,0x00,0x00,0x00,0x3D,0x00,0x04,0x00,0x18,0x00,0x00,0x00,0x71,0x00,0x00,0x00,
        0x40,0x00,0x00,0x00,0x41,0x00,0x07,0x00,0x4E,0x00,0x00,0x00,0x73,0x00,0x00,0x00,
        0x39,0x00,0x00,0x00,0x4B,0x00,0x00,0x00,0x71,0x00,0x00,0x00,0x72,0x00,0x00,0x00,
        0x3D,0x00,0x04,0x00,0x07,0x00,0x00,0x00,0x74,0x00,0x00,0x00,0x73,0x00,0x00,0x00,
        0x4F,0x00,0x08,0x00,0x2A,0x00,0x00,0x00,0x75,0x00,0x00,0x00,0x74,0x00,0x00,0x00,
        0x74,0x00,0x00,0x00,0x00,0x00,0x00,0x00,0x01,0x00,0x00,0x00,0x02,0x00,0x00,0x00,
        0x3D,0x00,0x04,0x00,0x06,0x00,0x00,0x00,0x76,0x00,0x00,0x00,0x67,0x00,0x00,0x00,
        0x3D,0x00,0x04,0x00,0x18,0x00,0x00,0x00,0x77,0x00,0x00,0x00,0x40,0x00,0x00,0x00,
        0x41,0x00,0x08,0x00,0x54,0x00,0x00,0x00,0x78,0x00,0x00,0x00,0x39,0x00,0x00,0x00,
        0x4B,0x00,0x00,0x00,0x77,0x00,0x00,0x00,0x72,0x00,0x00,0x00,0x19,0x00,0x00,0x00,
        0x3D,0x00,0x04,0x00,0x06,0x00,0x00,0x00,0x79,0x00,0x00,0x00,0x78,0x00,0x00,0x00,
        0x85,0x00,0x05,0x00,0x06,0x00,0x00,0x00,0x7A,0x00,0x00,0x00,0x76,0x00,0x00,0x00,
        0x79,0x00,0x00,0x00,0x8E,0x00,0x05,0x00,0x2A,0x00,0x00,0x00,0x7B,0x00,0x00,0x00,
        0x75,0x00,0x00,0x00,0x7A,0x00,0x00,0x00,0x3D,0x00,0x04,0x00,0x2A,0x00,0x00,0x00,
        0x7C,0x00,0x00,0x00,0x2C,0x00,0x00,0x00,0x81,0x00,0x05,0x00,0x2A,0x00,0x00,0x00,
        0x7D,0x00,0x00,0x00,0x7C,0x00,0x00,0x00,0x7B,0x00,0x00,0x00,0x3E,0x00,0x03,0x00,
        0x2C,0x00,0x00,0x00,0x7D,0x00,0x00,0x00,0xF9,0x00,0x02,0x00,0x66,0x00,0x00,0x00,
        0xF8,0x00,0x02,0x00,0x66,0x00,0x00,0x00,0xF9,0x00,0x02,0x00,0x45,0x00,0x00,0x00,
        0xF8,0x00,0x02,0x00,0x45,0x00,0x00,0x00,0x3D,0x00,0x04,0x00,0x18,0x00,0x00,0x00,
        0x7E,0x00,0x00,0x00,0x40,0x00,0x00,0x00,0x80,0x00,0x05,0x00,0x18,0x00,0x00,0x00,
        0x7F,0x00,0x00,0x00,0x7E,0x00,0x00,0x00,0x72,0x00,0x00,0x00,0x3E,0x00,0x03,0x00,
        0x40,0x00,0x00,0x00,0x7F,0x00,0x00,0x00,0xF9,0x00,0x02,0x00,0x42,0x00,0x00,0x00,
        0xF8,0x00,0x02,0x00,0x44,0x00,0x00,0x00,0xF9,0x00,0x02,0x00,0x30,0x00,0x00,0x00,
        0xF8,0x00,0x02,0x00,0x30,0x00,0x00,0x00,0x3D,0x00,0x04,0x00,0x07,0x00,0x00,0x00,
        0x81,0x00,0x00,0x00,0x09,0x00,0x00,0x00,0x4F,0x00,0x08,0x00,0x2A,0x00,0x00,0x00,
        0x82,0x00,0x00,0x00,0x81,0x00,0x00,0x00,0x81,0x00,0x00,0x00,0x00,0x00,0x00,0x00,
        0x01,0x00,0x00,0x00,0x02,0x00,0x00,0x00,0x3D,0x00,0x04,0x00,0x07,0x00,0x00,0x00,
        0x83,0x00,0x00,0x00,0x17,0x00,0x00,0x00,0x4F,0x00,0x08,0x00,0x2A,0x00,0x00,0x00,
        0x84,0x00,0x00,0x00,0x83,0x00,0x00,0x00,0x83,0x00,0x00,0x00,0x00,0x00,0x00,0x00,
        0x01,0x00,0x00,0x00,0x02,0x00,0x00,0x00,0x3D,0x00,0x04,0x00,0x2A,0x00,0x00,0x00,
        0x85,0x00,0x00,0x00,0x2C,0x00,0x00,0x00,0x81,0x00,0x05,0x00,0x2A,0x00,0x00,0x00,
        0x86,0x00,0x00,0x00,0x84,0x00,0x00,0x00,0x85,0x00,0x00,0x00,0x85,0x00,0x05,0x00,
        0x2A,0x00,0x00,0x00,0x87,0x00,0x00,0x00,0x82,0x00,0x00,0x00,0x86,0x00,0x00,0x00,
        0x3E,0x00,0x03,0x00,0x80,0x00,0x00,0x00,0x87,0x00,0x00,0x00,0x3D,0x00,0x04,0x00,
        0x2A,0x00,0x00,0x00,0x8A,0x00,0x00,0x00,0x80,0x00,0x00,0x00,0x50,0x00,0x06,0x00,
        0x2A,0x00,0x00,0x00,0x8B,0x00,0x00,0x00,0x21,0x00,0x00,0x00,0x21,0x00,0x00,0x00,
        0x21,0x00,0x00,0x00,0x50,0x00,0x06,0x00,0x2A,0x00,0x00,0x00,0x8C,0x00,0x00,0x00,
        0x68,0x00,0x00,0x00,0x68,0x00,0x00,0x00,0x68,0x00,0x00,0x00,0x0C,0x00,0x08,0x00,
        0x2A,0x00,0x00,0x00,0x8D,0x00,0x00,0x00,0x01,0x00,0x00,0x00,0x2B,0x00,0x00,0x00,
        0x8A,0x00,0x00,0x00,0x8B,0x00,0x00,0x00,0x8C,0x00,0x00,0x00,0x3D,0x00,0x04,0x00,
        0x06,0x00,0x00,0x00,0x8E,0x00,0x00,0x00,0x15,0x00,0x00,0x00,0x51,0x00,0x05,0x00,
        0x06,0x00,0x00,0x00,0x8F,0x00,0x00,0x00,0x8D,0x00,0x00,0x00,0x00,0x00,0x00,0x00,
        0x51,0x00,0x05,0x00,0x06,0x00,0x00,0x00,0x90,0x00,0x00,0x00,0x8D,0x00,0x00,0x00,
        0x01,0x00,0x00,0x00,0x51,0x00,0x05,0x00,0x06,0x00,0x00,0x00,0x91,0x00,0x00,0x00,
        0x8D,0x00,0x00,0x00,0x02,0x00,0x00,0x00,0x50,0x00,0x07,0x00,0x07,0x00,0x00,0x00,
        0x92,0x00,0x00,0x00,0x8F,0x00,0x00,0x00,0x90,0x00,0x00,0x00,0x91,0x00,0x00,0x00,
        0x8E,0x00,0x00,0x00,0x3E,0x00,0x03,0x00,0x89,0x00,0x00,0x00,0x92,0x00,0x00,0x00,
        0xFD,0x00,0x01,0x00,0x38,0x00,0x01,0x00,
    };
    inline const size_t g_spv_terrain_frag_spv_size = sizeof(g_spv_terrain_frag_spv);

    // terrain.vert.spv (2168 bytes)
    alignas(4) inline const uint8_t g_spv_terrain_vert_spv[] = {
        0x03,0x02,0x23,0x07,0x00,0x00,0x01,0x00,0x0B,0x00,0x0D,0x00,0x37,0x00,0x00,0x00,
        0x00,0x00,0x00,0x00,0x11,0x00,0x02,0x00,0x01,0x00,0x00,0x00,0x0B,0x00,0x06,0x00,
        0x01,0x00,0x00,0x00,0x47,0x4C,0x53,0x4C,0x2E,0x73,0x74,0x64,0x2E,0x34,0x35,0x30,
        0x00,0x00,0x00,0x00,0x0E,0x00,0x03,0x00,0x00,0x00,0x00,0x00,0x01,0x00,0x00,0x00,
        0x0F,0x00,0x0C,0x00,0x00,0x00,0x00,0x00,0x04,0x00,0x00,0x00,0x6D,0x61,0x69,0x6E,
        0x00,0x00,0x00,0x00,0x09,0x00,0x00,0x00,0x0B,0x00,0x00,0x00,0x0F,0x00,0x00,0x00,
        0x11,0x00,0x00,0x00,0x15,0x00,0x00,0x00,0x17,0x00,0x00,0x00,0x1E,0x00,0x00,0x00,
        0x03,0x00,0x03,0x00,0x02,0x00,0x00,0x00,0xC2,0x01,0x00,0x00,0x04,0x00,0x0A,0x00,
        0x47,0x4C,0x5F,0x47,0x4F,0x4F,0x47,0x4C,0x45,0x5F,0x63,0x70,0x70,0x5F,0x73,0x74,
        0x79,0x6C,0x65,0x5F,0x6C,0x69,0x6E,0x65,0x5F,0x64,0x69,0x72,0x65,0x63,0x74,0x69,
        0x76,0x65,0x00,0x00,0x04,0x00,0x08,0x00,0x47,0x4C,0x5F,0x47,0x4F,0x4F,0x47,0x4C,
        0x45,0x5F,0x69,0x6E,0x63,0x6C,0x75,0x64,0x65,0x5F,0x64,0x69,0x72,0x65,0x63,0x74,
        0x69,0x76,0x65,0x00,0x05,0x00,0x04,0x00,0x04,0x00,0x00,0x00,0x6D,0x61,0x69,0x6E,
        0x00,0x00,0x00,0x00,0x05,0x00,0x03,0x00,0x09,0x00,0x00,0x00,0x76,0x55,0x56,0x00,
        0x05,0x00,0x05,0x00,0x0B,0x00,0x00,0x00,0x61,0x54,0x65,0x78,0x43,0x6F,0x6F,0x72,
        0x64,0x00,0x00,0x00,0x05,0x00,0x04,0x00,0x0F,0x00,0x00,0x00,0x76,0x43,0x6F,0x6C,
        0x6F,0x72,0x00,0x00,0x05,0x00,0x04,0x00,0x11,0x00,0x00,0x00,0x61,0x43,0x6F,0x6C,
        0x6F,0x72,0x00,0x00,0x05,0x00,0x05,0x00,0x15,0x00,0x00,0x00,0x76,0x57,0x6F,0x72,
        0x6C,0x64,0x50,0x6F,0x73,0x00,0x00,0x00,0x05,0x00,0x04,0x00,0x17,0x00,0x00,0x00,
        0x61,0x50,0x6F,0x73,0x00,0x00,0x00,0x00,0x05,0x00,0x06,0x00,0x1C,0x00,0x00,0x00,
        0x67,0x6C,0x5F,0x50,0x65,0x72,0x56,0x65,0x72,0x74,0x65,0x78,0x00,0x00,0x00,0x00,
        0x06,0x00,0x06,0x00,0x1C,0x00,0x00,0x00,0x00,0x00,0x00,0x00,0x67,0x6C,0x5F,0x50,
        0x6F,0x73,0x69,0x74,0x69,0x6F,0x6E,0x00,0x06,0x00,0x07,0x00,0x1C,0x00,0x00,0x00,
        0x01,0x00,0x00,0x00,0x67,0x6C,0x5F,0x50,0x6F,0x69,0x6E,0x74,0x53,0x69,0x7A,0x65,
        0x00,0x00,0x00,0x00,0x06,0x00,0x07,0x00,0x1C,0x00,0x00,0x00,0x02,0x00,0x00,0x00,
        0x67,0x6C,0x5F,0x43,0x6C,0x69,0x70,0x44,0x69,0x73,0x74,0x61,0x6E,0x63,0x65,0x00,
        0x06,0x00,0x07,0x00,0x1C,0x00,0x00,0x00,0x03,0x00,0x00,0x00,0x67,0x6C,0x5F,0x43,
        0x75,0x6C,0x6C,0x44,0x69,0x73,0x74,0x61,0x6E,0x63,0x65,0x00,0x05,0x00,0x03,0x00,
        0x1E,0x00,0x00,0x00,0x00,0x00,0x00,0x00,0x05,0x00,0x05,0x00,0x22,0x00,0x00,0x00,
        0x50,0x6F,0x69,0x6E,0x74,0x4C,0x69,0x67,0x68,0x74,0x00,0x00,0x06,0x00,0x06,0x00,
        0x22,0x00,0x00,0x00,0x00,0x00,0x00,0x00,0x70,0x6F,0x73,0x52,0x61,0x64,0x69,0x75,
        0x73,0x00,0x00,0x00,0x06,0x00,0x07,0x00,0x22,0x00,0x00,0x00,0x01,0x00,0x00,0x00,
        0x63,0x6F,0x6C,0x6F,0x72,0x49,0x6E,0x74,0x65,0x6E,0x73,0x69,0x74,0x79,0x00,0x00,
        0x05,0x00,0x05,0x00,0x25,0x00,0x00,0x00,0x54,0x65,0x72,0x72,0x61,0x69,0x6E,0x55,
        0x42,0x4F,0x00,0x00,0x06,0x00,0x06,0x00,0x25,0x00,0x00,0x00,0x00,0x00,0x00,0x00,
        0x75,0x56,0x69,0x65,0x77,0x4D,0x61,0x74,0x72,0x69,0x78,0x00,0x06,0x00,0x06,0x00,
        0x25,0x00,0x00,0x00,0x01,0x00,0x00,0x00,0x75,0x50,0x72,0x6F,0x6A,0x4D,0x61,0x74,
        0x72,0x69,0x78,0x00,0x06,0x00,0x05,0x00,0x25,0x00,0x00,0x00,0x02,0x00,0x00,0x00,
        0x75,0x4C,0x69,0x67,0x68,0x74,0x73,0x00,0x06,0x00,0x06,0x00,0x25,0x00,0x00,0x00,
        0x03,0x00,0x00,0x00,0x75,0x4E,0x75,0x6D,0x4C,0x69,0x67,0x68,0x74,0x73,0x00,0x00,
        0x06,0x00,0x05,0x00,0x25,0x00,0x00,0x00,0x04,0x00,0x00,0x00,0x5F,0x70,0x61,0x64,
        0x30,0x00,0x00,0x00,0x06,0x00,0x05,0x00,0x25,0x00,0x00,0x00,0x05,0x00,0x00,0x00,
        0x5F,0x70,0x61,0x64,0x31,0x00,0x00,0x00,0x06,0x00,0x05,0x00,0x25,0x00,0x00,0x00,
        0x06,0x00,0x00,0x00,0x5F,0x70,0x61,0x64,0x32,0x00,0x00,0x00,0x05,0x00,0x03,0x00,
        0x27,0x00,0x00,0x00,0x00,0x00,0x00,0x00,0x47,0x00,0x04,0x00,0x09,0x00,0x00,0x00,
        0x1E,0x00,0x00,0x00,0x00,0x00,0x00,0x00,0x47,0x00,0x04,0x00,0x0B,0x00,0x00,0x00,
        0x1E,0x00,0x00,0x00,0x01,0x00,0x00,0x00,0x47,0x00,0x04,0x00,0x0F,0x00,0x00,0x00,
        0x1E,0x00,0x00,0x00,0x01,0x00,0x00,0x00,0x47,0x00,0x04,0x00,0x11,0x00,0x00,0x00,
        0x1E,0x00,0x00,0x00,0x02,0x00,0x00,0x00,0x47,0x00,0x04,0x00,0x15,0x00,0x00,0x00,
        0x1E,0x00,0x00,0x00,0x02,0x00,0x00,0x00,0x47,0x00,0x04,0x00,0x17,0x00,0x00,0x00,
        0x1E,0x00,0x00,0x00,0x00,0x00,0x00,0x00,0x47,0x00,0x03,0x00,0x1C,0x00,0x00,0x00,
        0x02,0x00,0x00,0x00,0x48,0x00,0x05,0x00,0x1C,0x00,0x00,0x00,0x00,0x00,0x00,0x00,
        0x0B,0x00,0x00,0x00,0x00,0x00,0x00,0x00,0x48,0x00,0x05,0x00,0x1C,0x00,0x00,0x00,
        0x01,0x00,0x00,0x00,0x0B,0x00,0x00,0x00,0x01,0x00,0x00,0x00,0x48,0x00,0x05,0x00,
        0x1C,0x00,0x00,0x00,0x02,0x00,0x00,0x00,0x0B,0x00,0x00,0x00,0x03,0x00,0x00,0x00,
        0x48,0x00,0x05,0x00,0x1C,0x00,0x00,0x00,0x03,0x00,0x00,0x00,0x0B,0x00,0x00,0x00,
        0x04,0x00,0x00,0x00,0x48,0x00,0x05,0x00,0x22,0x00,0x00,0x00,0x00,0x00,0x00,0x00,
        0x23,0x00,0x00,0x00,0x00,0x00,0x00,0x00,0x48,0x00,0x05,0x00,0x22,0x00,0x00,0x00,
        0x01,0x00,0x00,0x00,0x23,0x00,0x00,0x00,0x10,0x00,0x00,0x00,0x47,0x00,0x04,0x00,
        0x24,0x00,0x00,0x00,0x06,0x00,0x00,0x00,0x20,0x00,0x00,0x00,0x47,0x00,0x03,0x00,
        0x25,0x00,0x00,0x00,0x02,0x00,0x00,0x00,0x48,0x00,0x04,0x00,0x25,0x00,0x00,0x00,
        0x00,0x00,0x00,0x00,0x05,0x00,0x00,0x00,0x48,0x00,0x05,0x00,0x25,0x00,0x00,0x00,
        0x00,0x00,0x00,0x00,0x07,0x00,0x00,0x00,0x10,0x00,0x00,0x00,0x48,0x00,0x05,0x00,
        0x25,0x00,0x00,0x00,0x00,0x00,0x00,0x00,0x23,0x00,0x00,0x00,0x00,0x00,0x00,0x00,
        0x48,0x00,0x04,0x00,0x25,0x00,0x00,0x00,0x01,0x00,0x00,0x00,0x05,0x00,0x00,0x00,
        0x48,0x00,0x05,0x00,0x25,0x00,0x00,0x00,0x01,0x00,0x00,0x00,0x07,0x00,0x00,0x00,
        0x10,0x00,0x00,0x00,0x48,0x00,0x05,0x00,0x25,0x00,0x00,0x00,0x01,0x00,0x00,0x00,
        0x23,0x00,0x00,0x00,0x40,0x00,0x00,0x00,0x48,0x00,0x05,0x00,0x25,0x00,0x00,0x00,
        0x02,0x00,0x00,0x00,0x23,0x00,0x00,0x00,0x80,0x00,0x00,0x00,0x48,0x00,0x05,0x00,
        0x25,0x00,0x00,0x00,0x03,0x00,0x00,0x00,0x23,0x00,0x00,0x00,0x80,0x04,0x00,0x00,
        0x48,0x00,0x05,0x00,0x25,0x00,0x00,0x00,0x04,0x00,0x00,0x00,0x23,0x00,0x00,0x00,
        0x84,0x04,0x00,0x00,0x48,0x00,0x05,0x00,0x25,0x00,0x00,0x00,0x05,0x00,0x00,0x00,
        0x23,0x00,0x00,0x00,0x88,0x04,0x00,0x00,0x48,0x00,0x05,0x00,0x25,0x00,0x00,0x00,
        0x06,0x00,0x00,0x00,0x23,0x00,0x00,0x00,0x8C,0x04,0x00,0x00,0x47,0x00,0x04,0x00,
        0x27,0x00,0x00,0x00,0x21,0x00,0x00,0x00,0x00,0x00,0x00,0x00,0x47,0x00,0x04,0x00,
        0x27,0x00,0x00,0x00,0x22,0x00,0x00,0x00,0x01,0x00,0x00,0x00,0x13,0x00,0x02,0x00,
        0x02,0x00,0x00,0x00,0x21,0x00,0x03,0x00,0x03,0x00,0x00,0x00,0x02,0x00,0x00,0x00,
        0x16,0x00,0x03,0x00,0x06,0x00,0x00,0x00,0x20,0x00,0x00,0x00,0x17,0x00,0x04,0x00,
        0x07,0x00,0x00,0x00,0x06,0x00,0x00,0x00,0x02,0x00,0x00,0x00,0x20,0x00,0x04,0x00,
        0x08,0x00,0x00,0x00,0x03,0x00,0x00,0x00,0x07,0x00,0x00,0x00,0x3B,0x00,0x04,0x00,
        0x08,0x00,0x00,0x00,0x09,0x00,0x00,0x00,0x03,0x00,0x00,0x00,0x20,0x00,0x04,0x00,
        0x0A,0x00,0x00,0x00,0x01,0x00,0x00,0x00,0x07,0x00,0x00,0x00,0x3B,0x00,0x04,0x00,
        0x0A,0x00,0x00,0x00,0x0B,0x00,0x00,0x00,0x01,0x00,0x00,0x00,0x17,0x00,0x04,0x00,
        0x0D,0x00,0x00,0x00,0x06,0x00,0x00,0x00,0x04,0x00,0x00,0x00,0x20,0x00,0x04,0x00,
        0x0E,0x00,0x00,0x00,0x03,0x00,0x00,0x00,0x0D,0x00,0x00,0x00,0x3B,0x00,0x04,0x00,
        0x0E,0x00,0x00,0x00,0x0F,0x00,0x00,0x00,0x03,0x00,0x00,0x00,0x20,0x00,0x04,0x00,
        0x10,0x00,0x00,0x00,0x01,0x00,0x00,0x00,0x0D,0x00,0x00,0x00,0x3B,0x00,0x04,0x00,
        0x10,0x00,0x00,0x00,0x11,0x00,0x00,0x00,0x01,0x00,0x00,0x00,0x17,0x00,0x04,0x00,
        0x13,0x00,0x00,0x00,0x06,0x00,0x00,0x00,0x03,0x00,0x00,0x00,0x20,0x00,0x04,0x00,
        0x14,0x00,0x00,0x00,0x03,0x00,0x00,0x00,0x13,0x00,0x00,0x00,0x3B,0x00,0x04,0x00,
        0x14,0x00,0x00,0x00,0x15,0x00,0x00,0x00,0x03,0x00,0x00,0x00,0x20,0x00,0x04,0x00,
        0x16,0x00,0x00,0x00,0x01,0x00,0x00,0x00,0x13,0x00,0x00,0x00,0x3B,0x00,0x04,0x00,
        0x16,0x00,0x00,0x00,0x17,0x00,0x00,0x00,0x01,0x00,0x00,0x00,0x15,0x00,0x04,0x00,
        0x19,0x00,0x00,0x00,0x20,0x00,0x00,0x00,0x00,0x00,0x00,0x00,0x2B,0x00,0x04,0x00,
        0x19,0x00,0x00,0x00,0x1A,0x00,0x00,0x00,0x01,0x00,0x00,0x00,0x1C,0x00,0x04,0x00,
        0x1B,0x00,0x00,0x00,0x06,0x00,0x00,0x00,0x1A,0x00,0x00,0x00,0x1E,0x00,0x06,0x00,
        0x1C,0x00,0x00,0x00,0x0D,0x00,0x00,0x00,0x06,0x00,0x00,0x00,0x1B,0x00,0x00,0x00,
        0x1B,0x00,0x00,0x00,0x20,0x00,0x04,0x00,0x1D,0x00,0x00,0x00,0x03,0x00,0x00,0x00,
        0x1C,0x00,0x00,0x00,0x3B,0x00,0x04,0x00,0x1D,0x00,0x00,0x00,0x1E,0x00,0x00,0x00,
        0x03,0x00,0x00,0x00,0x15,0x00,0x04,0x00,0x1F,0x00,0x00,0x00,0x20,0x00,0x00,0x00,
        0x01,0x00,0x00,0x00,0x2B,0x00,0x04,0x00,0x1F,0x00,0x00,0x00,0x20,0x00,0x00,0x00,
        0x00,0x00,0x00,0x00,0x18,0x00,0x04,0x00,0x21,0x00,0x00,0x00,0x0D,0x00,0x00,0x00,
        0x04,0x00,0x00,0x00,0x1E,0x00,0x04,0x00,0x22,0x00,0x00,0x00,0x0D,0x00,0x00,0x00,
        0x0D,0x00,0x00,0x00,0x2B,0x00,0x04,0x00,0x19,0x00,0x00,0x00,0x23,0x00,0x00,0x00,
        0x20,0x00,0x00,0x00,0x1C,0x00,0x04,0x00,0x24,0x00,0x00,0x00,0x22,0x00,0x00,0x00,
        0x23,0x00,0x00,0x00,0x1E,0x00,0x09,0x00,0x25,0x00,0x00,0x00,0x21,0x00,0x00,0x00,
        0x21,0x00,0x00,0x00,0x24,0x00,0x00,0x00,0x19,0x00,0x00,0x00,0x19,0x00,0x00,0x00,
        0x19,0x00,0x00,0x00,0x19,0x00,0x00,0x00,0x20,0x00,0x04,0x00,0x26,0x00,0x00,0x00,
        0x02,0x00,0x00,0x00,0x25,0x00,0x00,0x00,0x3B,0x00,0x04,0x00,0x26,0x00,0x00,0x00,
        0x27,0x00,0x00,0x00,0x02,0x00,0x00,0x00,0x2B,0x00,0x04,0x00,0x1F,0x00,0x00,0x00,
        0x28,0x00,0x00,0x00,0x01,0x00,0x00,0x00,0x20,0x00,0x04,0x00,0x29,0x00,0x00,0x00,
        0x02,0x00,0x00,0x00,0x21,0x00,0x00,0x00,0x2B,0x00,0x04,0x00,0x06,0x00,0x00,0x00,
        0x30,0x00,0x00,0x00,0x00,0x00,0x80,0x3F,0x36,0x00,0x05,0x00,0x02,0x00,0x00,0x00,
        0x04,0x00,0x00,0x00,0x00,0x00,0x00,0x00,0x03,0x00,0x00,0x00,0xF8,0x00,0x02,0x00,
        0x05,0x00,0x00,0x00,0x3D,0x00,0x04,0x00,0x07,0x00,0x00,0x00,0x0C,0x00,0x00,0x00,
        0x0B,0x00,0x00,0x00,0x3E,0x00,0x03,0x00,0x09,0x00,0x00,0x00,0x0C,0x00,0x00,0x00,
        0x3D,0x00,0x04,0x00,0x0D,0x00,0x00,0x00,0x12,0x00,0x00,0x00,0x11,0x00,0x00,0x00,
        0x3E,0x00,0x03,0x00,0x0F,0x00,0x00,0x00,0x12,0x00,0x00,0x00,0x3D,0x00,0x04,0x00,
        0x13,0x00,0x00,0x00,0x18,0x00,0x00,0x00,0x17,0x00,0x00,0x00,0x3E,0x00,0x03,0x00,
        0x15,0x00,0x00,0x00,0x18,0x00,0x00,0x00,0x41,0x00,0x05,0x00,0x29,0x00,0x00,0x00,
        0x2A,0x00,0x00,0x00,0x27,0x00,0x00,0x00,0x28,0x00,0x00,0x00,0x3D,0x00,0x04,0x00,
        0x21,0x00,0x00,0x00,0x2B,0x00,0x00,0x00,0x2A,0x00,0x00,0x00,0x41,0x00,0x05,0x00,
        0x29,0x00,0x00,0x00,0x2C,0x00,0x00,0x00,0x27,0x00,0x00,0x00,0x20,0x00,0x00,0x00,
        0x3D,0x00,0x04,0x00,0x21,0x00,0x00,0x00,0x2D,0x00,0x00,0x00,0x2C,0x00,0x00,0x00,
        0x92,0x00,0x05,0x00,0x21,0x00,0x00,0x00,0x2E,0x00,0x00,0x00,0x2B,0x00,0x00,0x00,
        0x2D,0x00,0x00,0x00,0x3D,0x00,0x04,0x00,0x13,0x00,0x00,0x00,0x2F,0x00,0x00,0x00,
        0x17,0x00,0x00,0x00,0x51,0x00,0x05,0x00,0x06,0x00,0x00,0x00,0x31,0x00,0x00,0x00,
        0x2F,0x00,0x00,0x00,0x00,0x00,0x00,0x00,0x51,0x00,0x05,0x00,0x06,0x00,0x00,0x00,
        0x32,0x00,0x00,0x00,0x2F,0x00,0x00,0x00,0x01,0x00,0x00,0x00,0x51,0x00,0x05,0x00,
        0x06,0x00,0x00,0x00,0x33,0x00,0x00,0x00,0x2F,0x00,0x00,0x00,0x02,0x00,0x00,0x00,
        0x50,0x00,0x07,0x00,0x0D,0x00,0x00,0x00,0x34,0x00,0x00,0x00,0x31,0x00,0x00,0x00,
        0x32,0x00,0x00,0x00,0x33,0x00,0x00,0x00,0x30,0x00,0x00,0x00,0x91,0x00,0x05,0x00,
        0x0D,0x00,0x00,0x00,0x35,0x00,0x00,0x00,0x2E,0x00,0x00,0x00,0x34,0x00,0x00,0x00,
        0x41,0x00,0x05,0x00,0x0E,0x00,0x00,0x00,0x36,0x00,0x00,0x00,0x1E,0x00,0x00,0x00,
        0x20,0x00,0x00,0x00,0x3E,0x00,0x03,0x00,0x36,0x00,0x00,0x00,0x35,0x00,0x00,0x00,
        0xFD,0x00,0x01,0x00,0x38,0x00,0x01,0x00,
    };
    inline const size_t g_spv_terrain_vert_spv_size = sizeof(g_spv_terrain_vert_spv);

    // water.comp.spv (5548 bytes)
    alignas(4) inline const uint8_t g_spv_water_comp_spv[] = {
        0x03,0x02,0x23,0x07,0x00,0x00,0x01,0x00,0x0B,0x00,0x0D,0x00,0xE5,0x00,0x00,0x00,
        0x00,0x00,0x00,0x00,0x11,0x00,0x02,0x00,0x01,0x00,0x00,0x00,0x0B,0x00,0x06,0x00,
        0x01,0x00,0x00,0x00,0x47,0x4C,0x53,0x4C,0x2E,0x73,0x74,0x64,0x2E,0x34,0x35,0x30,
        0x00,0x00,0x00,0x00,0x0E,0x00,0x03,0x00,0x00,0x00,0x00,0x00,0x01,0x00,0x00,0x00,
        0x0F,0x00,0x06,0x00,0x05,0x00,0x00,0x00,0x04,0x00,0x00,0x00,0x6D,0x61,0x69,0x6E,
        0x00,0x00,0x00,0x00,0x0B,0x00,0x00,0x00,0x10,0x00,0x06,0x00,0x04,0x00,0x00,0x00,
        0x11,0x00,0x00,0x00,0x10,0x00,0x00,0x00,0x10,0x00,0x00,0x00,0x01,0x00,0x00,0x00,
        0x03,0x00,0x03,0x00,0x02,0x00,0x00,0x00,0xC2,0x01,0x00,0x00,0x04,0x00,0x0A,0x00,
        0x47,0x4C,0x5F,0x47,0x4F,0x4F,0x47,0x4C,0x45,0x5F,0x63,0x70,0x70,0x5F,0x73,0x74,
        0x79,0x6C,0x65,0x5F,0x6C,0x69,0x6E,0x65,0x5F,0x64,0x69,0x72,0x65,0x63,0x74,0x69,
        0x76,0x65,0x00,0x00,0x04,0x00,0x08,0x00,0x47,0x4C,0x5F,0x47,0x4F,0x4F,0x47,0x4C,
        0x45,0x5F,0x69,0x6E,0x63,0x6C,0x75,0x64,0x65,0x5F,0x64,0x69,0x72,0x65,0x63,0x74,
        0x69,0x76,0x65,0x00,0x05,0x00,0x04,0x00,0x04,0x00,0x00,0x00,0x6D,0x61,0x69,0x6E,
        0x00,0x00,0x00,0x00,0x05,0x00,0x03,0x00,0x08,0x00,0x00,0x00,0x78,0x00,0x00,0x00,
        0x05,0x00,0x08,0x00,0x0B,0x00,0x00,0x00,0x67,0x6C,0x5F,0x47,0x6C,0x6F,0x62,0x61,
        0x6C,0x49,0x6E,0x76,0x6F,0x63,0x61,0x74,0x69,0x6F,0x6E,0x49,0x44,0x00,0x00,0x00,
        0x05,0x00,0x03,0x00,0x10,0x00,0x00,0x00,0x79,0x00,0x00,0x00,0x05,0x00,0x03,0x00,
        0x14,0x00,0x00,0x00,0x4E,0x00,0x00,0x00,0x05,0x00,0x05,0x00,0x17,0x00,0x00,0x00,
        0x57,0x61,0x74,0x65,0x72,0x50,0x61,0x72,0x61,0x6D,0x73,0x00,0x06,0x00,0x06,0x00,
        0x17,0x00,0x00,0x00,0x00,0x00,0x00,0x00,0x67,0x72,0x69,0x64,0x53,0x69,0x7A,0x65,
        0x00,0x00,0x00,0x00,0x06,0x00,0x05,0x00,0x17,0x00,0x00,0x00,0x01,0x00,0x00,0x00,
        0x68,0x65,0x72,0x6F,0x58,0x00,0x00,0x00,0x06,0x00,0x05,0x00,0x17,0x00,0x00,0x00,
        0x02,0x00,0x00,0x00,0x68,0x65,0x72,0x6F,0x59,0x00,0x00,0x00,0x06,0x00,0x06,0x00,
        0x17,0x00,0x00,0x00,0x03,0x00,0x00,0x00,0x77,0x6F,0x72,0x6C,0x64,0x54,0x69,0x6D,
        0x65,0x00,0x00,0x00,0x06,0x00,0x06,0x00,0x17,0x00,0x00,0x00,0x04,0x00,0x00,0x00,
        0x72,0x75,0x6E,0x42,0x61,0x73,0x65,0x57,0x61,0x76,0x65,0x00,0x05,0x00,0x04,0x00,
        0x19,0x00,0x00,0x00,0x75,0x50,0x61,0x72,0x61,0x6D,0x73,0x00,0x05,0x00,0x03,0x00,
        0x2A,0x00,0x00,0x00,0x69,0x64,0x78,0x00,0x05,0x00,0x03,0x00,0x46,0x00,0x00,0x00,
        0x75,0x70,0x00,0x00,0x05,0x00,0x04,0x00,0x48,0x00,0x00,0x00,0x4F,0x6C,0x64,0x50,
        0x61,0x67,0x65,0x00,0x06,0x00,0x06,0x00,0x48,0x00,0x00,0x00,0x00,0x00,0x00,0x00,
        0x6F,0x6C,0x64,0x48,0x65,0x69,0x67,0x68,0x74,0x00,0x00,0x00,0x05,0x00,0x03,0x00,
        0x4A,0x00,0x00,0x00,0x00,0x00,0x00,0x00,0x05,0x00,0x04,0x00,0x54,0x00,0x00,0x00,
        0x64,0x6F,0x77,0x6E,0x00,0x00,0x00,0x00,0x05,0x00,0x04,0x00,0x5D,0x00,0x00,0x00,
        0x72,0x69,0x67,0x68,0x74,0x00,0x00,0x00,0x05,0x00,0x04,0x00,0x66,0x00,0x00,0x00,
        0x6C,0x65,0x66,0x74,0x00,0x00,0x00,0x00,0x05,0x00,0x04,0x00,0x6F,0x00,0x00,0x00,
        0x6E,0x65,0x77,0x68,0x00,0x00,0x00,0x00,0x05,0x00,0x04,0x00,0x7A,0x00,0x00,0x00,
        0x4E,0x65,0x77,0x50,0x61,0x67,0x65,0x00,0x06,0x00,0x06,0x00,0x7A,0x00,0x00,0x00,
        0x00,0x00,0x00,0x00,0x6E,0x65,0x77,0x48,0x65,0x69,0x67,0x68,0x74,0x00,0x00,0x00,
        0x05,0x00,0x03,0x00,0x7C,0x00,0x00,0x00,0x00,0x00,0x00,0x00,0x05,0x00,0x03,0x00,
        0x8E,0x00,0x00,0x00,0x66,0x78,0x00,0x00,0x05,0x00,0x03,0x00,0x91,0x00,0x00,0x00,
        0x66,0x79,0x00,0x00,0x05,0x00,0x03,0x00,0x94,0x00,0x00,0x00,0x74,0x00,0x00,0x00,
        0x05,0x00,0x04,0x00,0x99,0x00,0x00,0x00,0x6D,0x61,0x78,0x48,0x31,0x00,0x00,0x00,
        0x05,0x00,0x05,0x00,0xA9,0x00,0x00,0x00,0x42,0x61,0x73,0x65,0x57,0x61,0x76,0x65,
        0x32,0x00,0x00,0x00,0x06,0x00,0x06,0x00,0xA9,0x00,0x00,0x00,0x00,0x00,0x00,0x00,
        0x62,0x61,0x73,0x65,0x57,0x61,0x76,0x65,0x32,0x00,0x00,0x00,0x05,0x00,0x03,0x00,
        0xAB,0x00,0x00,0x00,0x00,0x00,0x00,0x00,0x05,0x00,0x04,0x00,0xBE,0x00,0x00,0x00,
        0x6D,0x61,0x78,0x48,0x32,0x00,0x00,0x00,0x05,0x00,0x05,0x00,0xCD,0x00,0x00,0x00,
        0x42,0x61,0x73,0x65,0x57,0x61,0x76,0x65,0x33,0x00,0x00,0x00,0x06,0x00,0x06,0x00,
        0xCD,0x00,0x00,0x00,0x00,0x00,0x00,0x00,0x62,0x61,0x73,0x65,0x57,0x61,0x76,0x65,
        0x33,0x00,0x00,0x00,0x05,0x00,0x03,0x00,0xCF,0x00,0x00,0x00,0x00,0x00,0x00,0x00,
        0x47,0x00,0x04,0x00,0x0B,0x00,0x00,0x00,0x0B,0x00,0x00,0x00,0x1C,0x00,0x00,0x00,
        0x47,0x00,0x03,0x00,0x17,0x00,0x00,0x00,0x02,0x00,0x00,0x00,0x48,0x00,0x05,0x00,
        0x17,0x00,0x00,0x00,0x00,0x00,0x00,0x00,0x23,0x00,0x00,0x00,0x00,0x00,0x00,0x00,
        0x48,0x00,0x05,0x00,0x17,0x00,0x00,0x00,0x01,0x00,0x00,0x00,0x23,0x00,0x00,0x00,
        0x04,0x00,0x00,0x00,0x48,0x00,0x05,0x00,0x17,0x00,0x00,0x00,0x02,0x00,0x00,0x00,
        0x23,0x00,0x00,0x00,0x08,0x00,0x00,0x00,0x48,0x00,0x05,0x00,0x17,0x00,0x00,0x00,
        0x03,0x00,0x00,0x00,0x23,0x00,0x00,0x00,0x0C,0x00,0x00,0x00,0x48,0x00,0x05,0x00,
        0x17,0x00,0x00,0x00,0x04,0x00,0x00,0x00,0x23,0x00,0x00,0x00,0x10,0x00,0x00,0x00,
        0x47,0x00,0x04,0x00,0x47,0x00,0x00,0x00,0x06,0x00,0x00,0x00,0x04,0x00,0x00,0x00,
        0x47,0x00,0x03,0x00,0x48,0x00,0x00,0x00,0x03,0x00,0x00,0x00,0x48,0x00,0x04,0x00,
        0x48,0x00,0x00,0x00,0x00,0x00,0x00,0x00,0x18,0x00,0x00,0x00,0x48,0x00,0x05,0x00,
        0x48,0x00,0x00,0x00,0x00,0x00,0x00,0x00,0x23,0x00,0x00,0x00,0x00,0x00,0x00,0x00,
        0x47,0x00,0x03,0x00,0x4A,0x00,0x00,0x00,0x18,0x00,0x00,0x00,0x47,0x00,0x04,0x00,
        0x4A,0x00,0x00,0x00,0x21,0x00,0x00,0x00,0x00,0x00,0x00,0x00,0x47,0x00,0x04,0x00,
        0x4A,0x00,0x00,0x00,0x22,0x00,0x00,0x00,0x00,0x00,0x00,0x00,0x47,0x00,0x04,0x00,
        0x79,0x00,0x00,0x00,0x06,0x00,0x00,0x00,0x04,0x00,0x00,0x00,0x47,0x00,0x03,0x00,
        0x7A,0x00,0x00,0x00,0x03,0x00,0x00,0x00,0x48,0x00,0x05,0x00,0x7A,0x00,0x00,0x00,
        0x00,0x00,0x00,0x00,0x23,0x00,0x00,0x00,0x00,0x00,0x00,0x00,0x47,0x00,0x04,0x00,
        0x7C,0x00,0x00,0x00,0x21,0x00,0x00,0x00,0x01,0x00,0x00,0x00,0x47,0x00,0x04,0x00,
        0x7C,0x00,0x00,0x00,0x22,0x00,0x00,0x00,0x00,0x00,0x00,0x00,0x47,0x00,0x04,0x00,
        0xA8,0x00,0x00,0x00,0x06,0x00,0x00,0x00,0x04,0x00,0x00,0x00,0x47,0x00,0x03,0x00,
        0xA9,0x00,0x00,0x00,0x03,0x00,0x00,0x00,0x48,0x00,0x05,0x00,0xA9,0x00,0x00,0x00,
        0x00,0x00,0x00,0x00,0x23,0x00,0x00,0x00,0x00,0x00,0x00,0x00,0x47,0x00,0x04,0x00,
        0xAB,0x00,0x00,0x00,0x21,0x00,0x00,0x00,0x02,0x00,0x00,0x00,0x47,0x00,0x04,0x00,
        0xAB,0x00,0x00,0x00,0x22,0x00,0x00,0x00,0x00,0x00,0x00,0x00,0x47,0x00,0x04,0x00,
        0xCC,0x00,0x00,0x00,0x06,0x00,0x00,0x00,0x04,0x00,0x00,0x00,0x47,0x00,0x03,0x00,
        0xCD,0x00,0x00,0x00,0x03,0x00,0x00,0x00,0x48,0x00,0x05,0x00,0xCD,0x00,0x00,0x00,
        0x00,0x00,0x00,0x00,0x23,0x00,0x00,0x00,0x00,0x00,0x00,0x00,0x47,0x00,0x04,0x00,
        0xCF,0x00,0x00,0x00,0x21,0x00,0x00,0x00,0x03,0x00,0x00,0x00,0x47,0x00,0x04,0x00,
        0xCF,0x00,0x00,0x00,0x22,0x00,0x00,0x00,0x00,0x00,0x00,0x00,0x47,0x00,0x04,0x00,
        0xE4,0x00,0x00,0x00,0x0B,0x00,0x00,0x00,0x19,0x00,0x00,0x00,0x13,0x00,0x02,0x00,
        0x02,0x00,0x00,0x00,0x21,0x00,0x03,0x00,0x03,0x00,0x00,0x00,0x02,0x00,0x00,0x00,
        0x15,0x00,0x04,0x00,0x06,0x00,0x00,0x00,0x20,0x00,0x00,0x00,0x00,0x00,0x00,0x00,
        0x20,0x00,0x04,0x00,0x07,0x00,0x00,0x00,0x07,0x00,0x00,0x00,0x06,0x00,0x00,0x00,
        0x17,0x00,0x04,0x00,0x09,0x00,0x00,0x00,0x06,0x00,0x00,0x00,0x03,0x00,0x00,0x00,
        0x20,0x00,0x04,0x00,0x0A,0x00,0x00,0x00,0x01,0x00,0x00,0x00,0x09,0x00,0x00,0x00,
        0x3B,0x00,0x04,0x00,0x0A,0x00,0x00,0x00,0x0B,0x00,0x00,0x00,0x01,0x00,0x00,0x00,
        0x2B,0x00,0x04,0x00,0x06,0x00,0x00,0x00,0x0C,0x00,0x00,0x00,0x00,0x00,0x00,0x00,
        0x20,0x00,0x04,0x00,0x0D,0x00,0x00,0x00,0x01,0x00,0x00,0x00,0x06,0x00,0x00,0x00,
        0x2B,0x00,0x04,0x00,0x06,0x00,0x00,0x00,0x11,0x00,0x00,0x00,0x01,0x00,0x00,0x00,
        0x15,0x00,0x04,0x00,0x15,0x00,0x00,0x00,0x20,0x00,0x00,0x00,0x01,0x00,0x00,0x00,
        0x16,0x00,0x03,0x00,0x16,0x00,0x00,0x00,0x20,0x00,0x00,0x00,0x1E,0x00,0x07,0x00,
        0x17,0x00,0x00,0x00,0x15,0x00,0x00,0x00,0x15,0x00,0x00,0x00,0x15,0x00,0x00,0x00,
        0x16,0x00,0x00,0x00,0x15,0x00,0x00,0x00,0x20,0x00,0x04,0x00,0x18,0x00,0x00,0x00,
        0x09,0x00,0x00,0x00,0x17,0x00,0x00,0x00,0x3B,0x00,0x04,0x00,0x18,0x00,0x00,0x00,
        0x19,0x00,0x00,0x00,0x09,0x00,0x00,0x00,0x2B,0x00,0x04,0x00,0x15,0x00,0x00,0x00,
        0x1A,0x00,0x00,0x00,0x00,0x00,0x00,0x00,0x20,0x00,0x04,0x00,0x1B,0x00,0x00,0x00,
        0x09,0x00,0x00,0x00,0x15,0x00,0x00,0x00,0x14,0x00,0x02,0x00,0x21,0x00,0x00,0x00,
        0x20,0x00,0x04,0x00,0x45,0x00,0x00,0x00,0x07,0x00,0x00,0x00,0x15,0x00,0x00,0x00,
        0x1D,0x00,0x03,0x00,0x47,0x00,0x00,0x00,0x15,0x00,0x00,0x00,0x1E,0x00,0x03,0x00,
        0x48,0x00,0x00,0x00,0x47,0x00,0x00,0x00,0x20,0x00,0x04,0x00,0x49,0x00,0x00,0x00,
        0x02,0x00,0x00,0x00,0x48,0x00,0x00,0x00,0x3B,0x00,0x04,0x00,0x49,0x00,0x00,0x00,
        0x4A,0x00,0x00,0x00,0x02,0x00,0x00,0x00,0x20,0x00,0x04,0x00,0x51,0x00,0x00,0x00,
        0x02,0x00,0x00,0x00,0x15,0x00,0x00,0x00,0x2B,0x00,0x04,0x00,0x15,0x00,0x00,0x00,
        0x77,0x00,0x00,0x00,0x01,0x00,0x00,0x00,0x1D,0x00,0x03,0x00,0x79,0x00,0x00,0x00,
        0x15,0x00,0x00,0x00,0x1E,0x00,0x03,0x00,0x7A,0x00,0x00,0x00,0x79,0x00,0x00,0x00,
        0x20,0x00,0x04,0x00,0x7B,0x00,0x00,0x00,0x02,0x00,0x00,0x00,0x7A,0x00,0x00,0x00,
        0x3B,0x00,0x04,0x00,0x7B,0x00,0x00,0x00,0x7C,0x00,0x00,0x00,0x02,0x00,0x00,0x00,
        0x2B,0x00,0x04,0x00,0x15,0x00,0x00,0x00,0x84,0x00,0x00,0x00,0x04,0x00,0x00,0x00,
        0x20,0x00,0x04,0x00,0x8D,0x00,0x00,0x00,0x07,0x00,0x00,0x00,0x16,0x00,0x00,0x00,
        0x2B,0x00,0x04,0x00,0x15,0x00,0x00,0x00,0x95,0x00,0x00,0x00,0x03,0x00,0x00,0x00,
        0x20,0x00,0x04,0x00,0x96,0x00,0x00,0x00,0x09,0x00,0x00,0x00,0x16,0x00,0x00,0x00,
        0x2B,0x00,0x04,0x00,0x16,0x00,0x00,0x00,0x9B,0x00,0x00,0x00,0x0A,0xD7,0xA3,0x3B,
        0x2B,0x00,0x04,0x00,0x16,0x00,0x00,0x00,0x9E,0x00,0x00,0x00,0xCD,0xCC,0xCC,0x3D,
        0x2B,0x00,0x04,0x00,0x16,0x00,0x00,0x00,0xA5,0x00,0x00,0x00,0x00,0x00,0x48,0x42,
        0x1D,0x00,0x03,0x00,0xA8,0x00,0x00,0x00,0x15,0x00,0x00,0x00,0x1E,0x00,0x03,0x00,
        0xA9,0x00,0x00,0x00,0xA8,0x00,0x00,0x00,0x20,0x00,0x04,0x00,0xAA,0x00,0x00,0x00,
        0x02,0x00,0x00,0x00,0xA9,0x00,0x00,0x00,0x3B,0x00,0x04,0x00,0xAA,0x00,0x00,0x00,
        0xAB,0x00,0x00,0x00,0x02,0x00,0x00,0x00,0x2B,0x00,0x04,0x00,0x16,0x00,0x00,0x00,
        0xB0,0x00,0x00,0x00,0xA6,0x9B,0x44,0x3B,0x2B,0x00,0x04,0x00,0x16,0x00,0x00,0x00,
        0xB6,0x00,0x00,0x00,0x00,0x00,0x00,0x3F,0x2B,0x00,0x04,0x00,0x16,0x00,0x00,0x00,
        0xC0,0x00,0x00,0x00,0x6F,0x12,0x83,0x3A,0x2B,0x00,0x04,0x00,0x16,0x00,0x00,0x00,
        0xC9,0x00,0x00,0x00,0x00,0x00,0xC8,0x41,0x1D,0x00,0x03,0x00,0xCC,0x00,0x00,0x00,
        0x15,0x00,0x00,0x00,0x1E,0x00,0x03,0x00,0xCD,0x00,0x00,0x00,0xCC,0x00,0x00,0x00,
        0x20,0x00,0x04,0x00,0xCE,0x00,0x00,0x00,0x02,0x00,0x00,0x00,0xCD,0x00,0x00,0x00,
        0x3B,0x00,0x04,0x00,0xCE,0x00,0x00,0x00,0xCF,0x00,0x00,0x00,0x02,0x00,0x00,0x00,
        0x2B,0x00,0x04,0x00,0x16,0x00,0x00,0x00,0xD4,0x00,0x00,0x00,0x6F,0x12,0x03,0x3B,
        0x2B,0x00,0x04,0x00,0x16,0x00,0x00,0x00,0xD7,0x00,0x00,0x00,0x00,0x00,0x80,0x3F,
        0x2B,0x00,0x04,0x00,0x16,0x00,0x00,0x00,0xDB,0x00,0x00,0x00,0x9A,0x99,0x99,0x3E,
        0x2B,0x00,0x04,0x00,0x06,0x00,0x00,0x00,0xE3,0x00,0x00,0x00,0x10,0x00,0x00,0x00,
        0x2C,0x00,0x06,0x00,0x09,0x00,0x00,0x00,0xE4,0x00,0x00,0x00,0xE3,0x00,0x00,0x00,
        0xE3,0x00,0x00,0x00,0x11,0x00,0x00,0x00,0x36,0x00,0x05,0x00,0x02,0x00,0x00,0x00,
        0x04,0x00,0x00,0x00,0x00,0x00,0x00,0x00,0x03,0x00,0x00,0x00,0xF8,0x00,0x02,0x00,
        0x05,0x00,0x00,0x00,0x3B,0x00,0x04,0x00,0x07,0x00,0x00,0x00,0x08,0x00,0x00,0x00,
        0x07,0x00,0x00,0x00,0x3B,0x00,0x04,0x00,0x07,0x00,0x00,0x00,0x10,0x00,0x00,0x00,
        0x07,0x00,0x00,0x00,0x3B,0x00,0x04,0x00,0x07,0x00,0x00,0x00,0x14,0x00,0x00,0x00,
        0x07,0x00,0x00,0x00,0x3B,0x00,0x04,0x00,0x07,0x00,0x00,0x00,0x2A,0x00,0x00,0x00,
        0x07,0x00,0x00,0x00,0x3B,0x00,0x04,0x00,0x45,0x00,0x00,0x00,0x46,0x00,0x00,0x00,
        0x07,0x00,0x00,0x00,0x3B,0x00,0x04,0x00,0x45,0x00,0x00,0x00,0x54,0x00,0x00,0x00,
        0x07,0x00,0x00,0x00,0x3B,0x00,0x04,0x00,0x45,0x00,0x00,0x00,0x5D,0x00,0x00,0x00,
        0x07,0x00,0x00,0x00,0x3B,0x00,0x04,0x00,0x45,0x00,0x00,0x00,0x66,0x00,0x00,0x00,
        0x07,0x00,0x00,0x00,0x3B,0x00,0x04,0x00,0x45,0x00,0x00,0x00,0x6F,0x00,0x00,0x00,
        0x07,0x00,0x00,0x00,0x3B,0x00,0x04,0x00,0x8D,0x00,0x00,0x00,0x8E,0x00,0x00,0x00,
        0x07,0x00,0x00,0x00,0x3B,0x00,0x04,0x00,0x8D,0x00,0x00,0x00,0x91,0x00,0x00,0x00,
        0x07,0x00,0x00,0x00,0x3B,0x00,0x04,0x00,0x8D,0x00,0x00,0x00,0x94,0x00,0x00,0x00,
        0x07,0x00,0x00,0x00,0x3B,0x00,0x04,0x00,0x45,0x00,0x00,0x00,0x99,0x00,0x00,0x00,
        0x07,0x00,0x00,0x00,0x3B,0x00,0x04,0x00,0x45,0x00,0x00,0x00,0xBE,0x00,0x00,0x00,
        0x07,0x00,0x00,0x00,0x41,0x00,0x05,0x00,0x0D,0x00,0x00,0x00,0x0E,0x00,0x00,0x00,
        0x0B,0x00,0x00,0x00,0x0C,0x00,0x00,0x00,0x3D,0x00,0x04,0x00,0x06,0x00,0x00,0x00,
        0x0F,0x00,0x00,0x00,0x0E,0x00,0x00,0x00,0x3E,0x00,0x03,0x00,0x08,0x00,0x00,0x00,
        0x0F,0x00,0x00,0x00,0x41,0x00,0x05,0x00,0x0D,0x00,0x00,0x00,0x12,0x00,0x00,0x00,
        0x0B,0x00,0x00,0x00,0x11,0x00,0x00,0x00,0x3D,0x00,0x04,0x00,0x06,0x00,0x00,0x00,
        0x13,0x00,0x00,0x00,0x12,0x00,0x00,0x00,0x3E,0x00,0x03,0x00,0x10,0x00,0x00,0x00,
        0x13,0x00,0x00,0x00,0x41,0x00,0x05,0x00,0x1B,0x00,0x00,0x00,0x1C,0x00,0x00,0x00,
        0x19,0x00,0x00,0x00,0x1A,0x00,0x00,0x00,0x3D,0x00,0x04,0x00,0x15,0x00,0x00,0x00,
        0x1D,0x00,0x00,0x00,0x1C,0x00,0x00,0x00,0x7C,0x00,0x04,0x00,0x06,0x00,0x00,0x00,
        0x1E,0x00,0x00,0x00,0x1D,0x00,0x00,0x00,0x3E,0x00,0x03,0x00,0x14,0x00,0x00,0x00,
        0x1E,0x00,0x00,0x00,0x3D,0x00,0x04,0x00,0x06,0x00,0x00,0x00,0x1F,0x00,0x00,0x00,
        0x08,0x00,0x00,0x00,0x3D,0x00,0x04,0x00,0x06,0x00,0x00,0x00,0x20,0x00,0x00,0x00,
        0x14,0x00,0x00,0x00,0xAE,0x00,0x05,0x00,0x21,0x00,0x00,0x00,0x22,0x00,0x00,0x00,
        0x1F,0x00,0x00,0x00,0x20,0x00,0x00,0x00,0x3D,0x00,0x04,0x00,0x06,0x00,0x00,0x00,
        0x23,0x00,0x00,0x00,0x10,0x00,0x00,0x00,0x3D,0x00,0x04,0x00,0x06,0x00,0x00,0x00,
        0x24,0x00,0x00,0x00,0x14,0x00,0x00,0x00,0xAE,0x00,0x05,0x00,0x21,0x00,0x00,0x00,
        0x25,0x00,0x00,0x00,0x23,0x00,0x00,0x00,0x24,0x00,0x00,0x00,0xA6,0x00,0x05,0x00,
        0x21,0x00,0x00,0x00,0x26,0x00,0x00,0x00,0x22,0x00,0x00,0x00,0x25,0x00,0x00,0x00,
        0xF7,0x00,0x03,0x00,0x28,0x00,0x00,0x00,0x00,0x00,0x00,0x00,0xFA,0x00,0x04,0x00,
        0x26,0x00,0x00,0x00,0x27,0x00,0x00,0x00,0x28,0x00,0x00,0x00,0xF8,0x00,0x02,0x00,
        0x27,0x00,0x00,0x00,0xFD,0x00,0x01,0x00,0xF8,0x00,0x02,0x00,0x28,0x00,0x00,0x00,
        0x3D,0x00,0x04,0x00,0x06,0x00,0x00,0x00,0x2B,0x00,0x00,0x00,0x10,0x00,0x00,0x00,
        0x3D,0x00,0x04,0x00,0x06,0x00,0x00,0x00,0x2C,0x00,0x00,0x00,0x14,0x00,0x00,0x00,
        0x84,0x00,0x05,0x00,0x06,0x00,0x00,0x00,0x2D,0x00,0x00,0x00,0x2B,0x00,0x00,0x00,
        0x2C,0x00,0x00,0x00,0x3D,0x00,0x04,0x00,0x06,0x00,0x00,0x00,0x2E,0x00,0x00,0x00,
        0x08,0x00,0x00,0x00,0x80,0x00,0x05,0x00,0x06,0x00,0x00,0x00,0x2F,0x00,0x00,0x00,
        0x2D,0x00,0x00,0x00,0x2E,0x00,0x00,0x00,0x3E,0x00,0x03,0x00,0x2A,0x00,0x00,0x00,
        0x2F,0x00,0x00,0x00,0x3D,0x00,0x04,0x00,0x06,0x00,0x00,0x00,0x30,0x00,0x00,0x00,
        0x08,0x00,0x00,0x00,0xAC,0x00,0x05,0x00,0x21,0x00,0x00,0x00,0x31,0x00,0x00,0x00,
        0x30,0x00,0x00,0x00,0x0C,0x00,0x00,0x00,0xF7,0x00,0x03,0x00,0x33,0x00,0x00,0x00,
        0x00,0x00,0x00,0x00,0xFA,0x00,0x04,0x00,0x31,0x00,0x00,0x00,0x32,0x00,0x00,0x00,
        0x33,0x00,0x00,0x00,0xF8,0x00,0x02,0x00,0x32,0x00,0x00,0x00,0x3D,0x00,0x04,0x00,
        0x06,0x00,0x00,0x00,0x34,0x00,0x00,0x00,0x08,0x00,0x00,0x00,0x3D,0x00,0x04,0x00,
        0x06,0x00,0x00,0x00,0x35,0x00,0x00,0x00,0x14,0x00,0x00,0x00,0x82,0x00,0x05,0x00,
        0x06,0x00,0x00,0x00,0x36,0x00,0x00,0x00,0x35,0x00,0x00,0x00,0x11,0x00,0x00,0x00,
        0xB0,0x00,0x05,0x00,0x21,0x00,0x00,0x00,0x37,0x00,0x00,0x00,0x34,0x00,0x00,0x00,
        0x36,0x00,0x00,0x00,0xF9,0x00,0x02,0x00,0x33,0x00,0x00,0x00,0xF8,0x00,0x02,0x00,
        0x33,0x00,0x00,0x00,0xF5,0x00,0x07,0x00,0x21,0x00,0x00,0x00,0x38,0x00,0x00,0x00,
        0x31,0x00,0x00,0x00,0x28,0x00,0x00,0x00,0x37,0x00,0x00,0x00,0x32,0x00,0x00,0x00,
        0x3D,0x00,0x04,0x00,0x06,0x00,0x00,0x00,0x39,0x00,0x00,0x00,0x10,0x00,0x00,0x00,
        0xAC,0x00,0x05,0x00,0x21,0x00,0x00,0x00,0x3A,0x00,0x00,0x00,0x39,0x00,0x00,0x00,
        0x0C,0x00,0x00,0x00,0xA7,0x00,0x05,0x00,0x21,0x00,0x00,0x00,0x3B,0x00,0x00,0x00,
        0x38,0x00,0x00,0x00,0x3A,0x00,0x00,0x00,0xF7,0x00,0x03,0x00,0x3D,0x00,0x00,0x00,
        0x00,0x00,0x00,0x00,0xFA,0x00,0x04,0x00,0x3B,0x00,0x00,0x00,0x3C,0x00,0x00,0x00,
        0x3D,0x00,0x00,0x00,0xF8,0x00,0x02,0x00,0x3C,0x00,0x00,0x00,0x3D,0x00,0x04,0x00,
        0x06,0x00,0x00,0x00,0x3E,0x00,0x00,0x00,0x10,0x00,0x00,0x00,0x3D,0x00,0x04,0x00,
        0x06,0x00,0x00,0x00,0x3F,0x00,0x00,0x00,0x14,0x00,0x00,0x00,0x82,0x00,0x05,0x00,
        0x06,0x00,0x00,0x00,0x40,0x00,0x00,0x00,0x3F,0x00,0x00,0x00,0x11,0x00,0x00,0x00,
        0xB0,0x00,0x05,0x00,0x21,0x00,0x00,0x00,0x41,0x00,0x00,0x00,0x3E,0x00,0x00,0x00,
        0x40,0x00,0x00,0x00,0xF9,0x00,0x02,0x00,0x3D,0x00,0x00,0x00,0xF8,0x00,0x02,0x00,
        0x3D,0x00,0x00,0x00,0xF5,0x00,0x07,0x00,0x21,0x00,0x00,0x00,0x42,0x00,0x00,0x00,
        0x3B,0x00,0x00,0x00,0x33,0x00,0x00,0x00,0x41,0x00,0x00,0x00,0x3C,0x00,0x00,0x00,
        0xF7,0x00,0x03,0x00,0x44,0x00,0x00,0x00,0x00,0x00,0x00,0x00,0xFA,0x00,0x04,0x00,
        0x42,0x00,0x00,0x00,0x43,0x00,0x00,0x00,0x44,0x00,0x00,0x00,0xF8,0x00,0x02,0x00,
        0x43,0x00,0x00,0x00,0x3D,0x00,0x04,0x00,0x06,0x00,0x00,0x00,0x4B,0x00,0x00,0x00,
        0x10,0x00,0x00,0x00,0x80,0x00,0x05,0x00,0x06,0x00,0x00,0x00,0x4C,0x00,0x00,0x00,
        0x4B,0x00,0x00,0x00,0x11,0x00,0x00,0x00,0x3D,0x00,0x04,0x00,0x06,0x00,0x00,0x00,
        0x4D,0x00,0x00,0x00,0x14,0x00,0x00,0x00,0x84,0x00,0x05,0x00,0x06,0x00,0x00,0x00,
        0x4E,0x00,0x00,0x00,0x4C,0x00,0x00,0x00,0x4D,0x00,0x00,0x00,0x3D,0x00,0x04,0x00,
        0x06,0x00,0x00,0x00,0x4F,0x00,0x00,0x00,0x08,0x00,0x00,0x00,0x80,0x00,0x05,0x00,
        0x06,0x00,0x00,0x00,0x50,0x00,0x00,0x00,0x4E,0x00,0x00,0x00,0x4F,0x00,0x00,0x00,
        0x41,0x00,0x06,0x00,0x51,0x00,0x00,0x00,0x52,0x00,0x00,0x00,0x4A,0x00,0x00,0x00,
        0x1A,0x00,0x00,0x00,0x50,0x00,0x00,0x00,0x3D,0x00,0x04,0x00,0x15,0x00,0x00,0x00,
        0x53,0x00,0x00,0x00,0x52,0x00,0x00,0x00,0x3E,0x00,0x03,0x00,0x46,0x00,0x00,0x00,
        0x53,0x00,0x00,0x00,0x3D,0x00,0x04,0x00,0x06,0x00,0x00,0x00,0x55,0x00,0x00,0x00,
        0x10,0x00,0x00,0x00,0x82,0x00,0x05,0x00,0x06,0x00,0x00,0x00,0x56,0x00,0x00,0x00,
        0x55,0x00,0x00,0x00,0x11,0x00,0x00,0x00,0x3D,0x00,0x04,0x00,0x06,0x00,0x00,0x00,
        0x57,0x00,0x00,0x00,0x14,0x00,0x00,0x00,0x84,0x00,0x05,0x00,0x06,0x00,0x00,0x00,
        0x58,0x00,0x00,0x00,0x56,0x00,0x00,0x00,0x57,0x00,0x00,0x00,0x3D,0x00,0x04,0x00,
        0x06,0x00,0x00,0x00,0x59,0x00,0x00,0x00,0x08,0x00,0x00,0x00,0x80,0x00,0x05,0x00,
        0x06,0x00,0x00,0x00,0x5A,0x00,0x00,0x00,0x58,0x00,0x00,0x00,0x59,0x00,0x00,0x00,
        0x41,0x00,0x06,0x00,0x51,0x00,0x00,0x00,0x5B,0x00,0x00,0x00,0x4A,0x00,0x00,0x00,
        0x1A,0x00,0x00,0x00,0x5A,0x00,0x00,0x00,0x3D,0x00,0x04,0x00,0x15,0x00,0x00,0x00,
        0x5C,0x00,0x00,0x00,0x5B,0x00,0x00,0x00,0x3E,0x00,0x03,0x00,0x54,0x00,0x00,0x00,
        0x5C,0x00,0x00,0x00,0x3D,0x00,0x04,0x00,0x06,0x00,0x00,0x00,0x5E,0x00,0x00,0x00,
        0x10,0x00,0x00,0x00,0x3D,0x00,0x04,0x00,0x06,0x00,0x00,0x00,0x5F,0x00,0x00,0x00,
        0x14,0x00,0x00,0x00,0x84,0x00,0x05,0x00,0x06,0x00,0x00,0x00,0x60,0x00,0x00,0x00,
        0x5E,0x00,0x00,0x00,0x5F,0x00,0x00,0x00,0x3D,0x00,0x04,0x00,0x06,0x00,0x00,0x00,
        0x61,0x00,0x00,0x00,0x08,0x00,0x00,0x00,0x80,0x00,0x05,0x00,0x06,0x00,0x00,0x00,
        0x62,0x00,0x00,0x00,0x61,0x00,0x00,0x00,0x11,0x00,0x00,0x00,0x80,0x00,0x05,0x00,
        0x06,0x00,0x00,0x00,0x63,0x00,0x00,0x00,0x60,0x00,0x00,0x00,0x62,0x00,0x00,0x00,
        0x41,0x00,0x06,0x00,0x51,0x00,0x00,0x00,0x64,0x00,0x00,0x00,0x4A,0x00,0x00,0x00,
        0x1A,0x00,0x00,0x00,0x63,0x00,0x00,0x00,0x3D,0x00,0x04,0x00,0x15,0x00,0x00,0x00,
        0x65,0x00,0x00,0x00,0x64,0x00,0x00,0x00,0x3E,0x00,0x03,0x00,0x5D,0x00,0x00,0x00,
        0x65,0x00,0x00,0x00,0x3D,0x00,0x04,0x00,0x06,0x00,0x00,0x00,0x67,0x00,0x00,0x00,
        0x10,0x00,0x00,0x00,0x3D,0x00,0x04,0x00,0x06,0x00,0x00,0x00,0x68,0x00,0x00,0x00,
        0x14,0x00,0x00,0x00,0x84,0x00,0x05,0x00,0x06,0x00,0x00,0x00,0x69,0x00,0x00,0x00,
        0x67,0x00,0x00,0x00,0x68,0x00,0x00,0x00,0x3D,0x00,0x04,0x00,0x06,0x00,0x00,0x00,
        0x6A,0x00,0x00,0x00,0x08,0x00,0x00,0x00,0x82,0x00,0x05,0x00,0x06,0x00,0x00,0x00,
        0x6B,0x00,0x00,0x00,0x6A,0x00,0x00,0x00,0x11,0x00,0x00,0x00,0x80,0x00,0x05,0x00,
        0x06,0x00,0x00,0x00,0x6C,0x00,0x00,0x00,0x69,0x00,0x00,0x00,0x6B,0x00,0x00,0x00,
        0x41,0x00,0x06,0x00,0x51,0x00,0x00,0x00,0x6D,0x00,0x00,0x00,0x4A,0x00,0x00,0x00,
        0x1A,0x00,0x00,0x00,0x6C,0x00,0x00,0x00,0x3D,0x00,0x04,0x00,0x15,0x00,0x00,0x00,
        0x6E,0x00,0x00,0x00,0x6D,0x00,0x00,0x00,0x3E,0x00,0x03,0x00,0x66,0x00,0x00,0x00,
        0x6E,0x00,0x00,0x00,0x3D,0x00,0x04,0x00,0x15,0x00,0x00,0x00,0x70,0x00,0x00,0x00,
        0x46,0x00,0x00,0x00,0x3D,0x00,0x04,0x00,0x15,0x00,0x00,0x00,0x71,0x00,0x00,0x00,
        0x54,0x00,0x00,0x00,0x80,0x00,0x05,0x00,0x15,0x00,0x00,0x00,0x72,0x00,0x00,0x00,
        0x70,0x00,0x00,0x00,0x71,0x00,0x00,0x00,0x3D,0x00,0x04,0x00,0x15,0x00,0x00,0x00,
        0x73,0x00,0x00,0x00,0x5D,0x00,0x00,0x00,0x80,0x00,0x05,0x00,0x15,0x00,0x00,0x00,
        0x74,0x00,0x00,0x00,0x72,0x00,0x00,0x00,0x73,0x00,0x00,0x00,0x3D,0x00,0x04,0x00,
        0x15,0x00,0x00,0x00,0x75,0x00,0x00,0x00,0x66,0x00,0x00,0x00,0x80,0x00,0x05,0x00,
        0x15,0x00,0x00,0x00,0x76,0x00,0x00,0x00,0x74,0x00,0x00,0x00,0x75,0x00,0x00,0x00,
        0xC3,0x00,0x05,0x00,0x15,0x00,0x00,0x00,0x78,0x00,0x00,0x00,0x76,0x00,0x00,0x00,
        0x77,0x00,0x00,0x00,0x3D,0x00,0x04,0x00,0x06,0x00,0x00,0x00,0x7D,0x00,0x00,0x00,
        0x2A,0x00,0x00,0x00,0x41,0x00,0x06,0x00,0x51,0x00,0x00,0x00,0x7E,0x00,0x00,0x00,
        0x7C,0x00,0x00,0x00,0x1A,0x00,0x00,0x00,0x7D,0x00,0x00,0x00,0x3D,0x00,0x04,0x00,
        0x15,0x00,0x00,0x00,0x7F,0x00,0x00,0x00,0x7E,0x00,0x00,0x00,0x82,0x00,0x05,0x00,
        0x15,0x00,0x00,0x00,0x80,0x00,0x00,0x00,0x78,0x00,0x00,0x00,0x7F,0x00,0x00,0x00,
        0x3E,0x00,0x03,0x00,0x6F,0x00,0x00,0x00,0x80,0x00,0x00,0x00,0x3D,0x00,0x04,0x00,
        0x06,0x00,0x00,0x00,0x81,0x00,0x00,0x00,0x2A,0x00,0x00,0x00,0x3D,0x00,0x04,0x00,
        0x15,0x00,0x00,0x00,0x82,0x00,0x00,0x00,0x6F,0x00,0x00,0x00,0x3D,0x00,0x04,0x00,
        0x15,0x00,0x00,0x00,0x83,0x00,0x00,0x00,0x6F,0x00,0x00,0x00,0xC3,0x00,0x05,0x00,
        0x15,0x00,0x00,0x00,0x85,0x00,0x00,0x00,0x83,0x00,0x00,0x00,0x84,0x00,0x00,0x00,
        0x82,0x00,0x05,0x00,0x15,0x00,0x00,0x00,0x86,0x00,0x00,0x00,0x82,0x00,0x00,0x00,
        0x85,0x00,0x00,0x00,0x41,0x00,0x06,0x00,0x51,0x00,0x00,0x00,0x87,0x00,0x00,0x00,
        0x7C,0x00,0x00,0x00,0x1A,0x00,0x00,0x00,0x81,0x00,0x00,0x00,0x3E,0x00,0x03,0x00,
        0x87,0x00,0x00,0x00,0x86,0x00,0x00,0x00,0xF9,0x00,0x02,0x00,0x44,0x00,0x00,0x00,
        0xF8,0x00,0x02,0x00,0x44,0x00,0x00,0x00,0x41,0x00,0x05,0x00,0x1B,0x00,0x00,0x00,
        0x88,0x00,0x00,0x00,0x19,0x00,0x00,0x00,0x84,0x00,0x00,0x00,0x3D,0x00,0x04,0x00,
        0x15,0x00,0x00,0x00,0x89,0x00,0x00,0x00,0x88,0x00,0x00,0x00,0xAB,0x00,0x05,0x00,
        0x21,0x00,0x00,0x00,0x8A,0x00,0x00,0x00,0x89,0x00,0x00,0x00,0x1A,0x00,0x00,0x00,
        0xF7,0x00,0x03,0x00,0x8C,0x00,0x00,0x00,0x00,0x00,0x00,0x00,0xFA,0x00,0x04,0x00,
        0x8A,0x00,0x00,0x00,0x8B,0x00,0x00,0x00,0x8C,0x00,0x00,0x00,0xF8,0x00,0x02,0x00,
        0x8B,0x00,0x00,0x00,0x3D,0x00,0x04,0x00,0x06,0x00,0x00,0x00,0x8F,0x00,0x00,0x00,
        0x08,0x00,0x00,0x00,0x70,0x00,0x04,0x00,0x16,0x00,0x00,0x00,0x90,0x00,0x00,0x00,
        0x8F,0x00,0x00,0x00,0x3E,0x00,0x03,0x00,0x8E,0x00,0x00,0x00,0x90,0x00,0x00,0x00,
        0x3D,0x00,0x04,0x00,0x06,0x00,0x00,0x00,0x92,0x00,0x00,0x00,0x10,0x00,0x00,0x00,
        0x70,0x00,0x04,0x00,0x16,0x00,0x00,0x00,0x93,0x00,0x00,0x00,0x92,0x00,0x00,0x00,
        0x3E,0x00,0x03,0x00,0x91,0x00,0x00,0x00,0x93,0x00,0x00,0x00,0x41,0x00,0x05,0x00,
        0x96,0x00,0x00,0x00,0x97,0x00,0x00,0x00,0x19,0x00,0x00,0x00,0x95,0x00,0x00,0x00,
        0x3D,0x00,0x04,0x00,0x16,0x00,0x00,0x00,0x98,0x00,0x00,0x00,0x97,0x00,0x00,0x00,
        0x3E,0x00,0x03,0x00,0x94,0x00,0x00,0x00,0x98,0x00,0x00,0x00,0x3D,0x00,0x04,0x00,
        0x16,0x00,0x00,0x00,0x9A,0x00,0x00,0x00,0x94,0x00,0x00,0x00,0x85,0x00,0x05,0x00,
        0x16,0x00,0x00,0x00,0x9C,0x00,0x00,0x00,0x9A,0x00,0x00,0x00,0x9B,0x00,0x00,0x00,
        0x3D,0x00,0x04,0x00,0x16,0x00,0x00,0x00,0x9D,0x00,0x00,0x00,0x91,0x00,0x00,0x00,
        0x85,0x00,0x05,0x00,0x16,0x00,0x00,0x00,0x9F,0x00,0x00,0x00,0x9D,0x00,0x00,0x00,
        0x9E,0x00,0x00,0x00,0x81,0x00,0x05,0x00,0x16,0x00,0x00,0x00,0xA0,0x00,0x00,0x00,
        0x9C,0x00,0x00,0x00,0x9F,0x00,0x00,0x00,0x3D,0x00,0x04,0x00,0x16,0x00,0x00,0x00,
        0xA1,0x00,0x00,0x00,0x8E,0x00,0x00,0x00,0x85,0x00,0x05,0x00,0x16,0x00,0x00,0x00,
        0xA2,0x00,0x00,0x00,0xA1,0x00,0x00,0x00,0x9E,0x00,0x00,0x00,0x81,0x00,0x05,0x00,
        0x16,0x00,0x00,0x00,0xA3,0x00,0x00,0x00,0xA0,0x00,0x00,0x00,0xA2,0x00,0x00,0x00,
        0x0C,0x00,0x06,0x00,0x16,0x00,0x00,0x00,0xA4,0x00,0x00,0x00,0x01,0x00,0x00,0x00,
        0x0D,0x00,0x00,0x00,0xA3,0x00,0x00,0x00,0x85,0x00,0x05,0x00,0x16,0x00,0x00,0x00,
        0xA6,0x00,0x00,0x00,0xA4,0x00,0x00,0x00,0xA5,0x00,0x00,0x00,0x6E,0x00,0x04,0x00,
        0x15,0x00,0x00,0x00,0xA7,0x00,0x00,0x00,0xA6,0x00,0x00,0x00,0x3E,0x00,0x03,0x00,
        0x99,0x00,0x00,0x00,0xA7,0x00,0x00,0x00,0x3D,0x00,0x04,0x00,0x06,0x00,0x00,0x00,
        0xAC,0x00,0x00,0x00,0x2A,0x00,0x00,0x00,0x3D,0x00,0x04,0x00,0x15,0x00,0x00,0x00,
        0xAD,0x00,0x00,0x00,0x99,0x00,0x00,0x00,0x6F,0x00,0x04,0x00,0x16,0x00,0x00,0x00,
        0xAE,0x00,0x00,0x00,0xAD,0x00,0x00,0x00,0x3D,0x00,0x04,0x00,0x16,0x00,0x00,0x00,
        0xAF,0x00,0x00,0x00,0x94,0x00,0x00,0x00,0x85,0x00,0x05,0x00,0x16,0x00,0x00,0x00,
        0xB1,0x00,0x00,0x00,0xAF,0x00,0x00,0x00,0xB0,0x00,0x00,0x00,0x3D,0x00,0x04,0x00,
        0x16,0x00,0x00,0x00,0xB2,0x00,0x00,0x00,0x8E,0x00,0x00,0x00,0x85,0x00,0x05,0x00,
        0x16,0x00,0x00,0x00,0xB3,0x00,0x00,0x00,0xB2,0x00,0x00,0x00,0x9E,0x00,0x00,0x00,
        0x81,0x00,0x05,0x00,0x16,0x00,0x00,0x00,0xB4,0x00,0x00,0x00,0xB1,0x00,0x00,0x00,
        0xB3,0x00,0x00,0x00,0x3D,0x00,0x04,0x00,0x16,0x00,0x00,0x00,0xB5,0x00,0x00,0x00,
        0x91,0x00,0x00,0x00,0x85,0x00,0x05,0x00,0x16,0x00,0x00,0x00,0xB7,0x00,0x00,0x00,
        0xB5,0x00,0x00,0x00,0xB6,0x00,0x00,0x00,0x81,0x00,0x05,0x00,0x16,0x00,0x00,0x00,
        0xB8,0x00,0x00,0x00,0xB4,0x00,0x00,0x00,0xB7,0x00,0x00,0x00,0x0C,0x00,0x06,0x00,
        0x16,0x00,0x00,0x00,0xB9,0x00,0x00,0x00,0x01,0x00,0x00,0x00,0x0D,0x00,0x00,0x00,
        0xB8,0x00,0x00,0x00,0x85,0x00,0x05,0x00,0x16,0x00,0x00,0x00,0xBA,0x00,0x00,0x00,
        0xB9,0x00,0x00,0x00,0xA5,0x00,0x00,0x00,0x83,0x00,0x05,0x00,0x16,0x00,0x00,0x00,
        0xBB,0x00,0x00,0x00,0xAE,0x00,0x00,0x00,0xBA,0x00,0x00,0x00,0x6E,0x00,0x04,0x00,
        0x15,0x00,0x00,0x00,0xBC,0x00,0x00,0x00,0xBB,0x00,0x00,0x00,0x41,0x00,0x06,0x00,
        0x51,0x00,0x00,0x00,0xBD,0x00,0x00,0x00,0xAB,0x00,0x00,0x00,0x1A,0x00,0x00,0x00,
        0xAC,0x00,0x00,0x00,0x3E,0x00,0x03,0x00,0xBD,0x00,0x00,0x00,0xBC,0x00,0x00,0x00,
        0x3D,0x00,0x04,0x00,0x16,0x00,0x00,0x00,0xBF,0x00,0x00,0x00,0x94,0x00,0x00,0x00,
        0x85,0x00,0x05,0x00,0x16,0x00,0x00,0x00,0xC1,0x00,0x00,0x00,0xBF,0x00,0x00,0x00,
        0xC0,0x00,0x00,0x00,0x3D,0x00,0x04,0x00,0x16,0x00,0x00,0x00,0xC2,0x00,0x00,0x00,
        0x91,0x00,0x00,0x00,0x85,0x00,0x05,0x00,0x16,0x00,0x00,0x00,0xC3,0x00,0x00,0x00,
        0xC2,0x00,0x00,0x00,0xB6,0x00,0x00,0x00,0x81,0x00,0x05,0x00,0x16,0x00,0x00,0x00,
        0xC4,0x00,0x00,0x00,0xC1,0x00,0x00,0x00,0xC3,0x00,0x00,0x00,0x3D,0x00,0x04,0x00,
        0x16,0x00,0x00,0x00,0xC5,0x00,0x00,0x00,0x8E,0x00,0x00,0x00,0x85,0x00,0x05,0x00,
        0x16,0x00,0x00,0x00,0xC6,0x00,0x00,0x00,0xC5,0x00,0x00,0x00,0xB6,0x00,0x00,0x00,
        0x81,0x00,0x05,0x00,0x16,0x00,0x00,0x00,0xC7,0x00,0x00,0x00,0xC4,0x00,0x00,0x00,
        0xC6,0x00,0x00,0x00,0x0C,0x00,0x06,0x00,0x16,0x00,0x00,0x00,0xC8,0x00,0x00,0x00,
        0x01,0x00,0x00,0x00,0x0D,0x00,0x00,0x00,0xC7,0x00,0x00,0x00,0x85,0x00,0x05,0x00,
        0x16,0x00,0x00,0x00,0xCA,0x00,0x00,0x00,0xC8,0x00,0x00,0x00,0xC9,0x00,0x00,0x00,
        0x6E,0x00,0x04,0x00,0x15,0x00,0x00,0x00,0xCB,0x00,0x00,0x00,0xCA,0x00,0x00,0x00,
        0x3E,0x00,0x03,0x00,0xBE,0x00,0x00,0x00,0xCB,0x00,0x00,0x00,0x3D,0x00,0x04,0x00,
        0x06,0x00,0x00,0x00,0xD0,0x00,0x00,0x00,0x2A,0x00,0x00,0x00,0x3D,0x00,0x04,0x00,
        0x15,0x00,0x00,0x00,0xD1,0x00,0x00,0x00,0xBE,0x00,0x00,0x00,0x6F,0x00,0x04,0x00,
        0x16,0x00,0x00,0x00,0xD2,0x00,0x00,0x00,0xD1,0x00,0x00,0x00,0x3D,0x00,0x04,0x00,
        0x16,0x00,0x00,0x00,0xD3,0x00,0x00,0x00,0x94,0x00,0x00,0x00,0x85,0x00,0x05,0x00,
        0x16,0x00,0x00,0x00,0xD5,0x00,0x00,0x00,0xD3,0x00,0x00,0x00,0xD4,0x00,0x00,0x00,
        0x3D,0x00,0x04,0x00,0x16,0x00,0x00,0x00,0xD6,0x00,0x00,0x00,0x8E,0x00,0x00,0x00,
        0x85,0x00,0x05,0x00,0x16,0x00,0x00,0x00,0xD8,0x00,0x00,0x00,0xD6,0x00,0x00,0x00,
        0xD7,0x00,0x00,0x00,0x81,0x00,0x05,0x00,0x16,0x00,0x00,0x00,0xD9,0x00,0x00,0x00,
        0xD5,0x00,0x00,0x00,0xD8,0x00,0x00,0x00,0x3D,0x00,0x04,0x00,0x16,0x00,0x00,0x00,
        0xDA,0x00,0x00,0x00,0x91,0x00,0x00,0x00,0x85,0x00,0x05,0x00,0x16,0x00,0x00,0x00,
        0xDC,0x00,0x00,0x00,0xDA,0x00,0x00,0x00,0xDB,0x00,0x00,0x00,0x81,0x00,0x05,0x00,
        0x16,0x00,0x00,0x00,0xDD,0x00,0x00,0x00,0xD9,0x00,0x00,0x00,0xDC,0x00,0x00,0x00,
        0x0C,0x00,0x06,0x00,0x16,0x00,0x00,0x00,0xDE,0x00,0x00,0x00,0x01,0x00,0x00,0x00,
        0x0D,0x00,0x00,0x00,0xDD,0x00,0x00,0x00,0x85,0x00,0x05,0x00,0x16,0x00,0x00,0x00,
        0xDF,0x00,0x00,0x00,0xDE,0x00,0x00,0x00,0xC9,0x00,0x00,0x00,0x83,0x00,0x05,0x00,
        0x16,0x00,0x00,0x00,0xE0,0x00,0x00,0x00,0xD2,0x00,0x00,0x00,0xDF,0x00,0x00,0x00,
        0x6E,0x00,0x04,0x00,0x15,0x00,0x00,0x00,0xE1,0x00,0x00,0x00,0xE0,0x00,0x00,0x00,
        0x41,0x00,0x06,0x00,0x51,0x00,0x00,0x00,0xE2,0x00,0x00,0x00,0xCF,0x00,0x00,0x00,
        0x1A,0x00,0x00,0x00,0xD0,0x00,0x00,0x00,0x3E,0x00,0x03,0x00,0xE2,0x00,0x00,0x00,
        0xE1,0x00,0x00,0x00,0xF9,0x00,0x02,0x00,0x8C,0x00,0x00,0x00,0xF8,0x00,0x02,0x00,
        0x8C,0x00,0x00,0x00,0xFD,0x00,0x01,0x00,0x38,0x00,0x01,0x00,
    };
    inline const size_t g_spv_water_comp_spv_size = sizeof(g_spv_water_comp_spv);

    inline std::vector<char> GetEmbeddedSPV(const std::string& name) {
        if (name == "batch.frag.spv") return std::vector<char>(reinterpret_cast<const char*>(g_spv_batch_frag_spv), reinterpret_cast<const char*>(g_spv_batch_frag_spv) + g_spv_batch_frag_spv_size);
        if (name == "batch.vert.spv") return std::vector<char>(reinterpret_cast<const char*>(g_spv_batch_vert_spv), reinterpret_cast<const char*>(g_spv_batch_vert_spv) + g_spv_batch_vert_spv_size);
        if (name == "cloth.comp.spv") return std::vector<char>(reinterpret_cast<const char*>(g_spv_cloth_comp_spv), reinterpret_cast<const char*>(g_spv_cloth_comp_spv) + g_spv_cloth_comp_spv_size);
        if (name == "cloth.frag.spv") return std::vector<char>(reinterpret_cast<const char*>(g_spv_cloth_frag_spv), reinterpret_cast<const char*>(g_spv_cloth_frag_spv) + g_spv_cloth_frag_spv_size);
        if (name == "cloth.vert.spv") return std::vector<char>(reinterpret_cast<const char*>(g_spv_cloth_vert_spv), reinterpret_cast<const char*>(g_spv_cloth_vert_spv) + g_spv_cloth_vert_spv_size);
        if (name == "general.frag.spv") return std::vector<char>(reinterpret_cast<const char*>(g_spv_general_frag_spv), reinterpret_cast<const char*>(g_spv_general_frag_spv) + g_spv_general_frag_spv_size);
        if (name == "general.vert.spv") return std::vector<char>(reinterpret_cast<const char*>(g_spv_general_vert_spv), reinterpret_cast<const char*>(g_spv_general_vert_spv) + g_spv_general_vert_spv_size);
        if (name == "image.frag.spv") return std::vector<char>(reinterpret_cast<const char*>(g_spv_image_frag_spv), reinterpret_cast<const char*>(g_spv_image_frag_spv) + g_spv_image_frag_spv_size);
        if (name == "image.vert.spv") return std::vector<char>(reinterpret_cast<const char*>(g_spv_image_vert_spv), reinterpret_cast<const char*>(g_spv_image_vert_spv) + g_spv_image_vert_spv_size);
        if (name == "shadow.frag.spv") return std::vector<char>(reinterpret_cast<const char*>(g_spv_shadow_frag_spv), reinterpret_cast<const char*>(g_spv_shadow_frag_spv) + g_spv_shadow_frag_spv_size);
        if (name == "shadow.vert.spv") return std::vector<char>(reinterpret_cast<const char*>(g_spv_shadow_vert_spv), reinterpret_cast<const char*>(g_spv_shadow_vert_spv) + g_spv_shadow_vert_spv_size);
        if (name == "sprite.frag.spv") return std::vector<char>(reinterpret_cast<const char*>(g_spv_sprite_frag_spv), reinterpret_cast<const char*>(g_spv_sprite_frag_spv) + g_spv_sprite_frag_spv_size);
        if (name == "sprite.vert.spv") return std::vector<char>(reinterpret_cast<const char*>(g_spv_sprite_vert_spv), reinterpret_cast<const char*>(g_spv_sprite_vert_spv) + g_spv_sprite_vert_spv_size);
        if (name == "terrain.frag.spv") return std::vector<char>(reinterpret_cast<const char*>(g_spv_terrain_frag_spv), reinterpret_cast<const char*>(g_spv_terrain_frag_spv) + g_spv_terrain_frag_spv_size);
        if (name == "terrain.vert.spv") return std::vector<char>(reinterpret_cast<const char*>(g_spv_terrain_vert_spv), reinterpret_cast<const char*>(g_spv_terrain_vert_spv) + g_spv_terrain_vert_spv_size);
        if (name == "water.comp.spv") return std::vector<char>(reinterpret_cast<const char*>(g_spv_water_comp_spv), reinterpret_cast<const char*>(g_spv_water_comp_spv) + g_spv_water_comp_spv_size);
        return std::vector<char>();
    }
}
